source_file,scenario_id,experiment,status,structure,instance,difficulty,input_num_processes,num_entities,num_variables,num_cores,weights,pipeline,qubit_max,layers,steps,top_k,random_seed,io_alpha,energy,brute_force_energy,sa_energy,feasible,recorded_optimal,strict_optimal,optimal,sa_strict_optimal,optimality_gap,absolute_gap,recorded_qaoa_sa_agreement,qaoa_sa_agreement,load_imbalance,solve_time_ms,convergence_iterations,max_subqubo_convergence_iterations,num_sub_qubos,brute_force_solve_time_ms,annealing_solve_time_ms,workload_ms,clustering_ms,decomposition_ms,qubo_build_ms,qaoa_ms,reconstruction_ms,validation_ms,operational_validation_ms,experimental_baselines_ms,cluster_num_bundles,cluster_purity,intra_cluster_coupling_mean,inter_cluster_coupling_mean,cluster_bundles,operational_total_ms
sweep_20260627_173015_a8b15101_results.jsonl,E1a.1,E1a,success,dominant,dom060,0.6,6,6,12,2,"[0.08, 0.08, 0.08, 0.08, 0.08, 0.6]",iterative,6,1,100,3,101,0.5,-30.479999999999997,-30.479999999999997,-30.479999999999997,True,True,True,True,True,0.0,0.0,True,True,0.19999999999999996,2301.3215420014603,,5,2,79.18238639831543,305.81007600085286,0.009019999197334982,0.0,0.02167000093322713,0.17886199930217117,2301.719492999837,0.04712000009021722,385.08011599878955,0.0876535996212624,384.9924623991683,,,,,[],2302.063818598981
sweep_20260627_173015_a8b15101_results.jsonl,E1a.2,E1a,success,dominant,dom060,0.6,6,6,12,2,"[0.08, 0.08, 0.08, 0.08, 0.08, 0.6]",iterative,6,1,100,3,102,0.5,-30.479999999999997,-30.479999999999997,-30.479999999999997,True,True,True,True,True,0.0,0.0,True,True,0.19999999999999996,1946.4833270012605,,3,2,76.57694816589355,301.8867449991376,0.00664000071992632,0.0,0.01852999957918655,0.14838999959465582,1947.1733790014696,0.04116999843972735,378.5578870010795,0.09419383604836185,378.46369316503115,,,,,[],1947.4823028358514
sweep_20260627_173015_a8b15101_results.jsonl,E1a.3,E1a,success,dominant,dom060,0.6,6,6,12,2,"[0.08, 0.08, 0.08, 0.08, 0.08, 0.6]",iterative,6,1,100,3,103,0.5,-30.479999999999997,-30.479999999999997,-30.479999999999997,True,True,True,True,True,0.0,0.0,True,True,0.19999999999999996,2014.8901550001028,,7,2,79.05387878417969,302.496667000014,0.006689999281661585,0.0,0.01653099934628699,0.15068000175233465,2015.560727000775,0.039560001823701896,381.6618870005186,0.11134121632494498,381.5505457841937,,,,,[],2015.8855292193039
sweep_20260627_173015_a8b15101_results.jsonl,E1a.4,E1a,success,dominant,dom060,0.6,6,6,12,2,"[0.08, 0.08, 0.08, 0.08, 0.08, 0.6]",iterative,6,1,100,3,104,0.5,-30.479999999999997,-30.479999999999997,-30.479999999999997,True,True,True,True,True,0.0,0.0,True,True,0.19999999999999996,1952.4702750004508,,4,2,78.2005786895752,304.0908210005,0.006189999112393707,0.0,0.016570000298088416,0.1534609982627444,1953.1210269979056,0.03792999996221624,382.37564799965185,0.08424830957665108,382.2913996900752,,,,,[],1953.4194263051177
sweep_20260627_173015_a8b15101_results.jsonl,E1a.5,E1a,success,dominant,dom060,0.6,6,6,12,2,"[0.08, 0.08, 0.08, 0.08, 0.08, 0.6]",iterative,6,1,100,3,105,0.5,-30.479999999999997,-30.479999999999997,-30.479999999999997,True,True,True,True,True,0.0,0.0,True,True,0.19999999999999996,2018.1862539993745,,3,2,79.41198348999023,311.43082400012645,0.00599000122747384,0.0,0.01601000076334458,0.1523710016044788,2018.8524069999403,0.03977999949711375,390.9291449999728,0.08633750985609367,390.8428074901167,,,,,[],2019.1528955128888
sweep_20260627_173015_a8b15101_results.jsonl,E1a.6,E1a,success,dominant,dom060,0.6,6,6,12,2,"[0.08, 0.08, 0.08, 0.08, 0.08, 0.6]",iterative,6,1,100,10,101,0.5,-30.479999999999997,-30.479999999999997,-30.479999999999997,True,True,True,True,True,0.0,0.0,True,True,0.19999999999999996,1957.1347189994412,,5,2,78.58014106750488,308.6179349993472,0.006049998773960397,0.0,0.0159699993673712,0.143940000270959,1957.818890999988,0.03972099693783093,387.2763039998972,0.07822793304512743,387.1980760668521,,,,,[],1958.1027999283833
sweep_20260627_173015_a8b15101_results.jsonl,E1a.7,E1a,success,dominant,dom060,0.6,6,6,12,2,"[0.08, 0.08, 0.08, 0.08, 0.08, 0.6]",iterative,6,1,100,10,102,0.5,-30.479999999999997,-30.479999999999997,-30.479999999999997,True,True,True,True,True,0.0,0.0,True,True,0.19999999999999996,2018.35000400024,,3,2,78.60183715820312,324.0210109997861,0.006059999577701092,0.0,0.016170000890269876,0.14541999917128123,2019.0107060006994,0.03812099930655677,402.7085200013971,0.08567184340790845,402.6228481579892,,,,,[],2019.3021488430531
sweep_20260627_173015_a8b15101_results.jsonl,E1a.8,E1a,success,dominant,dom060,0.6,6,6,12,2,"[0.08, 0.08, 0.08, 0.08, 0.08, 0.6]",iterative,6,1,100,10,103,0.5,-30.479999999999997,-30.479999999999997,-30.479999999999997,True,True,True,True,True,0.0,0.0,True,True,0.19999999999999996,2021.8361749994074,,7,2,79.07629013061523,305.44298499989964,0.006120999387349002,0.0,0.016199999663513154,0.16374099868698977,2022.5078069997835,0.03943000047001988,384.59645500006445,0.07717986954958178,384.51927513051487,,,,,[],2022.810478867541
sweep_20260627_173015_a8b15101_results.jsonl,E1a.9,E1a,success,dominant,dom060,0.6,6,6,12,2,"[0.08, 0.08, 0.08, 0.08, 0.08, 0.6]",iterative,6,1,100,10,104,0.5,-30.479999999999997,-30.479999999999997,-30.479999999999997,True,True,True,True,True,0.0,0.0,True,True,0.19999999999999996,1954.608942998675,,4,2,78.49645614624023,309.20884700026363,0.007910000931588002,0.0,0.016999998479150236,0.14486099826171994,1955.2668650012492,0.038410000342992134,387.7843450009095,0.07904185440565925,387.70530314650387,,,,,[],1955.5540878536704
sweep_20260627_173015_a8b15101_results.jsonl,E1a.10,E1a,success,dominant,dom060,0.6,6,6,12,2,"[0.08, 0.08, 0.08, 0.08, 0.08, 0.6]",iterative,6,1,100,10,105,0.5,-30.479999999999997,-30.479999999999997,-30.479999999999997,True,True,True,True,True,0.0,0.0,True,True,0.19999999999999996,2030.5463719996624,,3,2,78.98378372192383,307.68695200094953,0.006010001015965827,0.0,0.016230000255745836,0.15120099851628765,2031.206984001983,0.042069999835803173,386.75456199962355,0.08382627675018739,386.67073572287336,,,,,[],2031.506321278357
sweep_20260627_173015_a8b15101_results.jsonl,E1a.11,E1a,success,dominant,dom060,0.6,6,6,12,2,"[0.08, 0.08, 0.08, 0.08, 0.08, 0.6]",iterative,6,2,100,3,101,0.5,-30.479999999999997,-30.479999999999997,-30.479999999999997,True,True,True,True,True,0.0,0.0,True,True,0.19999999999999996,3023.0884089996835,,4,2,77.97551155090332,305.03123400012555,0.006379999831551686,0.0,0.01660999987507239,0.164491000759881,3023.7569810014975,0.03848000051220879,383.0838199992286,0.07707444819970988,383.00674555102887,,,,,[],3024.060016450676
sweep_20260627_173015_a8b15101_results.jsonl,E1a.12,E1a,success,dominant,dom060,0.6,6,6,12,2,"[0.08, 0.08, 0.08, 0.08, 0.08, 0.6]",iterative,6,2,100,3,102,0.5,-30.4352,-30.479999999999997,-30.479999999999997,True,False,False,False,True,0.001469816272965786,0.04479999999999862,False,False,0.35999999999999993,2986.635939001644,,10,2,78.88007164001465,303.1696279995231,0.005859999873791821,0.0,0.0161299994942965,0.14568999722541776,2987.3132110005827,0.03984000068157911,382.1554179994564,0.10571835991868284,382.0496996395377,,,,,[],2987.6264493577764
sweep_20260627_173015_a8b15101_results.jsonl,E1a.13,E1a,success,dominant,dom060,0.6,6,6,12,2,"[0.08, 0.08, 0.08, 0.08, 0.08, 0.6]",iterative,6,2,100,3,103,0.5,-30.4352,-30.479999999999997,-30.479999999999997,True,False,False,False,True,0.001469816272965786,0.04479999999999862,False,False,0.35999999999999993,2981.9828050003707,,11,2,79.43964004516602,310.1462900012848,0.006300000677583739,0.0,0.016309999409713782,0.1436809998267563,2982.6786869998614,0.038951000533415936,389.6789699992951,0.09303995284426492,389.5859300464508,,,,,[],2982.976968953153
sweep_20260627_173015_a8b15101_results.jsonl,E1a.14,E1a,success,dominant,dom060,0.6,6,6,12,2,"[0.08, 0.08, 0.08, 0.08, 0.08, 0.6]",iterative,6,2,100,3,104,0.5,-30.4352,-30.479999999999997,-30.479999999999997,True,False,False,False,True,0.001469816272965786,0.04479999999999862,False,False,0.35999999999999993,2993.6995999996725,,7,2,78.86052131652832,306.8217589989217,0.006909998774062842,0.0,0.015780000467202626,0.14971000018704217,2994.4162120009423,0.03868999920086935,385.7588089995261,0.07652868407603819,385.68228031545004,,,,,[],2994.7038306836475
sweep_20260627_173015_a8b15101_results.jsonl,E1a.15,E1a,success,dominant,dom060,0.6,6,6,12,2,"[0.08, 0.08, 0.08, 0.08, 0.08, 0.6]",iterative,6,2,100,3,105,0.5,-30.479999999999997,-30.479999999999997,-30.479999999999997,True,True,True,True,True,0.0,0.0,True,True,0.19999999999999996,3023.168510000687,,2,2,79.37502861022949,306.4536780002527,0.0059300000430084765,0.0,0.016179999875021167,0.1469609997002408,3023.850592000599,0.03817000106209889,385.9097990007285,0.08109239024634007,385.8287066104822,,,,,[],3024.138925391526
sweep_20260627_173015_a8b15101_results.jsonl,E1a.16,E1a,success,dominant,dom060,0.6,6,6,12,2,"[0.08, 0.08, 0.08, 0.08, 0.08, 0.6]",iterative,6,2,100,10,101,0.5,-30.479999999999997,-30.479999999999997,-30.479999999999997,True,True,True,True,True,0.0,0.0,True,True,0.19999999999999996,3018.258735000927,,4,2,78.89199256896973,306.6111190000811,0.006250000296859071,0.0,0.016259999028989114,0.15008100126578938,3018.9662969987694,0.039709999327897094,385.5874280015996,0.08431643254880328,385.5031115690508,,,,,[],3019.2629144312377
sweep_20260627_173015_a8b15101_results.jsonl,E1a.17,E1a,success,dominant,dom060,0.6,6,6,12,2,"[0.08, 0.08, 0.08, 0.08, 0.08, 0.6]",iterative,6,2,100,10,102,0.5,-30.479999999999997,-30.479999999999997,-30.479999999999997,True,True,True,True,True,0.0,0.0,True,True,0.19999999999999996,2988.2352740005445,,7,2,78.23944091796875,303.8014800004021,0.005909998435527086,0.0,0.015720001101726666,0.13704099910682999,2988.9387560015166,0.03894999827025458,382.12128699888126,0.08036608051043004,382.04092091837083,,,,,[],2989.2167430789414
sweep_20260627_173015_a8b15101_results.jsonl,E1a.18,E1a,success,dominant,dom060,0.6,6,6,12,2,"[0.08, 0.08, 0.08, 0.08, 0.08, 0.6]",iterative,6,2,100,10,103,0.5,-30.479999999999997,-30.479999999999997,-30.479999999999997,True,True,True,True,True,0.0,0.0,True,True,0.19999999999999996,3003.141628998492,,7,2,79.70333099365234,310.9349420010403,0.006769998435629532,0.0,0.01655000050959643,0.1466510020691203,3003.834191000351,0.03898999966622796,390.7250740012387,0.0868010065460112,390.63827299469267,,,,,[],3004.1299530075776
sweep_20260627_173015_a8b15101_results.jsonl,E1a.19,E1a,success,dominant,dom060,0.6,6,6,12,2,"[0.08, 0.08, 0.08, 0.08, 0.08, 0.6]",iterative,6,2,100,10,104,0.5,-30.479999999999997,-30.479999999999997,-30.479999999999997,True,True,True,True,True,0.0,0.0,True,True,0.19999999999999996,2987.8136520001135,,7,2,80.32345771789551,307.06670000108716,0.008560000424040481,0.0,0.021920001017861068,0.17676000061328523,2988.5333350011933,0.038849997508805245,387.4844940000912,0.09433628110855352,387.39015771898266,,,,,[],2988.873761281866
sweep_20260627_173015_a8b15101_results.jsonl,E1a.20,E1a,success,dominant,dom060,0.6,6,6,12,2,"[0.08, 0.08, 0.08, 0.08, 0.08, 0.6]",iterative,6,2,100,10,105,0.5,-30.479999999999997,-30.479999999999997,-30.479999999999997,True,True,True,True,True,0.0,0.0,True,True,0.19999999999999996,3006.716919999235,,2,2,79.0255069732666,312.391266999839,0.006599999323952943,0.0,0.0158200000441866,0.158520002514706,3007.393511999908,0.03907000063918531,391.4963669994904,0.07959302638482768,391.4167739731056,,,,,[],3007.6931150288146
sweep_20260627_173015_a8b15101_results.jsonl,E1a.21,E1a,success,dominant,dom070,0.7,6,6,12,2,"[0.06, 0.06, 0.06, 0.06, 0.06, 0.7]",iterative,6,1,100,3,101,0.5,-30.42,-30.42,-30.42,True,True,True,True,True,0.0,0.0,True,True,0.39999999999999997,2031.6915059993335,,5,2,78.63521575927734,304.5850029993744,0.005989999408484437,0.0,0.015789999451953918,0.14345099953061435,2032.3439269996015,0.03858000127365813,383.30083199980436,0.08061324115260504,383.22021875865175,,,,,[],2032.6283512404189
sweep_20260627_173015_a8b15101_results.jsonl,E1a.22,E1a,success,dominant,dom070,0.7,6,6,12,2,"[0.06, 0.06, 0.06, 0.06, 0.06, 0.7]",iterative,6,1,100,3,102,0.5,-30.42,-30.42,-30.42,True,True,True,True,True,0.0,0.0,True,True,0.39999999999999997,2012.2428570011834,,3,2,78.40108871459961,292.2705759992823,0.005660000169882551,0.0,0.016530000721104443,0.14466100037680008,2012.9085089993168,0.038530999518116005,370.7489130010799,0.07724828719801735,370.6716647138819,,,,,[],2013.1911392873008
sweep_20260627_173015_a8b15101_results.jsonl,E1a.23,E1a,success,dominant,dom070,0.7,6,6,12,2,"[0.06, 0.06, 0.06, 0.06, 0.06, 0.7]",iterative,6,1,100,3,103,0.5,-30.42,-30.42,-30.42,True,True,True,True,True,0.0,0.0,True,True,0.39999999999999997,1950.1368390010612,,7,2,78.64761352539062,304.54750200078706,0.007919999916339293,0.0,0.021370000467868522,0.16667999989294913,1950.8204310004658,0.0382999969588127,383.27581099838426,0.08069547220657114,383.1951155261777,,,,,[],1951.1353964699083
sweep_20260627_173015_a8b15101_results.jsonl,E1a.24,E1a,success,dominant,dom070,0.7,6,6,12,2,"[0.06, 0.06, 0.06, 0.06, 0.06, 0.7]",iterative,6,1,100,3,104,0.5,-30.42,-30.42,-30.42,True,True,True,True,True,0.0,0.0,True,True,0.39999999999999997,2015.3488159994595,,4,2,77.99172401428223,295.41162500026985,0.005759999112342484,0.0,0.015440000424860045,0.14634199942520354,2016.017648000343,0.03899999865097925,373.48741099958715,0.08406198503507767,373.4033490145521,,,,,[],2016.3082519829914
sweep_20260627_173015_a8b15101_results.jsonl,E1a.25,E1a,success,dominant,dom070,0.7,6,6,12,2,"[0.06, 0.06, 0.06, 0.06, 0.06, 0.7]",iterative,6,1,100,3,105,0.5,-30.42,-30.42,-30.42,True,True,True,True,True,0.0,0.0,True,True,0.39999999999999997,1958.5524929971143,,3,2,78.84907722473145,304.259901999103,0.005849999070051126,0.0,0.016009998944355175,0.14334999832499307,1959.2095449988847,0.03873000059684273,383.1934209993051,0.08444177547062282,383.10897922383447,,,,,[],1959.4979267712915
sweep_20260627_173015_a8b15101_results.jsonl,E1a.26,E1a,success,dominant,dom070,0.7,6,6,12,2,"[0.06, 0.06, 0.06, 0.06, 0.06, 0.7]",iterative,6,1,100,10,101,0.5,-30.42,-30.42,-30.42,True,True,True,True,True,0.0,0.0,True,True,0.39999999999999997,2016.4429289998225,,5,2,78.4921646118164,300.33352999998897,0.0063400002545677125,0.0,0.015839999832678586,0.1440699998056516,2017.1524610013876,0.038869999116286635,378.9126780011429,0.08698338933754712,378.8256946118054,,,,,[],2017.4445643897343
sweep_20260627_173015_a8b15101_results.jsonl,E1a.27,E1a,success,dominant,dom070,0.7,6,6,12,2,"[0.06, 0.06, 0.06, 0.06, 0.06, 0.7]",iterative,6,1,100,10,102,0.5,-30.42,-30.42,-30.42,True,True,True,True,True,0.0,0.0,True,True,0.39999999999999997,1962.8969369987317,,3,2,79.80608940124512,307.29543100096635,0.006000000212225132,0.0,0.01594099921931047,0.15291999989131,1963.567269001942,0.04025999987788964,387.18258300104935,0.0810625988378888,387.10152040221146,,,,,[],1963.8634525999805
sweep_20260627_173015_a8b15101_results.jsonl,E1a.28,E1a,success,dominant,dom070,0.7,6,6,12,2,"[0.06, 0.06, 0.06, 0.06, 0.06, 0.7]",iterative,6,1,100,10,103,0.5,-30.42,-30.42,-30.42,True,True,True,True,True,0.0,0.0,True,True,0.39999999999999997,2019.8057999987213,,7,2,78.43565940856934,299.3179369987047,0.005899999450775795,0.0,0.01613999847904779,0.14698999984830152,2020.4852420010866,0.039790000300854445,377.8335050010355,0.07990859376150183,377.753596407274,,,,,[],2020.773970592927
sweep_20260627_173015_a8b15101_results.jsonl,E1a.29,E1a,success,dominant,dom070,0.7,6,6,12,2,"[0.06, 0.06, 0.06, 0.06, 0.06, 0.7]",iterative,6,1,100,10,104,0.5,-30.42,-30.42,-30.42,True,True,True,True,True,0.0,0.0,True,True,0.39999999999999997,1960.9810509991803,,4,2,79.40053939819336,301.70996400011063,0.008119999620248564,0.0,0.0249700005952036,0.18586999794933945,1961.7217230006645,0.041440001950832084,381.19065499995486,0.08015160165086854,381.110503398304,,,,,[],1962.062274602431
sweep_20260627_173015_a8b15101_results.jsonl,E1a.30,E1a,success,dominant,dom070,0.7,6,6,12,2,"[0.06, 0.06, 0.06, 0.06, 0.06, 0.7]",iterative,6,1,100,10,105,0.5,-30.42,-30.42,-30.42,True,True,True,True,True,0.0,0.0,True,True,0.39999999999999997,2012.326877000305,,3,2,78.22656631469727,303.92214099993,0.006539999958476983,0.0,0.016050000340328552,0.14469100096903276,2012.9890190000879,0.03843000013148412,382.22568800119916,0.0769806865719147,382.14870731462725,,,,,[],2013.271710688059
sweep_20260627_173015_a8b15101_results.jsonl,E1a.31,E1a,success,dominant,dom070,0.7,6,6,12,2,"[0.06, 0.06, 0.06, 0.06, 0.06, 0.7]",iterative,6,2,100,3,101,0.5,-30.42,-30.42,-30.42,True,True,True,True,True,0.0,0.0,True,True,0.39999999999999997,2990.282130000196,,4,2,79.1330337524414,301.56651300058,0.006249998477869667,0.0,0.016099998902063817,0.13613100054499228,2990.9591220002767,0.03837000076600816,380.7819230005407,0.08237624751927797,380.6995467530214,,,,,[],2991.238349246487
sweep_20260627_173015_a8b15101_results.jsonl,E1a.32,E1a,success,dominant,dom070,0.7,6,6,12,2,"[0.06, 0.06, 0.06, 0.06, 0.06, 0.7]",iterative,6,2,100,3,102,0.5,-30.364800000000002,-30.42,-30.42,True,False,False,False,True,0.0018145956607494226,0.05519999999999925,False,False,0.52,3000.308660000883,,10,2,79.94484901428223,305.62821599960444,0.00675999945087824,0.0,0.015870000424911268,0.14691000251332298,3001.0147920002055,0.03992999882029835,385.6580079991545,0.08494298526784405,385.57306501388666,,,,,[],3001.3092049866827
sweep_20260627_173015_a8b15101_results.jsonl,E1a.33,E1a,success,dominant,dom070,0.7,6,6,12,2,"[0.06, 0.06, 0.06, 0.06, 0.06, 0.7]",iterative,6,2,100,3,103,0.5,-30.364800000000002,-30.42,-30.42,True,False,False,False,True,0.0018145956607494226,0.05519999999999925,False,False,0.52,3001.213223000377,,11,2,78.36008071899414,299.40226700091443,0.007040000127744861,0.0,0.016110001524793915,0.14210100016498473,3001.897154999824,0.03882999953930266,377.843964000931,0.08161628102243412,377.7623477199086,,,,,[],3002.1828522822034
sweep_20260627_173015_a8b15101_results.jsonl,E1a.34,E1a,success,dominant,dom070,0.7,6,6,12,2,"[0.06, 0.06, 0.06, 0.06, 0.06, 0.7]",iterative,6,2,100,3,104,0.5,-30.364800000000002,-30.42,-30.42,True,False,False,False,True,0.0018145956607494226,0.05519999999999925,False,False,0.52,2983.7170490009157,,9,2,79.66852188110352,306.97789000078046,0.005820000296807848,0.0,0.015530000382568687,0.13871000192011707,2984.392201000446,0.03905000085069332,386.724971998774,0.07856011689000297,386.646411881884,,,,,[],2984.6698711207864
sweep_20260627_173015_a8b15101_results.jsonl,E1a.35,E1a,success,dominant,dom070,0.7,6,6,12,2,"[0.06, 0.06, 0.06, 0.06, 0.06, 0.7]",iterative,6,2,100,3,105,0.5,-30.42,-30.42,-30.42,True,True,True,True,True,0.0,0.0,True,True,0.39999999999999997,3007.219119999718,,2,2,78.23586463928223,297.09595999884186,0.006669999493169598,0.0,0.015949999578879215,0.14553000073647127,3007.9032919984456,0.03918999937013723,375.4177079990768,0.08588336095272098,375.3318246381241,,,,,[],3008.196515358577
sweep_20260627_173015_a8b15101_results.jsonl,E1a.36,E1a,success,dominant,dom070,0.7,6,6,12,2,"[0.06, 0.06, 0.06, 0.06, 0.06, 0.7]",iterative,6,2,100,10,101,0.5,-30.42,-30.42,-30.42,True,True,True,True,True,0.0,0.0,True,True,0.39999999999999997,3030.9292629972333,,4,2,77.90040969848633,294.47589200026414,0.006469999789260328,0.0,0.016429999959655106,0.15045999680296518,3031.6202560006786,0.038070000300649554,372.46251899887284,0.08621730012237094,372.37630169875047,,,,,[],3031.9179032976535
sweep_20260627_173015_a8b15101_results.jsonl,E1a.37,E1a,success,dominant,dom070,0.7,6,6,12,2,"[0.06, 0.06, 0.06, 0.06, 0.06, 0.7]",iterative,6,2,100,10,102,0.5,-30.42,-30.42,-30.42,True,True,True,True,True,0.0,0.0,True,True,0.39999999999999997,3011.5952940013813,,8,2,78.6600112915039,303.0573980013287,0.006629999916185625,0.0,0.016289999621221796,0.15220999739540275,3012.2762660012086,0.03887000093527604,381.7943969988846,0.07698770605202299,381.7174092928326,,,,,[],3012.5672537051287
sweep_20260627_173015_a8b15101_results.jsonl,E1a.38,E1a,success,dominant,dom070,0.7,6,6,12,2,"[0.06, 0.06, 0.06, 0.06, 0.06, 0.7]",iterative,6,2,100,10,103,0.5,-30.42,-30.42,-30.42,True,True,True,True,True,0.0,0.0,True,True,0.39999999999999997,2977.365770999313,,7,2,78.50503921508789,298.31211300006544,0.005640000381390564,0.0,0.015499999790336005,0.1477210043958621,2978.0583629999455,0.03911999738193117,376.89460100045835,0.0774487853050232,376.8171522151533,,,,,[],2978.3437927872
sweep_20260627_173015_a8b15101_results.jsonl,E1a.39,E1a,success,dominant,dom070,0.7,6,6,12,2,"[0.06, 0.06, 0.06, 0.06, 0.06, 0.7]",iterative,6,2,100,10,104,0.5,-30.42,-30.42,-30.42,True,True,True,True,True,0.0,0.0,True,True,0.39999999999999997,3001.8656749998627,,10,2,80.09052276611328,304.2801720002899,0.0060799993661930785,0.0,0.015601000995957293,0.1491799994255416,3002.5913970002875,0.03885000114678405,384.4509840000683,0.08028923366509844,384.3706947664032,,,,,[],3002.881397234887
sweep_20260627_173015_a8b15101_results.jsonl,E1a.40,E1a,success,dominant,dom070,0.7,6,6,12,2,"[0.06, 0.06, 0.06, 0.06, 0.06, 0.7]",iterative,6,2,100,10,105,0.5,-30.42,-30.42,-30.42,True,True,True,True,True,0.0,0.0,True,True,0.39999999999999997,2999.285266998413,,2,2,79.32400703430176,303.88980099996843,0.005559999408433214,0.0,0.015700999938417226,0.14047100012248848,2999.9640289988747,0.03875999937008601,383.2917309991899,0.07792296491970774,383.2138080342702,,,,,[],3000.242443962634
sweep_20260627_173015_a8b15101_results.jsonl,E1a.41,E1a,success,dominant,dom080,0.8,6,6,12,2,"[0.04, 0.04, 0.04, 0.04, 0.04, 0.8]",iterative,6,1,100,3,101,0.5,-30.320000000000004,-30.320000000000004,-30.320000000000004,True,True,True,True,True,0.0,0.0,True,True,0.6000000000000001,2018.9043569989735,,5,2,76.58720016479492,291.8219540006248,0.006210000719875097,0.0,0.015659999917261302,0.137249999170308,2019.559319000109,0.03891000051226001,368.4937259986327,0.08457183321297634,368.40915416541975,,,,,[],2019.8419208336418
sweep_20260627_173015_a8b15101_results.jsonl,E1a.42,E1a,success,dominant,dom080,0.8,6,6,12,2,"[0.04, 0.04, 0.04, 0.04, 0.04, 0.8]",iterative,6,1,100,3,102,0.5,-30.320000000000004,-30.320000000000004,-30.320000000000004,True,True,True,True,True,0.0,0.0,True,True,0.6000000000000001,2019.7473890002584,,3,2,79.10346984863281,301.550104000853,0.006430000212276354,0.0,0.01596100082679186,0.1459400009480305,2020.428821002497,0.03992000165453646,380.7328140010213,0.0792401515354868,380.65357384948584,,,,,[],2020.716312157674
sweep_20260627_173015_a8b15101_results.jsonl,E1a.43,E1a,success,dominant,dom080,0.8,6,6,12,2,"[0.04, 0.04, 0.04, 0.04, 0.04, 0.8]",iterative,6,1,100,3,103,0.5,-30.268800000000002,-30.320000000000004,-30.320000000000004,True,False,False,False,True,0.0016886543535619978,0.05120000000000147,False,False,0.68,1950.8431510021182,,3,2,77.99601554870605,291.124231998765,0.006059999577701092,0.0,0.015670000721001998,0.14132099931885023,1951.5078530002938,0.03822999860858545,369.196337998801,0.07609045132994652,369.1202475474711,,,,,[],1951.78522444985
sweep_20260627_173015_a8b15101_results.jsonl,E1a.44,E1a,success,dominant,dom080,0.8,6,6,12,2,"[0.04, 0.04, 0.04, 0.04, 0.04, 0.8]",iterative,6,1,100,3,104,0.5,-30.320000000000004,-30.320000000000004,-30.320000000000004,True,True,True,True,True,0.0,0.0,True,True,0.6000000000000001,2017.2114609995333,,4,2,78.89533042907715,300.54956099957053,0.005630001396639273,0.0,0.01607000012882054,0.1441000022168737,2017.8827029994864,0.039179998566396534,379.53150999965146,0.08661857100378256,379.4448914286477,,,,,[],2018.1743015727989
sweep_20260627_173015_a8b15101_results.jsonl,E1a.45,E1a,success,dominant,dom080,0.8,6,6,12,2,"[0.04, 0.04, 0.04, 0.04, 0.04, 0.8]",iterative,6,1,100,3,105,0.5,-30.320000000000004,-30.320000000000004,-30.320000000000004,True,True,True,True,True,0.0,0.0,True,True,0.6000000000000001,1946.1920759986242,,3,2,79.02669906616211,297.0090500002698,0.008019998858799227,0.0,0.021239999114186503,0.170150002304581,1946.8909679981152,0.038880001739016734,376.1425890006649,0.10683993423299398,376.0357490664319,,,,,[],1947.2360979343648
sweep_20260627_173015_a8b15101_results.jsonl,E1a.46,E1a,success,dominant,dom080,0.8,6,6,12,2,"[0.04, 0.04, 0.04, 0.04, 0.04, 0.8]",iterative,6,1,100,10,101,0.5,-30.320000000000004,-30.320000000000004,-30.320000000000004,True,True,True,True,True,0.0,0.0,True,True,0.6000000000000001,2015.2157949978573,,5,2,79.73623275756836,304.5301730016945,0.0077099994086893275,0.0,0.021070000002509914,0.17412000124750193,2015.8773170023778,0.037900001188972965,384.3586149996554,0.09220924039254896,384.26640575926285,,,,,[],2016.210326244618
sweep_20260627_173015_a8b15101_results.jsonl,E1a.47,E1a,success,dominant,dom080,0.8,6,6,12,2,"[0.04, 0.04, 0.04, 0.04, 0.04, 0.8]",iterative,6,1,100,10,102,0.5,-30.320000000000004,-30.320000000000004,-30.320000000000004,True,True,True,True,True,0.0,0.0,True,True,0.6000000000000001,1944.5886820012674,,3,2,79.01978492736816,290.7198510001763,0.0065900003392016515,0.0,0.017809999917517416,0.16428200069640297,1945.2457040006266,0.038559999666176736,369.82929999976477,0.08966407222033013,369.73963592754444,,,,,[],1945.5626100734662
sweep_20260627_173015_a8b15101_results.jsonl,E1a.48,E1a,success,dominant,dom080,0.8,6,6,12,2,"[0.04, 0.04, 0.04, 0.04, 0.04, 0.8]",iterative,6,1,100,10,103,0.5,-30.320000000000004,-30.320000000000004,-30.320000000000004,True,True,True,True,True,0.0,0.0,True,True,0.6000000000000001,2037.62011300023,,7,2,78.67980003356934,299.184786999831,0.006320000466075726,0.0,0.0162799988174811,0.1488109992351383,2038.2919950006908,0.038729998777853325,377.940155000033,0.07556796663266141,377.8645870334003,,,,,[],2038.57770396462
sweep_20260627_173015_a8b15101_results.jsonl,E1a.49,E1a,success,dominant,dom080,0.8,6,6,12,2,"[0.04, 0.04, 0.04, 0.04, 0.04, 0.8]",iterative,6,1,100,10,104,0.5,-30.320000000000004,-30.320000000000004,-30.320000000000004,True,True,True,True,True,0.0,0.0,True,True,0.6000000000000001,1961.7204739988665,,4,2,79.18334007263184,299.4749569988926,0.0058299992815591395,0.0,0.017630000002100132,0.14023999938217457,1962.3822260018642,0.039059999835444614,378.74346699936723,0.08516992784279864,378.65829707152443,,,,,[],1962.6701559282083
sweep_20260627_173015_a8b15101_results.jsonl,E1a.50,E1a,success,dominant,dom080,0.8,6,6,12,2,"[0.04, 0.04, 0.04, 0.04, 0.04, 0.8]",iterative,6,1,100,10,105,0.5,-30.320000000000004,-30.320000000000004,-30.320000000000004,True,True,True,True,True,0.0,0.0,True,True,0.6000000000000001,2019.3023680003535,,3,2,78.83644104003906,293.0184279994137,0.006410000423784368,0.0,0.01562999932502862,0.14526000268233474,2019.9720500004332,0.03845000173896551,371.9324070007133,0.07753796126053203,371.85486903945275,,,,,[],2020.2553379658639
sweep_20260627_173015_a8b15101_results.jsonl,E1a.51,E1a,success,dominant,dom080,0.8,6,6,12,2,"[0.04, 0.04, 0.04, 0.04, 0.04, 0.8]",iterative,6,2,100,3,101,0.5,-30.320000000000004,-30.320000000000004,-30.320000000000004,True,True,True,True,True,0.0,0.0,True,True,0.6000000000000001,3021.3269840005523,,4,2,78.93538475036621,296.1354670005676,0.006099999154685065,0.0,0.015890000213403255,0.14668000221718103,3022.0108259982226,0.038430001950473525,375.14827599989076,0.07742424895695876,375.0708517509338,,,,,[],3022.2953502507153
sweep_20260627_173015_a8b15101_results.jsonl,E1a.52,E1a,success,dominant,dom080,0.8,6,6,12,2,"[0.04, 0.04, 0.04, 0.04, 0.04, 0.8]",iterative,6,2,100,3,102,0.5,-30.268800000000002,-30.320000000000004,-30.320000000000004,True,False,False,False,True,0.0016886543535619978,0.05120000000000147,False,False,0.68,3024.707374001082,,10,2,78.37438583374023,301.1159930010763,0.007849999747122638,0.0,0.021329999071895145,0.176480001755408,3025.383176000105,0.039680000554653816,379.5726900007139,0.0823111658974085,379.4903788348165,,,,,[],3025.7108271671314
sweep_20260627_173015_a8b15101_results.jsonl,E1a.53,E1a,success,dominant,dom080,0.8,6,6,12,2,"[0.04, 0.04, 0.04, 0.04, 0.04, 0.8]",iterative,6,2,100,3,103,0.5,-30.268800000000002,-30.320000000000004,-30.320000000000004,True,False,False,False,True,0.0016886543535619978,0.05120000000000147,False,False,0.68,3016.896920000363,,10,2,79.9717903137207,304.87690399968415,0.00872999953571707,0.0,0.021179999748710543,0.17388199921697378,3017.584932000318,0.04079999962414149,384.93815600122616,0.08946168782131281,384.84869431340485,,,,,[],3017.918985686265
sweep_20260627_173015_a8b15101_results.jsonl,E1a.54,E1a,success,dominant,dom080,0.8,6,6,12,2,"[0.04, 0.04, 0.04, 0.04, 0.04, 0.8]",iterative,6,2,100,3,104,0.5,-30.268800000000002,-30.320000000000004,-30.320000000000004,True,False,False,False,True,0.0016886543535619978,0.05120000000000147,False,False,0.68,3051.1732039994968,,7,2,79.0090560913086,304.8151940001844,0.007879998520365916,0.0,0.022629999875789508,0.18033000014838763,3051.8534160019044,0.03862099947582465,383.90841299951717,0.0841629080241546,383.824250091493,,,,,[],3052.187039907949
sweep_20260627_173015_a8b15101_results.jsonl,E1a.55,E1a,success,dominant,dom080,0.8,6,6,12,2,"[0.04, 0.04, 0.04, 0.04, 0.04, 0.8]",iterative,6,2,100,3,105,0.5,-30.320000000000004,-30.320000000000004,-30.320000000000004,True,True,True,True,True,0.0,0.0,True,True,0.6000000000000001,3000.914352000109,,2,2,79.08010482788086,295.1310540011036,0.00610999995842576,0.0,0.015759998859721236,0.14467000255535822,3001.5794840019225,0.03852000008919276,374.3152740007645,0.10411517177999485,374.2111588289845,,,,,[],3001.8886591751652
sweep_20260627_173015_a8b15101_results.jsonl,E1a.56,E1a,success,dominant,dom080,0.8,6,6,12,2,"[0.04, 0.04, 0.04, 0.04, 0.04, 0.8]",iterative,6,2,100,10,101,0.5,-30.320000000000004,-30.320000000000004,-30.320000000000004,True,True,True,True,True,0.0,0.0,True,True,0.6000000000000001,2997.6875120009936,,4,2,79.50448989868164,305.2722949996678,0.006009999196976423,0.0,0.01626999983272981,0.15365000217570923,2998.4002340006555,0.038960002711974084,384.86549600020226,0.08871110185282305,384.77678489834943,,,,,[],2998.7038351064257
sweep_20260627_173015_a8b15101_results.jsonl,E1a.57,E1a,success,dominant,dom080,0.8,6,6,12,2,"[0.04, 0.04, 0.04, 0.04, 0.04, 0.8]",iterative,6,2,100,10,102,0.5,-30.320000000000004,-30.320000000000004,-30.320000000000004,True,True,True,True,True,0.0,0.0,True,True,0.6000000000000001,2998.9120259997435,,8,2,80.07144927978516,304.7877530007099,0.006360000043059699,0.0,0.016320000213454477,0.14454099982685875,2999.592358000882,0.045310000132303685,384.9405460005073,0.081343720012228,384.8592022804951,,,,,[],2999.88623272111
sweep_20260627_173015_a8b15101_results.jsonl,E1a.58,E1a,success,dominant,dom080,0.8,6,6,12,2,"[0.04, 0.04, 0.04, 0.04, 0.04, 0.8]",iterative,6,2,100,10,103,0.5,-30.320000000000004,-30.320000000000004,-30.320000000000004,True,True,True,True,True,0.0,0.0,True,True,0.6000000000000001,3001.899474998936,,7,2,78.8729190826416,299.64000699874305,0.008601000445196405,0.0,0.021660000129486434,0.1682700003584614,3002.590596999653,0.03981000008934643,378.59015699905285,0.07723091766820289,378.51292608138465,,,,,[],3002.9061689183436
sweep_20260627_173015_a8b15101_results.jsonl,E1a.59,E1a,success,dominant,dom080,0.8,6,6,12,2,"[0.04, 0.04, 0.04, 0.04, 0.04, 0.8]",iterative,6,2,100,10,104,0.5,-30.320000000000004,-30.320000000000004,-30.320000000000004,True,True,True,True,True,0.0,0.0,True,True,0.6000000000000001,3020.816191999984,,7,2,77.12149620056152,296.5183989999787,0.006020000000717118,0.0,0.07879099939600565,0.14258000192057807,3021.5119640015473,0.039009999454719946,373.7308830004622,0.09098779992200434,373.6398952005402,,,,,[],3021.8693528022413
sweep_20260627_173015_a8b15101_results.jsonl,E1a.60,E1a,success,dominant,dom080,0.8,6,6,12,2,"[0.04, 0.04, 0.04, 0.04, 0.04, 0.8]",iterative,6,2,100,10,105,0.5,-30.320000000000004,-30.320000000000004,-30.320000000000004,True,True,True,True,True,0.0,0.0,True,True,0.6000000000000001,2999.4630870005494,,2,2,79.43916320800781,309.2539669996768,0.006160000339150429,0.0,0.01641999915591441,0.1702110021142289,3000.1416289996996,0.03972000013163779,388.7778680000338,0.08473779234918766,388.6931302076846,,,,,[],3000.4588777937897
sweep_20260627_173015_a8b15101_results.jsonl,E1a.61,E1a,success,dominant,dom090,0.9,6,6,12,2,"[0.02, 0.02, 0.02, 0.02, 0.02, 0.9]",iterative,6,1,100,3,101,0.5,-30.18,-30.18,-30.18,True,True,True,True,True,0.0,0.0,True,True,0.8,2014.438093001445,,5,2,78.67860794067383,299.86660800022946,0.007950000508571975,0.0,0.021650001144735143,0.17680099881545175,2015.1279659985448,0.03966999975091312,378.62478799979726,0.07957205889397301,378.5452159409033,,,,,[],2015.4536090576585
sweep_20260627_173015_a8b15101_results.jsonl,E1a.62,E1a,success,dominant,dom090,0.9,6,6,12,2,"[0.02, 0.02, 0.02, 0.02, 0.02, 0.9]",iterative,6,1,100,3,102,0.5,-30.18,-30.18,-30.18,True,True,True,True,True,0.0,0.0,True,True,0.8,2025.2803459989082,,3,2,79.83207702636719,304.9993840013485,0.00616999932390172,0.0,0.01841000084823463,0.15505999908782542,2025.9456980002142,0.03873999776260462,384.91728600092756,0.08582497321185656,384.8314610277157,,,,,[],2026.2499029704486
sweep_20260627_173015_a8b15101_results.jsonl,E1a.63,E1a,success,dominant,dom090,0.9,6,6,12,2,"[0.02, 0.02, 0.02, 0.02, 0.02, 0.9]",iterative,6,1,100,3,103,0.5,-30.18,-30.18,-30.18,True,True,True,True,True,0.0,0.0,True,True,0.8,1949.9762269988423,,7,2,78.54080200195312,300.34659000011743,0.005799998689326458,0.0,0.015989999155863188,0.1425099981133826,1950.652899000488,0.03898000068147667,378.96473799992236,0.07734599785180762,378.88739200207056,,,,,[],1950.93352499498
sweep_20260627_173015_a8b15101_results.jsonl,E1a.64,E1a,success,dominant,dom090,0.9,6,6,12,2,"[0.02, 0.02, 0.02, 0.02, 0.02, 0.9]",iterative,6,1,100,3,104,0.5,-30.18,-30.18,-30.18,True,True,True,True,True,0.0,0.0,True,True,0.8,2009.0146259990433,,4,2,78.18102836608887,292.85381699992286,0.006160000339150429,0.0,0.015920000805635937,0.14055999963602517,2009.6747479983605,0.03999999898951501,371.11131500023475,0.07646963422303088,371.0348453660117,,,,,[],2009.953857632354
sweep_20260627_173015_a8b15101_results.jsonl,E1a.65,E1a,success,dominant,dom090,0.9,6,6,12,2,"[0.02, 0.02, 0.02, 0.02, 0.02, 0.9]",iterative,6,1,100,3,105,0.5,-30.18,-30.18,-30.18,True,True,True,True,True,0.0,0.0,True,True,0.8,1962.7661060021637,,3,2,80.25622367858887,300.53917999975965,0.008140001227729954,0.0,0.021899999410379678,0.1589599996805191,1963.4425579988601,0.03956000000471249,380.89541400040616,0.10001032205764204,380.7954036783485,,,,,[],1963.7711283212411
sweep_20260627_173015_a8b15101_results.jsonl,E1a.66,E1a,success,dominant,dom090,0.9,6,6,12,2,"[0.02, 0.02, 0.02, 0.02, 0.02, 0.9]",iterative,6,1,100,10,101,0.5,-30.18,-30.18,-30.18,True,True,True,True,True,0.0,0.0,True,True,0.8,2021.9846060008422,,5,2,79.19955253601074,300.2264400001877,0.007869999535614625,0.0,0.021699999706470408,0.17024999942805152,2022.670267999274,0.039700002162135206,379.51267000062217,0.08667746442370117,379.42599253619846,,,,,[],2022.99646546453
sweep_20260627_173015_a8b15101_results.jsonl,E1a.67,E1a,success,dominant,dom090,0.9,6,6,12,2,"[0.02, 0.02, 0.02, 0.02, 0.02, 0.9]",iterative,6,1,100,10,102,0.5,-30.18,-30.18,-30.18,True,True,True,True,True,0.0,0.0,True,True,0.8,1970.945422001023,,3,2,78.69648933410645,299.8553390007146,0.006719999873894267,0.0,0.015749999874969944,0.1457799990021158,1971.613323999918,0.03856100011034869,378.63339700015786,0.0815686653368175,378.55182833482104,,,,,[],1971.9017036641162
sweep_20260627_173015_a8b15101_results.jsonl,E1a.68,E1a,success,dominant,dom090,0.9,6,6,12,2,"[0.02, 0.02, 0.02, 0.02, 0.02, 0.9]",iterative,6,1,100,10,103,0.5,-30.18,-30.18,-30.18,True,True,True,True,True,0.0,0.0,True,True,0.8,2044.8133850004524,,7,2,78.75490188598633,303.4267689999979,0.00610999995842576,0.0,0.01650000012887176,0.14170100075716618,2045.485116999771,0.038139998650876805,382.2651579994272,0.08348711344297044,382.1816708859842,,,,,[],2045.7710551127093
sweep_20260627_173015_a8b15101_results.jsonl,E1a.69,E1a,success,dominant,dom090,0.9,6,6,12,2,"[0.02, 0.02, 0.02, 0.02, 0.02, 0.9]",iterative,6,1,100,10,104,0.5,-30.18,-30.18,-30.18,True,True,True,True,True,0.0,0.0,True,True,0.8,1998.1989440002508,,4,2,78.98259162902832,300.6792709984438,0.0059300000430084765,0.0,0.016210999092436396,0.1560100008646259,1999.0989670004637,0.056280001444974914,379.7504199992545,0.08855737178237177,379.66186262747215,,,,,[],1999.4219553736912
sweep_20260627_173015_a8b15101_results.jsonl,E1a.70,E1a,success,dominant,dom090,0.9,6,6,12,2,"[0.02, 0.02, 0.02, 0.02, 0.02, 0.9]",iterative,6,1,100,10,105,0.5,-30.18,-30.18,-30.18,True,True,True,True,True,0.0,0.0,True,True,0.8,2022.0903169993107,,3,2,77.75402069091797,293.86067999985244,0.006090000169933774,0.0,0.017039999875123613,0.15386099948955234,2022.785589002524,0.03926000135834329,371.70009599867626,0.08539530790585559,371.6147006907704,,,,,[],2023.0872353113227
sweep_20260627_173015_a8b15101_results.jsonl,E1a.71,E1a,success,dominant,dom090,0.9,6,6,12,2,"[0.02, 0.02, 0.02, 0.02, 0.02, 0.9]",iterative,6,2,100,3,101,0.5,-30.18,-30.18,-30.18,True,True,True,True,True,0.0,0.0,True,True,0.8,3004.531232998488,,4,2,77.7277946472168,295.4777750001085,0.006081001629354432,0.0,0.016590000086580403,0.1405000002705492,3005.217524998443,0.038630001654382795,373.28603099922475,0.08046135189943016,373.2055696473253,,,,,[],3005.4997873539833
sweep_20260627_173015_a8b15101_results.jsonl,E1a.72,E1a,success,dominant,dom090,0.9,6,6,12,2,"[0.02, 0.02, 0.02, 0.02, 0.02, 0.9]",iterative,6,2,100,3,102,0.5,-30.147199999999998,-30.18,-30.18,True,False,False,False,True,0.0010868124585818632,0.03280000000000172,False,False,0.8400000000000001,2996.4955270006612,,4,2,78.31192016601562,297.1429999997781,0.007470000127796084,0.0,0.015870000424911268,0.14098099927650765,2997.189208997952,0.03958000161219388,375.53378800112114,0.07886783532740083,375.45492016579374,,,,,[],2997.4719778347207
sweep_20260627_173015_a8b15101_results.jsonl,E1a.73,E1a,success,dominant,dom090,0.9,6,6,12,2,"[0.02, 0.02, 0.02, 0.02, 0.02, 0.9]",iterative,6,2,100,3,103,0.5,-30.147199999999998,-30.18,-30.18,True,False,False,False,True,0.0010868124585818632,0.03280000000000172,False,False,0.8400000000000001,2975.2018340004724,,10,2,78.96614074707031,290.9633710005437,0.006100000973674469,0.0,0.015580000763293356,0.14225999802874867,2975.9785670030396,0.039639997339691035,370.0079509999341,0.07843925232009497,369.929511747614,,,,,[],2976.260586252465
sweep_20260627_173015_a8b15101_results.jsonl,E1a.74,E1a,success,dominant,dom090,0.9,6,6,12,2,"[0.02, 0.02, 0.02, 0.02, 0.02, 0.9]",iterative,6,2,100,3,104,0.5,-30.147199999999998,-30.18,-30.18,True,False,False,False,True,0.0010868124585818632,0.03280000000000172,False,False,0.8400000000000001,2994.8650829992403,,4,2,77.36992835998535,291.21064300125,0.005879999662283808,0.0,0.015869998605921865,0.13900000158173498,2995.54945500131,0.03832000038528349,368.65985700023884,0.07928563900350127,368.58057136123534,,,,,[],2995.8278106405487
sweep_20260627_173015_a8b15101_results.jsonl,E1a.75,E1a,success,dominant,dom090,0.9,6,6,12,2,"[0.02, 0.02, 0.02, 0.02, 0.02, 0.9]",iterative,6,2,100,3,105,0.5,-30.18,-30.18,-30.18,True,True,True,True,True,0.0,0.0,True,True,0.8,3032.7003780021187,,2,2,78.41324806213379,300.37638999965566,0.005890000466024503,0.0,0.01565000093251001,0.13797000065096654,3033.4291599992866,0.03881999873556197,378.87096799931896,0.08132993752951734,378.78963806178945,,,,,[],3033.708819937601
sweep_20260627_173015_a8b15101_results.jsonl,E1a.76,E1a,success,dominant,dom090,0.9,6,6,12,2,"[0.02, 0.02, 0.02, 0.02, 0.02, 0.9]",iterative,6,2,100,10,101,0.5,-30.18,-30.18,-30.18,True,True,True,True,True,0.0,0.0,True,True,0.8,3002.911306999522,,4,2,78.38964462280273,295.0017940001999,0.005859999873791821,0.0,0.015749999874969944,0.1444810022803722,3003.589109001041,0.038980999306659214,373.47675199998775,0.08531337698514108,373.3914386230026,,,,,[],3003.879494379362
sweep_20260627_173015_a8b15101_results.jsonl,E1a.77,E1a,success,dominant,dom090,0.9,6,6,12,2,"[0.02, 0.02, 0.02, 0.02, 0.02, 0.9]",iterative,6,2,100,10,102,0.5,-30.18,-30.18,-30.18,True,True,True,True,True,0.0,0.0,True,True,0.8,2974.631661998501,,4,2,76.74193382263184,291.5196730009484,0.00596999961999245,0.0,0.015519999578827992,0.14565099809260573,2975.3074839991314,0.038450998545158654,368.34002599971427,0.07841917613404803,368.2616068235802,,,,,[],2975.591495171102
sweep_20260627_173015_a8b15101_results.jsonl,E1a.78,E1a,success,dominant,dom090,0.9,6,6,12,2,"[0.02, 0.02, 0.02, 0.02, 0.02, 0.9]",iterative,6,2,100,10,103,0.5,-30.18,-30.18,-30.18,True,True,True,True,True,0.0,0.0,True,True,0.8,2972.3148149987537,,5,2,77.8036117553711,291.1846719998721,0.00596999961999245,0.0,0.01523100036138203,0.1431299988325918,2973.001406999174,0.038199998016352765,369.068267998955,0.0799842437118059,368.9882837552432,,,,,[],2973.283922239716
sweep_20260627_173015_a8b15101_results.jsonl,E1a.79,E1a,success,dominant,dom090,0.9,6,6,12,2,"[0.02, 0.02, 0.02, 0.02, 0.02, 0.9]",iterative,6,2,100,10,104,0.5,-30.18,-30.18,-30.18,True,True,True,True,True,0.0,0.0,True,True,0.8,3002.7643170014926,,4,2,76.8122673034668,294.8125129987602,0.006160000339150429,0.0,0.01570000131323468,0.13920999845140614,3003.447409000728,0.038839998524053954,371.7032559998188,0.07847569759178441,371.624780302227,,,,,[],3003.7257946969476
sweep_20260627_173015_a8b15101_results.jsonl,E1a.80,E1a,success,dominant,dom090,0.9,6,6,12,2,"[0.02, 0.02, 0.02, 0.02, 0.02, 0.9]",iterative,6,2,100,10,105,0.5,-30.18,-30.18,-30.18,True,True,True,True,True,0.0,0.0,True,True,0.8,2975.803015000565,,2,2,77.81219482421875,294.95881399998325,0.007949998689582571,0.0,0.02089000008709263,0.18422100220050197,2976.472887001364,0.03834999915852677,372.85114000042086,0.08013117621885613,372.771008824202,,,,,[],2976.8044291777187
sweep_20260627_173015_a8b15101_results.jsonl,E1a.81,E1a,success,dominant,dom095,0.95,6,6,12,2,"[0.01, 0.01, 0.01, 0.01, 0.01, 0.95]",iterative,6,1,100,3,101,0.5,-30.095,-30.095,-30.095,True,True,True,True,True,0.0,0.0,True,True,0.8999999999999999,2025.5181070006074,,5,2,77.4843692779541,291.87927400016633,0.006790000043110922,0.0,0.015339999663410708,0.13977100024931133,2026.1783890018705,0.038500000300700776,369.4448589994863,0.08121572136587929,369.36364327812043,,,,,[],2026.460005723493
sweep_20260627_173015_a8b15101_results.jsonl,E1a.82,E1a,success,dominant,dom095,0.95,6,6,12,2,"[0.01, 0.01, 0.01, 0.01, 0.01, 0.95]",iterative,6,1,100,3,102,0.5,-30.095,-30.095,-30.095,True,True,True,True,True,0.0,0.0,True,True,0.8999999999999999,2012.4322970004869,,3,2,76.8122673034668,293.9080500000273,0.006430000212276354,0.0,0.016109999705804512,0.1487400004407391,2013.0968290013698,0.03870000000461005,370.79839300167805,0.07807569818396587,370.7203173034941,,,,,[],2013.3848846999172
sweep_20260627_173015_a8b15101_results.jsonl,E1a.83,E1a,success,dominant,dom095,0.95,6,6,12,2,"[0.01, 0.01, 0.01, 0.01, 0.01, 0.95]",iterative,6,1,100,3,103,0.5,-30.095,-30.095,-30.095,True,True,True,True,True,0.0,0.0,True,True,0.8999999999999999,1956.3130970000202,,6,2,78.40967178344727,300.5250309997791,0.006090000169933774,0.0,0.015589999748044647,0.14544000077876262,1956.9696789985755,0.038389998735510744,379.015148999315,0.08044621608860325,378.9347027832264,,,,,[],1957.2556352140964
sweep_20260627_173015_a8b15101_results.jsonl,E1a.84,E1a,success,dominant,dom095,0.95,6,6,12,2,"[0.01, 0.01, 0.01, 0.01, 0.01, 0.95]",iterative,6,1,100,3,104,0.5,-30.095,-30.095,-30.095,True,True,True,True,True,0.0,0.0,True,True,0.8999999999999999,2021.6066340017278,,4,2,79.04791831970215,301.3428930007649,0.005949999831500463,0.0,0.01607000012882054,0.15193999934126623,2022.2924959998636,0.040470000385539606,380.4673630002071,0.07655167974007782,380.39081132046704,,,,,[],2022.5834776792908
sweep_20260627_173015_a8b15101_results.jsonl,E1a.85,E1a,success,dominant,dom095,0.95,6,6,12,2,"[0.01, 0.01, 0.01, 0.01, 0.01, 0.95]",iterative,6,1,100,3,105,0.5,-30.095,-30.095,-30.095,True,True,True,True,True,0.0,0.0,True,True,0.8999999999999999,1944.549420999465,,3,2,78.43613624572754,289.9801479998132,0.006250000296859071,0.0,0.016179999875021167,0.15250000069499947,1945.207623000897,0.03936999746656511,368.4929459996056,0.07666175406484399,368.41628424554074,,,,,[],1945.4985847532953
sweep_20260627_173015_a8b15101_results.jsonl,E1a.86,E1a,success,dominant,dom095,0.95,6,6,12,2,"[0.01, 0.01, 0.01, 0.01, 0.01, 0.95]",iterative,6,1,100,10,101,0.5,-30.095,-30.095,-30.095,True,True,True,True,True,0.0,0.0,True,True,0.8999999999999999,2046.958970999185,,5,2,79.51736450195312,295.95710699868505,0.006199999916134402,0.0,0.016009998944355175,0.14739000107510947,2047.636113002227,0.038609998227912,375.582767999731,0.10829649909283035,375.4744715006382,,,,,[],2047.9526194994833
sweep_20260627_173015_a8b15101_results.jsonl,E1a.87,E1a,success,dominant,dom095,0.95,6,6,12,2,"[0.01, 0.01, 0.01, 0.01, 0.01, 0.95]",iterative,6,1,100,10,102,0.5,-30.095,-30.095,-30.095,True,True,True,True,True,0.0,0.0,True,True,0.8999999999999999,1972.76060600052,,3,2,79.21266555786133,294.3778220014792,0.00655999974696897,0.0,0.01655000050959643,0.1464910001232056,1973.443677999967,0.03909999941242859,373.68483200043556,0.09434444109501783,373.59048755934054,,,,,[],1973.746723440854
sweep_20260627_173015_a8b15101_results.jsonl,E1a.88,E1a,success,dominant,dom095,0.95,6,6,12,2,"[0.01, 0.01, 0.01, 0.01, 0.01, 0.95]",iterative,6,1,100,10,103,0.5,-30.095,-30.095,-30.095,True,True,True,True,True,0.0,0.0,True,True,0.8999999999999999,2012.5723180008208,,6,2,78.63020896911621,302.57964699922013,0.006329999450827017,0.0,0.0162799988174811,0.14561000170942862,2013.2321900000534,0.04878000254393555,381.2875259991415,0.07767003080516588,381.20985596833634,,,,,[],2013.5268600333802
sweep_20260627_173015_a8b15101_results.jsonl,E1a.89,E1a,success,dominant,dom095,0.95,6,6,12,2,"[0.01, 0.01, 0.01, 0.01, 0.01, 0.95]",iterative,6,1,100,10,104,0.5,-30.095,-30.095,-30.095,True,True,True,True,True,0.0,0.0,True,True,0.8999999999999999,1945.8446049993654,,4,2,78.49264144897461,298.45195499910915,0.006300000677583739,0.0,0.01601999974809587,0.14762100181542337,1946.5151869990223,0.03856100192933809,377.0261620011297,0.08156555304594804,376.94459644808376,,,,,[],1946.8052545562387
sweep_20260627_173015_a8b15101_results.jsonl,E1a.90,E1a,success,dominant,dom095,0.95,6,6,12,2,"[0.01, 0.01, 0.01, 0.01, 0.01, 0.95]",iterative,6,1,100,10,105,0.5,-30.095,-30.095,-30.095,True,True,True,True,True,0.0,0.0,True,True,0.8999999999999999,2013.3401290004258,,3,2,76.74860954284668,291.5230630005681,0.006419999408535659,0.0,0.01607999911357183,0.13987099919177126,2013.9969809988543,0.03837000076600816,368.35628599874326,0.08461345532850828,368.27167254341475,,,,,[],2014.2823354526627
sweep_20260627_173015_a8b15101_results.jsonl,E1a.91,E1a,success,dominant,dom095,0.95,6,6,12,2,"[0.01, 0.01, 0.01, 0.01, 0.01, 0.95]",iterative,6,2,100,3,101,0.5,-30.095,-30.095,-30.095,True,True,True,True,True,0.0,0.0,True,True,0.8999999999999999,3012.628026999664,,4,2,79.17141914367676,301.2399020008161,0.006160000339150429,0.0,0.01596000038261991,0.14441100029216614,3013.306499000464,0.03859999924316071,380.496232999576,0.08491185508319177,380.41132114449283,,,,,[],3013.5965418558044
sweep_20260627_173015_a8b15101_results.jsonl,E1a.92,E1a,success,dominant,dom095,0.95,6,6,12,2,"[0.01, 0.01, 0.01, 0.01, 0.01, 0.95]",iterative,6,2,100,3,102,0.5,-30.076800000000002,-30.095,-30.095,True,False,False,False,True,0.0006047516198702795,0.018199999999996663,False,False,0.9199999999999999,2982.9353670011187,,3,2,78.63116264343262,297.4619910000911,0.005809999493067153,0.0,0.015699999494245276,0.1437819992133882,2983.617759000481,0.045380002120509744,376.1761900004785,0.08303635695483536,376.0931536435237,,,,,[],2983.911467357757
sweep_20260627_173015_a8b15101_results.jsonl,E1a.93,E1a,success,dominant,dom095,0.95,6,6,12,2,"[0.01, 0.01, 0.01, 0.01, 0.01, 0.95]",iterative,6,2,100,3,103,0.5,-30.076800000000002,-30.095,-30.095,True,False,False,False,True,0.0006047516198702795,0.018199999999996663,False,False,0.9199999999999999,3018.644924997716,,4,2,78.6435604095459,296.71198899995943,0.006279999070102349,0.0,0.016680000044289045,0.1443899982405128,3019.342087000041,0.03896999987773597,375.4409080011101,0.08535859160474502,375.35554940950533,,,,,[],3019.6337655888783
sweep_20260627_173015_a8b15101_results.jsonl,E1a.94,E1a,success,dominant,dom095,0.95,6,6,12,2,"[0.01, 0.01, 0.01, 0.01, 0.01, 0.95]",iterative,6,2,100,3,104,0.5,-30.076800000000002,-30.095,-30.095,True,False,False,False,True,0.0006047516198702795,0.018199999999996663,False,False,0.9199999999999999,2983.6804189999384,,3,2,78.61614227294922,302.29637599950365,0.007320000804611482,0.0,0.016629999663564377,0.15222999900288414,2984.369191000951,0.03857000046991743,380.99817399961466,0.08565572716179304,380.91251827245287,,,,,[],2984.669596728054
sweep_20260627_173015_a8b15101_results.jsonl,E1a.95,E1a,success,dominant,dom095,0.95,6,6,12,2,"[0.01, 0.01, 0.01, 0.01, 0.01, 0.95]",iterative,6,2,100,3,105,0.5,-30.076800000000002,-30.095,-30.095,True,False,False,False,True,0.0006047516198702795,0.018199999999996663,False,False,0.9199999999999999,3007.8034330017545,,4,2,77.4078369140625,296.3597679990926,0.006331001713988371,0.0,0.015690000509493984,0.1415899987478042,3008.4893149996788,0.038630001654382795,373.866463000013,0.09885808685794473,373.7676049131551,,,,,[],3008.7904140891624
sweep_20260627_173015_a8b15101_results.jsonl,E1a.96,E1a,success,dominant,dom095,0.95,6,6,12,2,"[0.01, 0.01, 0.01, 0.01, 0.01, 0.95]",iterative,6,2,100,10,101,0.5,-30.095,-30.095,-30.095,True,True,True,True,True,0.0,0.0,True,True,0.8999999999999999,3034.893234000265,,4,2,77.9428482055664,298.7083750012971,0.006460000804509036,0.0,0.016369998775189742,0.15805999828444328,3035.5905769993115,0.040159999116440304,376.735641999403,0.08441879253950901,376.6512232068635,,,,,[],3035.8960457888315
sweep_20260627_173015_a8b15101_results.jsonl,E1a.97,E1a,success,dominant,dom095,0.95,6,6,12,2,"[0.01, 0.01, 0.01, 0.01, 0.01, 0.95]",iterative,6,2,100,10,102,0.5,-30.095,-30.095,-30.095,True,True,True,True,True,0.0,0.0,True,True,0.8999999999999999,3040.8560520008905,,3,2,79.22959327697754,300.76490200008266,0.006779999239370227,0.0,0.016960000721155666,0.1513700008217711,3041.5532949991757,0.03871000080835074,380.07899199874373,0.08449672168353572,379.9944952770602,,,,,[],3041.85161172245
sweep_20260627_173015_a8b15101_results.jsonl,E1a.98,E1a,success,dominant,dom095,0.95,6,6,12,2,"[0.01, 0.01, 0.01, 0.01, 0.01, 0.95]",iterative,6,2,100,10,103,0.5,-30.095,-30.095,-30.095,True,True,True,True,True,0.0,0.0,True,True,0.8999999999999999,2983.2511779986817,,2,2,78.24921607971191,292.04989500067313,0.006649999704677612,0.0,0.015990000974852592,0.153989998580073,2983.9382999980444,0.039599999581696466,370.393081999282,0.0939709188969573,370.29911108038505,,,,,[],2984.2485009157826
sweep_20260627_173015_a8b15101_results.jsonl,E1a.99,E1a,success,dominant,dom095,0.95,6,6,12,2,"[0.01, 0.01, 0.01, 0.01, 0.01, 0.95]",iterative,6,2,100,10,104,0.5,-30.095,-30.095,-30.095,True,True,True,True,True,0.0,0.0,True,True,0.8999999999999999,2977.9091620002873,,3,2,77.49509811401367,290.6574910011841,0.006249998477869667,0.0,0.015699999494245276,0.13967999984743074,2978.622014999928,0.03881099837599322,368.2349050013727,0.0823158861749107,368.15258911519777,,,,,[],2978.9047718822985
sweep_20260627_173015_a8b15101_results.jsonl,E1a.100,E1a,success,dominant,dom095,0.95,6,6,12,2,"[0.01, 0.01, 0.01, 0.01, 0.01, 0.95]",iterative,6,2,100,10,105,0.5,-30.095,-30.095,-30.095,True,True,True,True,True,0.0,0.0,True,True,0.8999999999999999,2992.0116150005924,,2,2,79.70356941223145,299.30431700086046,0.006289999873843044,0.0,0.016460000551887788,0.1531710004201159,2992.711946999407,0.03890000152750872,379.1002790003404,0.09239258724846877,379.0078864130919,,,,,[],2993.0191605890286
sweep_20260627_173015_a8b15101_results.jsonl,E1b.1,E1b,success,near_equal,near001,0.01,4,4,8,2,"[0.246, 0.248, 0.251, 0.256]",iterative,6,1,100,3,101,0.5,-20.500996,-20.500996,-20.500996,True,True,True,True,True,0.0,0.0,True,True,0.0030000000000000027,1600.973172000522,,5,2,3.690958023071289,189.81096499919659,0.006749998647137545,0.0,0.01247000000148546,0.12275999688426964,1601.616842999647,0.03392000144231133,193.57552700057568,0.0736039783078013,193.50192302226787,,,,,[],1601.86634697493
sweep_20260627_173015_a8b15101_results.jsonl,E1b.2,E1b,success,near_equal,near001,0.01,4,4,8,2,"[0.246, 0.248, 0.251, 0.256]",iterative,6,1,100,3,102,0.5,-20.500996,-20.500996,-20.500996,True,True,True,True,True,0.0,0.0,True,True,0.0030000000000000027,1532.9995049996796,,7,2,3.668069839477539,196.8532070004585,0.005070000042906031,0.0,0.012010999853373505,0.10973999997077044,1533.6363059996074,0.03352000021550339,200.60042800105293,0.07915116111689713,200.52127683993604,,,,,[],1533.8757981608069
sweep_20260627_173015_a8b15101_results.jsonl,E1b.3,E1b,success,near_equal,near001,0.01,4,4,8,2,"[0.246, 0.248, 0.251, 0.256]",iterative,6,1,100,3,103,0.5,-20.500996,-20.500996,-20.500996,True,True,True,True,True,0.0,0.0,True,True,0.0030000000000000027,1534.0968269993027,,8,2,3.7088394165039062,196.81713600039075,0.0052699997468153015,0.0,0.01221999991685152,0.11418100257287733,1534.7951490020932,0.037500001781154424,200.60075800029153,0.07478258339688182,200.52597541689465,,,,,[],1535.0391025895078
sweep_20260627_173015_a8b15101_results.jsonl,E1b.4,E1b,success,near_equal,near001,0.01,4,4,8,2,"[0.246, 0.248, 0.251, 0.256]",iterative,6,1,100,3,104,0.5,-20.500996,-20.500996,-20.500996,True,True,True,True,True,0.0,0.0,True,True,0.0030000000000000027,1613.9199789995473,,8,2,3.6945343017578125,196.35021400063124,0.00546000046597328,0.0,0.013299999409355223,0.12007000077574048,1614.5628710000892,0.03370000013092067,200.12741699974868,0.08266869735962246,200.04474830238905,,,,,[],1614.8180696982308
sweep_20260627_173015_a8b15101_results.jsonl,E1b.5,E1b,success,near_equal,near001,0.01,4,4,8,2,"[0.246, 0.248, 0.251, 0.256]",iterative,6,1,100,3,105,0.5,-20.500996,-20.500996,-20.500996,True,True,True,True,True,0.0,0.0,True,True,0.0030000000000000027,1551.6955210005108,,7,2,3.6559104919433594,195.62231300005806,0.005550000423681922,0.0,0.013049999324721284,0.11540000014065299,1552.3540829999547,0.03379000008862931,199.3523240016657,0.07410050966427661,199.27822349200142,,,,,[],1552.5959735095967
sweep_20260627_173015_a8b15101_results.jsonl,E1b.6,E1b,success,near_equal,near001,0.01,4,4,8,2,"[0.246, 0.248, 0.251, 0.256]",iterative,6,1,100,10,101,0.5,-20.500996,-20.500996,-20.500996,True,True,True,True,True,0.0,0.0,True,True,0.0030000000000000027,1548.362231002102,,5,2,3.645181655883789,193.683516999954,0.005010000677430071,0.0,0.011910000466741621,0.10576000022410881,1549.0333940015262,0.03297999865026213,197.40796800033422,0.07926934449642431,197.3286986558378,,,,,[],1549.2683233460411
sweep_20260627_173015_a8b15101_results.jsonl,E1b.7,E1b,success,near_equal,near001,0.01,4,4,8,2,"[0.246, 0.248, 0.251, 0.256]",iterative,6,1,100,10,102,0.5,-20.500996,-20.500996,-20.500996,True,True,True,True,True,0.0,0.0,True,True,0.0030000000000000027,1558.5504919981759,,7,2,3.6623477935791016,193.60175600013463,0.00537999949301593,0.0,0.011950000043725595,0.11147000259370543,1559.2220739999902,0.03417999869270716,197.343018000538,0.07891420682426542,197.26410379371373,,,,,[],1559.4639682076377
sweep_20260627_173015_a8b15101_results.jsonl,E1b.8,E1b,success,near_equal,near001,0.01,4,4,8,2,"[0.246, 0.248, 0.251, 0.256]",iterative,6,1,100,10,103,0.5,-20.500996,-20.500996,-20.500996,True,True,True,True,True,0.0,0.0,True,True,0.0030000000000000027,1605.6281039982423,,8,2,3.659486770629883,193.53087699892058,0.00537999949301593,0.0,0.012399999832268804,0.12762100050167646,1606.3131759983662,0.03308000123070087,197.2639280011208,0.07356423157034442,197.19036376955046,,,,,[],1606.5652212309942
sweep_20260627_173015_a8b15101_results.jsonl,E1b.9,E1b,success,near_equal,near001,0.01,4,4,8,2,"[0.246, 0.248, 0.251, 0.256]",iterative,6,1,100,10,104,0.5,-20.500996,-20.500996,-20.500996,True,True,True,True,True,0.0,0.0,True,True,0.0030000000000000027,1552.1613330001856,,8,2,3.798246383666992,196.3324250009464,0.00543999885849189,0.0,0.012340000466792844,0.12040000001434237,1552.8261649997148,0.03578999894671142,200.2071459992294,0.07647461461601779,200.13067138461338,,,,,[],1553.0766096126172
sweep_20260627_173015_a8b15101_results.jsonl,E1b.10,E1b,success,near_equal,near001,0.01,4,4,8,2,"[0.246, 0.248, 0.251, 0.256]",iterative,6,1,100,10,105,0.5,-20.500996,-20.500996,-20.500996,True,True,True,True,True,0.0,0.0,True,True,0.0030000000000000027,1551.5124510002352,,7,2,3.687620162963867,199.21033299942792,0.005480000254465267,0.0,0.012839998817071319,0.1127399991673883,1552.1810629998072,0.033489999623270705,202.97940500131517,0.08145183892338537,202.8979531623918,,,,,[],1552.4270648365928
sweep_20260627_173015_a8b15101_results.jsonl,E1b.11,E1b,success,near_equal,near001,0.01,4,4,8,2,"[0.246, 0.248, 0.251, 0.256]",iterative,6,2,100,3,101,0.5,-20.500996,-20.500996,-20.500996,True,True,True,True,True,0.0,0.0,True,True,0.0030000000000000027,2180.32811699959,,2,2,3.6673545837402344,197.10938699972758,0.005689998943125829,0.0,0.012559999959194101,0.12251200132595841,2180.9907390015724,0.03467999886197504,200.84933799989813,0.072596416430315,200.7767415834678,,,,,[],2181.238777417093
sweep_20260627_173015_a8b15101_results.jsonl,E1b.12,E1b,success,near_equal,near001,0.01,4,4,8,2,"[0.246, 0.248, 0.251, 0.256]",iterative,6,2,100,3,102,0.5,-20.500975999999998,-20.500996,-20.500996,True,True,False,False,True,9.75562358179797e-07,2.000000000279556e-05,True,False,0.007000000000000006,2162.8218129990273,,17,2,3.6389827728271484,191.0377089989197,0.005290001354296692,0.0,0.012159998732386157,0.10706099965318572,2163.480744999106,0.03988999924331438,194.74832999912906,0.07163822738220915,194.67669177174685,,,,,[],2163.716784225471
sweep_20260627_173015_a8b15101_results.jsonl,E1b.13,E1b,success,near_equal,near001,0.01,4,4,8,2,"[0.246, 0.248, 0.251, 0.256]",iterative,6,2,100,3,103,0.5,-20.500975999999998,-20.500996,-20.500996,True,True,False,False,True,9.75562358179797e-07,2.000000000279556e-05,True,False,0.007000000000000006,2165.170689999286,,10,2,3.6802291870117188,195.9935739996581,0.005259998943074606,0.0,0.012120000974391587,0.10659199870133307,2165.842762000466,0.03310999818495475,199.7467549990688,0.0729518123989692,199.67380318666983,,,,,[],2166.0727958096686
sweep_20260627_173015_a8b15101_results.jsonl,E1b.14,E1b,success,near_equal,near001,0.01,4,4,8,2,"[0.246, 0.248, 0.251, 0.256]",iterative,6,2,100,3,104,0.5,-20.500975999999998,-20.500996,-20.500996,True,True,False,False,True,9.75562358179797e-07,2.000000000279556e-05,True,False,0.007000000000000006,2131.3114069998846,,12,2,3.6923885345458984,189.5329250000941,0.004999999873689376,0.0,0.011850001101265661,0.10563100113358814,2132.005448998825,0.036819998058490455,193.29932600157917,0.07401246693916619,193.22531353464,,,,,[],2132.2387624659314
sweep_20260627_173015_a8b15101_results.jsonl,E1b.15,E1b,success,near_equal,near001,0.01,4,4,8,2,"[0.246, 0.248, 0.251, 0.256]",iterative,6,2,100,3,105,0.5,-20.500996,-20.500996,-20.500996,True,True,True,True,True,0.0,0.0,True,True,0.0030000000000000027,2182.93001299935,,2,2,3.705739974975586,192.33368300047005,0.005560001227422617,0.0,0.021240000933175907,0.11700100185407791,2183.610124999177,0.034360000427113846,196.1198940007307,0.08047102528507821,196.03942297544563,,,,,[],2183.868757028904
sweep_20260627_173015_a8b15101_results.jsonl,E1b.16,E1b,success,near_equal,near001,0.01,4,4,8,2,"[0.246, 0.248, 0.251, 0.256]",iterative,6,2,100,10,101,0.5,-20.500996,-20.500996,-20.500996,True,True,True,True,True,0.0,0.0,True,True,0.0030000000000000027,2181.193878999693,,2,2,3.7107467651367188,198.06931000130135,0.005040001269662753,0.0,0.013240000043879263,0.1129100000980543,2181.8650610002805,0.03379000008862931,201.85271199989074,0.07265523345267866,201.78005676643807,,,,,[],2182.1026962352335
sweep_20260627_173015_a8b15101_results.jsonl,E1b.17,E1b,success,near_equal,near001,0.01,4,4,8,2,"[0.246, 0.248, 0.251, 0.256]",iterative,6,2,100,10,102,0.5,-20.500996,-20.500996,-20.500996,True,True,True,True,True,0.0,0.0,True,True,0.0030000000000000027,2219.878346000769,,17,2,3.6809444427490234,194.97603099989647,0.005279998731566593,0.0,0.013040000339969993,0.11854999684146605,2220.564358001866,0.035200000638724305,198.73996200112742,0.08298655848193448,198.6569754426455,,,,,[],2220.8194145568996
sweep_20260627_173015_a8b15101_results.jsonl,E1b.18,E1b,success,near_equal,near001,0.01,4,4,8,2,"[0.246, 0.248, 0.251, 0.256]",iterative,6,2,100,10,103,0.5,-20.500996,-20.500996,-20.500996,True,True,True,True,True,0.0,0.0,True,True,0.0030000000000000027,2190.5256170011853,,10,2,3.6444664001464844,191.35921000088274,0.00540000110049732,0.0,0.012829999832320027,0.1127399991673883,2191.1799689987674,0.03409000055398792,195.08128099914757,0.07760459811834153,195.00367640102922,,,,,[],2191.42263359754
sweep_20260627_173015_a8b15101_results.jsonl,E1b.19,E1b,success,near_equal,near001,0.01,4,4,8,2,"[0.246, 0.248, 0.251, 0.256]",iterative,6,2,100,10,104,0.5,-20.500996,-20.500996,-20.500996,True,True,True,True,True,0.0,0.0,True,True,0.0030000000000000027,2123.4621229978075,,12,2,3.6590099334716797,194.64546000017435,0.005559999408433214,0.0,0.012150001566624269,0.11038000229746103,2124.128795001525,0.033269998311880045,198.37672100038617,0.0722510667401366,198.30446993364603,,,,,[],2124.3624060698494
sweep_20260627_173015_a8b15101_results.jsonl,E1b.20,E1b,success,near_equal,near001,0.01,4,4,8,2,"[0.246, 0.248, 0.251, 0.256]",iterative,6,2,100,10,105,0.5,-20.500996,-20.500996,-20.500996,True,True,True,True,True,0.0,0.0,True,True,0.0030000000000000027,2168.1393989983917,,2,2,3.690004348754883,193.1952149989229,0.0050199996621813625,0.0,0.01230000088980887,0.11284999891358893,2168.8201909983036,0.034210001103929244,196.9629769992025,0.07775765152473468,196.88521934767778,,,,,[],2169.062328650398
sweep_20260627_173015_a8b15101_results.jsonl,E1b.21,E1b,success,near_equal,near005,0.05,4,4,8,2,"[0.225, 0.245, 0.26, 0.275]",iterative,6,1,100,3,101,0.5,-20.505000000000003,-20.505000000000003,-20.505000000000003,True,True,True,True,True,0.0,0.0,True,True,0.0050000000000000044,1618.4649740007444,,5,2,3.6656856536865234,194.6013189990481,0.005599998985417187,0.0,0.012420001439750195,0.10919099986494984,1619.1482860012911,0.03470999945420772,198.34003999858396,0.07303534584934823,198.2670046527346,,,,,[],1619.3832423468848
sweep_20260627_173015_a8b15101_results.jsonl,E1b.22,E1b,success,near_equal,near005,0.05,4,4,8,2,"[0.225, 0.245, 0.26, 0.275]",iterative,6,1,100,3,102,0.5,-20.505000000000003,-20.505000000000003,-20.505000000000003,True,True,True,True,True,0.0,0.0,True,True,0.0050000000000000044,1544.979221001995,,7,2,3.7064552307128906,197.95341999997618,0.0051200004236306995,0.0,0.01207999957841821,0.10851000115508214,1545.6542629981413,0.03487100184429437,201.73346100091294,0.0735857702238718,201.65987523068907,,,,,[],1545.8884297713666
sweep_20260627_173015_a8b15101_results.jsonl,E1b.23,E1b,success,near_equal,near005,0.05,4,4,8,2,"[0.225, 0.245, 0.26, 0.275]",iterative,6,1,100,3,103,0.5,-20.5044,-20.505000000000003,-20.505000000000003,True,False,False,False,True,2.9261155815758357e-05,0.0006000000000021544,False,False,0.03500000000000003,1553.469796999707,,8,2,3.8144588470458984,192.1752230009588,0.005489999239216559,0.0,0.012450000212993473,0.11033000009774696,1554.1401989994483,0.036509998608380556,196.06368400127394,0.07400215326924808,195.9896818480047,,,,,[],1554.378981150876
sweep_20260627_173015_a8b15101_results.jsonl,E1b.24,E1b,success,near_equal,near005,0.05,4,4,8,2,"[0.225, 0.245, 0.26, 0.275]",iterative,6,1,100,3,104,0.5,-20.505000000000003,-20.505000000000003,-20.505000000000003,True,True,True,True,True,0.0,0.0,True,True,0.0050000000000000044,1612.159464000797,,8,2,3.6666393280029297,190.86101900029462,0.005140000212122686,0.0,0.012229998901602812,0.1111900000978494,1612.8119460008747,0.03402999755053315,194.61023999974714,0.08258167144958861,194.52765832829755,,,,,[],1613.0571176690864
sweep_20260627_173015_a8b15101_results.jsonl,E1b.25,E1b,success,near_equal,near005,0.05,4,4,8,2,"[0.225, 0.245, 0.26, 0.275]",iterative,6,1,100,3,105,0.5,-20.5044,-20.505000000000003,-20.505000000000003,True,False,False,False,True,2.9261155815758357e-05,0.0006000000000021544,False,False,0.03500000000000003,1550.6247270004678,,7,2,3.690004348754883,198.9204229994357,0.005719999535358511,0.0,0.012519998563220724,0.1137610015575774,1551.2873090010544,0.0344299987773411,202.68343399948208,0.0730066512915073,202.61042734819057,,,,,[],1551.5267466507794
sweep_20260627_173015_a8b15101_results.jsonl,E1b.26,E1b,success,near_equal,near005,0.05,4,4,8,2,"[0.225, 0.245, 0.26, 0.275]",iterative,6,1,100,10,101,0.5,-20.505000000000003,-20.505000000000003,-20.505000000000003,True,True,True,True,True,0.0,0.0,True,True,0.0050000000000000044,1538.0632300002617,,5,2,3.645181655883789,196.89052600006107,0.005309999323799275,0.0,0.012489999789977446,0.1145999995060265,1538.7162719998742,0.033609998354222625,200.60920799915039,0.07350034320552368,200.53570765594486,,,,,[],1538.9557823400537
sweep_20260627_173015_a8b15101_results.jsonl,E1b.27,E1b,success,near_equal,near005,0.05,4,4,8,2,"[0.225, 0.245, 0.26, 0.275]",iterative,6,1,100,10,102,0.5,-20.505000000000003,-20.505000000000003,-20.505000000000003,True,True,True,True,True,0.0,0.0,True,True,0.0050000000000000044,1549.6722849984508,,7,2,3.7240982055664062,199.4283740004903,0.004859999535256065,0.0,0.013249999028630555,0.10864999967452604,1550.346226998954,0.03568099964468274,203.23292500142998,0.08045279537327588,203.1524722060567,,,,,[],1550.5891207922105
sweep_20260627_173015_a8b15101_results.jsonl,E1b.28,E1b,success,near_equal,near005,0.05,4,4,8,2,"[0.225, 0.245, 0.26, 0.275]",iterative,6,1,100,10,103,0.5,-20.505000000000003,-20.505000000000003,-20.505000000000003,True,True,True,True,True,0.0,0.0,True,True,0.0050000000000000044,1616.501877000701,,8,2,3.6797523498535156,193.07376500000828,0.005840000085299835,0.0,0.012489999789977446,0.11817000086011831,1617.1690490009496,0.03384999763511587,196.829976999652,0.07645964979019482,196.7535173498618,,,,,[],1617.4158586491103
sweep_20260627_173015_a8b15101_results.jsonl,E1b.29,E1b,success,near_equal,near005,0.05,4,4,8,2,"[0.225, 0.245, 0.26, 0.275]",iterative,6,1,100,10,104,0.5,-20.505000000000003,-20.505000000000003,-20.505000000000003,True,True,True,True,True,0.0,0.0,True,True,0.0050000000000000044,1542.1937020000769,,8,2,3.5986900329589844,192.46927299900563,0.0053199983085505664,0.0,0.012579999747686088,0.11396199988666922,1542.8711540007498,0.034619999496499076,196.1417940001411,0.07383096817648038,196.0679630319646,,,,,[],1543.1114669663657
sweep_20260627_173015_a8b15101_results.jsonl,E1b.30,E1b,success,near_equal,near005,0.05,4,4,8,2,"[0.225, 0.245, 0.26, 0.275]",iterative,6,1,100,10,105,0.5,-20.505000000000003,-20.505000000000003,-20.505000000000003,True,True,True,True,True,0.0,0.0,True,True,0.0050000000000000044,1554.638719999275,,7,2,3.6592483520507812,194.95368100069754,0.006810001650592312,0.0,0.015719999282737263,0.1357100027234992,1555.3320220024034,0.034849997973651625,198.69704199845728,0.08411264570895582,198.61292935274832,,,,,[],1555.6092246497428
sweep_20260627_173015_a8b15101_results.jsonl,E1b.31,E1b,success,near_equal,near005,0.05,4,4,8,2,"[0.225, 0.245, 0.26, 0.275]",iterative,6,2,100,3,101,0.5,-20.505000000000003,-20.505000000000003,-20.505000000000003,True,True,True,True,True,0.0,0.0,True,True,0.0050000000000000044,2170.498155999667,,2,2,3.6478042602539062,189.54335400121636,0.00747099875297863,0.0,0.012309999874560162,0.1141399989137426,2171.1885679997067,0.03409000055398792,193.27062600132194,0.07946773985167965,193.19115826147026,,,,,[],2171.4360467376537
sweep_20260627_173015_a8b15101_results.jsonl,E1b.32,E1b,success,near_equal,near005,0.05,4,4,8,2,"[0.225, 0.245, 0.26, 0.275]",iterative,6,2,100,3,102,0.5,-20.5044,-20.505000000000003,-20.505000000000003,True,False,False,False,True,2.9261155815758357e-05,0.0006000000000021544,False,False,0.03500000000000003,2165.1682400006393,,12,2,3.652811050415039,196.11629399878439,0.005399999281507917,0.0,0.01332099964201916,0.11590099893510342,2165.8295319994068,0.03367099998285994,199.84203499916475,0.07292994996532798,199.76910504919942,,,,,[],2166.0707549472136
sweep_20260627_173015_a8b15101_results.jsonl,E1b.33,E1b,success,near_equal,near005,0.05,4,4,8,2,"[0.225, 0.245, 0.26, 0.275]",iterative,6,2,100,3,103,0.5,-20.5044,-20.505000000000003,-20.505000000000003,True,False,False,False,True,2.9261155815758357e-05,0.0006000000000021544,False,False,0.03500000000000003,2190.3075860009267,,10,2,3.6773681640625,196.94218699987687,0.005500000042957254,0.0,0.012270000297576189,0.10696000026655383,2190.9566180002003,0.03346999983477872,200.69426800000656,0.07471283606719226,200.61955516393937,,,,,[],2191.1895308367093
sweep_20260627_173015_a8b15101_results.jsonl,E1b.34,E1b,success,near_equal,near005,0.05,4,4,8,2,"[0.225, 0.245, 0.26, 0.275]",iterative,6,2,100,3,104,0.5,-20.5044,-20.505000000000003,-20.505000000000003,True,False,False,False,True,2.9261155815758357e-05,0.0006000000000021544,False,False,0.03500000000000003,2198.2129889984208,,12,2,3.660917282104492,195.45645299876924,0.0054700012697139755,0.0,0.013979999494040385,0.10960000145132653,2198.8864009999816,0.03411000034247991,199.19534400105476,0.07797372018103488,199.11737028087373,,,,,[],2199.12753472272
sweep_20260627_173015_a8b15101_results.jsonl,E1b.35,E1b,success,near_equal,near005,0.05,4,4,8,2,"[0.225, 0.245, 0.26, 0.275]",iterative,6,2,100,3,105,0.5,-20.505000000000003,-20.505000000000003,-20.505000000000003,True,True,True,True,True,0.0,0.0,True,True,0.0050000000000000044,2190.220775997659,,4,2,3.713846206665039,192.38879300064582,0.005909998435527086,0.0,0.013500000932253897,0.1232209997397149,2190.90407800104,0.03502000072330702,196.17732400001842,0.07468479270755779,196.10263920731086,,,,,[],2191.1564137935784
sweep_20260627_173015_a8b15101_results.jsonl,E1b.36,E1b,success,near_equal,near005,0.05,4,4,8,2,"[0.225, 0.245, 0.26, 0.275]",iterative,6,2,100,10,101,0.5,-20.505000000000003,-20.505000000000003,-20.505000000000003,True,True,True,True,True,0.0,0.0,True,True,0.0050000000000000044,2182.0021700004872,,2,2,3.672361373901367,190.44184800077346,0.005500000042957254,0.0,0.012399999832268804,0.11194099897693377,2182.706183000846,0.03446000118856318,194.19486900005722,0.08065962538239546,194.11420937467483,,,,,[],2182.951143626269
sweep_20260627_173015_a8b15101_results.jsonl,E1b.37,E1b,success,near_equal,near005,0.05,4,4,8,2,"[0.225, 0.245, 0.26, 0.275]",iterative,6,2,100,10,102,0.5,-20.505000000000003,-20.505000000000003,-20.505000000000003,True,True,True,True,True,0.0,0.0,True,True,0.0050000000000000044,2110.9521760008647,,12,2,3.7262439727783203,196.05835400034266,0.00537999949301593,0.0,0.012349999451544136,0.11260100109211635,2111.6122780003934,0.03382999784662388,199.85923600142996,0.07463802830898203,199.78459797312098,,,,,[],2111.8510770265857
sweep_20260627_173015_a8b15101_results.jsonl,E1b.38,E1b,success,near_equal,near005,0.05,4,4,8,2,"[0.225, 0.245, 0.26, 0.275]",iterative,6,2,100,10,103,0.5,-20.505000000000003,-20.505000000000003,-20.505000000000003,True,True,True,True,True,0.0,0.0,True,True,0.0050000000000000044,2164.628497999729,,10,2,3.641843795776367,191.45389999903273,0.0056799999583745375,0.0,0.012759999663103372,0.1256100022146711,2165.2879299999768,0.03330000072310213,195.16928099983488,0.07353720502578653,195.0957437948091,,,,,[],2165.538817207562
sweep_20260627_173015_a8b15101_results.jsonl,E1b.39,E1b,success,near_equal,near005,0.05,4,4,8,2,"[0.225, 0.245, 0.26, 0.275]",iterative,6,2,100,10,104,0.5,-20.505000000000003,-20.505000000000003,-20.505000000000003,True,True,True,True,True,0.0,0.0,True,True,0.0050000000000000044,2183.6198669989244,,12,2,3.673076629638672,192.16741200034448,0.005190000592847355,0.0,0.012049998986185528,0.10867999844776932,2184.2753689998062,0.0333500011038268,195.91911299903586,0.07862436905270442,195.84048862998316,,,,,[],2184.5132633679896
sweep_20260627_173015_a8b15101_results.jsonl,E1b.40,E1b,success,near_equal,near005,0.05,4,4,8,2,"[0.225, 0.245, 0.26, 0.275]",iterative,6,2,100,10,105,0.5,-20.505000000000003,-20.505000000000003,-20.505000000000003,True,True,True,True,True,0.0,0.0,True,True,0.0050000000000000044,2196.208213999853,,4,2,3.668546676635742,192.39534299958905,0.005420000888989307,0.0,0.012689999493886717,0.12022000191791449,2196.899006001331,0.03370099875610322,196.13874399874476,0.07485432251996826,196.0638896762248,,,,,[],2197.145891324908
sweep_20260627_173015_a8b15101_results.jsonl,E1b.41,E1b,success,near_equal,near010,0.1,4,4,8,2,"[0.2, 0.24, 0.27, 0.3]",iterative,6,1,100,3,101,0.5,-20.51,-20.51,-20.51,True,True,True,True,True,0.0,0.0,True,True,0.010000000000000009,1541.309080001156,,5,2,3.6776065826416016,196.69024599897966,0.005469999450724572,0.0,0.012440001228242181,0.12393999895721208,1541.9915620004758,0.03422999907343183,200.4589769985614,0.09112441694014706,200.36785258162126,,,,,[],1542.2587664161256
sweep_20260627_173015_a8b15101_results.jsonl,E1b.42,E1b,success,near_equal,near010,0.1,4,4,8,2,"[0.2, 0.24, 0.27, 0.3]",iterative,6,1,100,3,102,0.5,-20.51,-20.51,-20.51,True,True,True,True,True,0.0,0.0,True,True,0.010000000000000009,1544.5456100005686,,7,2,3.7109851837158203,202.40740400004142,0.005570000212173909,0.0,0.012800001059076749,0.11266999899817165,1545.2151720000984,0.0342699986504158,206.1930449999636,0.0746558162063593,206.11838918375724,,,,,[],1545.4551378152246
sweep_20260627_173015_a8b15101_results.jsonl,E1b.43,E1b,success,near_equal,near010,0.1,4,4,8,2,"[0.2, 0.24, 0.27, 0.3]",iterative,6,1,100,3,103,0.5,-20.5076,-20.51,-20.51,True,False,False,False,True,0.00011701608971240346,0.002400000000001512,False,False,0.07,1605.8614350004063,,8,2,3.6640167236328125,195.93734400041285,0.005489999239216559,0.0,0.012349999451544136,0.11567000183276832,1606.503316999806,0.033549998988746665,199.67796499986434,0.07660427581868134,199.60136072404566,,,,,[],1606.746981275137
sweep_20260627_173015_a8b15101_results.jsonl,E1b.44,E1b,success,near_equal,near010,0.1,4,4,8,2,"[0.2, 0.24, 0.27, 0.3]",iterative,6,1,100,3,104,0.5,-20.51,-20.51,-20.51,True,True,True,True,True,0.0,0.0,True,True,0.010000000000000009,1554.7649800009822,,8,2,3.645181655883789,199.92995599932328,0.005160000000614673,0.0,0.012150001566624269,0.11709999853337649,1555.4250329987553,0.035930001104134135,203.64873700054886,0.07359934534179047,203.57513765520707,,,,,[],1555.6689723453019
sweep_20260627_173015_a8b15101_results.jsonl,E1b.45,E1b,success,near_equal,near010,0.1,4,4,8,2,"[0.2, 0.24, 0.27, 0.3]",iterative,6,1,100,3,105,0.5,-20.51,-20.51,-20.51,True,True,True,True,True,0.0,0.0,True,True,0.010000000000000009,1550.6123279992607,,7,2,3.6580562591552734,198.80546300009883,0.005630001396639273,0.0,0.01272999907087069,0.10907000068982597,1551.2852600004408,0.03373000072315335,202.54369400026917,0.08017474101507105,202.4635192592541,,,,,[],1551.5265947433363
sweep_20260627_173015_a8b15101_results.jsonl,E1b.46,E1b,success,near_equal,near010,0.1,4,4,8,2,"[0.2, 0.24, 0.27, 0.3]",iterative,6,1,100,10,101,0.5,-20.51,-20.51,-20.51,True,True,True,True,True,0.0,0.0,True,True,0.010000000000000009,1543.5433059992647,,5,2,3.6869049072265625,199.39213399993605,0.004999999873689376,0.0,0.012829999832320027,0.11855000047944486,1544.2280579991348,0.03338999886182137,203.1587050005328,0.07966609337017871,203.0790389071626,,,,,[],1544.4774940915522
sweep_20260627_173015_a8b15101_results.jsonl,E1b.47,E1b,success,near_equal,near010,0.1,4,4,8,2,"[0.2, 0.24, 0.27, 0.3]",iterative,6,1,100,10,102,0.5,-20.51,-20.51,-20.51,True,True,True,True,True,0.0,0.0,True,True,0.010000000000000009,1604.035008998835,,7,2,3.6592483520507812,193.78690700068546,0.005270001565804705,0.0,0.012500000593718141,0.11025100320694037,1604.7147309982392,0.03426000148465391,197.52647899986187,0.08032364712562412,197.44615535273624,,,,,[],1604.957335652216
sweep_20260627_173015_a8b15101_results.jsonl,E1b.48,E1b,success,near_equal,near010,0.1,4,4,8,2,"[0.2, 0.24, 0.27, 0.3]",iterative,6,1,100,10,103,0.5,-20.51,-20.51,-20.51,True,True,True,True,True,0.0,0.0,True,True,0.010000000000000009,1541.57964100159,,8,2,3.6804676055908203,198.25617000060447,0.005699999746866524,0.0,0.012779999451595359,0.11280100079602562,1542.2283730003983,0.033519998396513984,202.0096320011362,0.0729943949409062,201.9366376061953,,,,,[],1542.4661683937302
sweep_20260627_173015_a8b15101_results.jsonl,E1b.49,E1b,success,near_equal,near010,0.1,4,4,8,2,"[0.2, 0.24, 0.27, 0.3]",iterative,6,1,100,10,104,0.5,-20.51,-20.51,-20.51,True,True,True,True,True,0.0,0.0,True,True,0.010000000000000009,1538.1600309992791,,8,2,3.684520721435547,196.20364399997925,0.006629999916185625,0.0,0.016570000298088416,0.13093100096739363,1538.9034829986485,0.03461099913693033,199.96624499981408,0.078080278399284,199.8881647214148,,,,,[],1539.1703052773664
sweep_20260627_173015_a8b15101_results.jsonl,E1b.50,E1b,success,near_equal,near010,0.1,4,4,8,2,"[0.2, 0.24, 0.27, 0.3]",iterative,6,1,100,10,105,0.5,-20.51,-20.51,-20.51,True,True,True,True,True,0.0,0.0,True,True,0.010000000000000009,1599.509075998867,,7,2,3.7314891815185547,197.41802799944708,0.005210000381339341,0.0,0.012140000762883574,0.11292999806755688,1600.2382679980656,0.03620000097726006,201.22875999913958,0.0792428181739524,201.14951718096563,,,,,[],1600.4839908164286
sweep_20260627_173015_a8b15101_results.jsonl,E1b.51,E1b,success,near_equal,near010,0.1,4,4,8,2,"[0.2, 0.24, 0.27, 0.3]",iterative,6,2,100,3,101,0.5,-20.51,-20.51,-20.51,True,True,True,True,True,0.0,0.0,True,True,0.010000000000000009,2170.9718690017326,,2,2,3.6742687225341797,197.04708700010087,0.005280000550555997,0.0,0.013509999917005189,0.11672100117721129,2171.635120999781,0.03398999979253858,200.7934990015201,0.07214327888505068,200.72135572263505,,,,,[],2171.8767652801034
sweep_20260627_173015_a8b15101_results.jsonl,E1b.52,E1b,success,near_equal,near010,0.1,4,4,8,2,"[0.2, 0.24, 0.27, 0.3]",iterative,6,2,100,3,102,0.5,-20.5076,-20.51,-20.51,True,False,False,False,True,0.00011701608971240346,0.002400000000001512,False,False,0.07,2178.570669999317,,12,2,3.6742687225341797,197.2021080000559,0.006469999789260328,0.0,0.016889998732949607,0.12806099948647898,2179.2330120006227,0.03355000080773607,200.95047900031204,0.07410227772197686,200.87637672259007,,,,,[],2179.492085277161
sweep_20260627_173015_a8b15101_results.jsonl,E1b.53,E1b,success,near_equal,near010,0.1,4,4,8,2,"[0.2, 0.24, 0.27, 0.3]",iterative,6,2,100,3,103,0.5,-20.5076,-20.51,-20.51,True,False,False,False,True,0.00011701608971240346,0.002400000000001512,False,False,0.07,2167.580576999171,,10,2,3.6525726318359375,196.3102350000554,0.006849999408586882,0.0,0.016191001122933812,0.12806000268028583,2168.247899000562,0.03402999936952256,200.04282599984435,0.08001836795301642,199.96280763189134,,,,,[],2168.5130483710964
sweep_20260627_173015_a8b15101_results.jsonl,E1b.54,E1b,success,near_equal,near010,0.1,4,4,8,2,"[0.2, 0.24, 0.27, 0.3]",iterative,6,2,100,3,104,0.5,-20.5076,-20.51,-20.51,True,False,False,False,True,0.00011701608971240346,0.002400000000001512,False,False,0.07,2106.741012999919,,12,2,3.711223602294922,194.8422200002824,0.005769999916083179,0.0,0.01227999928232748,0.11206999806745443,2107.40668499966,0.041730001612449996,198.6270119996334,0.07356839705607854,198.55344360257732,,,,,[],2107.652103395594
sweep_20260627_173015_a8b15101_results.jsonl,E1b.55,E1b,success,near_equal,near010,0.1,4,4,8,2,"[0.2, 0.24, 0.27, 0.3]",iterative,6,2,100,3,105,0.5,-20.51,-20.51,-20.51,True,True,True,True,True,0.0,0.0,True,True,0.010000000000000009,2199.269553000704,,4,2,3.7331581115722656,199.79853600125352,0.0070900005084695294,0.0,0.015460998838534579,0.12787000378011726,2199.9324850003177,0.04129000080865808,203.60598700062837,0.07429288780258503,203.5316941128258,,,,,[],2200.198488892056
sweep_20260627_173015_a8b15101_results.jsonl,E1b.56,E1b,success,near_equal,near010,0.1,4,4,8,2,"[0.2, 0.24, 0.27, 0.3]",iterative,6,2,100,10,101,0.5,-20.51,-20.51,-20.51,True,True,True,True,True,0.0,0.0,True,True,0.010000000000000009,2173.030304000349,,2,2,3.7119388580322266,196.0823640001763,0.0055799991969252005,0.0,0.012970000170753337,0.10996999844792299,2173.6983159989904,0.03372000173840206,199.8784749994229,0.084172141214367,199.79430285820854,,,,,[],2173.944728139759
sweep_20260627_173015_a8b15101_results.jsonl,E1b.57,E1b,success,near_equal,near010,0.1,4,4,8,2,"[0.2, 0.24, 0.27, 0.3]",iterative,6,2,100,10,102,0.5,-20.51,-20.51,-20.51,True,True,True,True,True,0.0,0.0,True,True,0.010000000000000009,2175.7852920000005,,12,2,3.7047863006591797,195.71282299875747,0.005449999662232585,0.0,0.012459999197744764,0.10780099910334684,2176.444963999529,0.034329999834881164,199.49556400024449,0.0779547008278314,199.41760929941665,,,,,[],2176.682959698155
sweep_20260627_173015_a8b15101_results.jsonl,E1b.58,E1b,success,near_equal,near010,0.1,4,4,8,2,"[0.2, 0.24, 0.27, 0.3]",iterative,6,2,100,10,103,0.5,-20.51,-20.51,-20.51,True,True,True,True,True,0.0,0.0,True,True,0.010000000000000009,2188.9441209987126,,10,2,3.7081241607666016,201.17393900000025,0.005350000719772652,0.0,0.012299999070819467,0.1130599976022495,2189.6118830009073,0.03547000051185023,204.95680100066238,0.0747378398955334,204.88206316076685,,,,,[],2189.8528008387075
sweep_20260627_173015_a8b15101_results.jsonl,E1b.59,E1b,success,near_equal,near010,0.1,4,4,8,2,"[0.2, 0.24, 0.27, 0.3]",iterative,6,2,100,10,104,0.5,-20.51,-20.51,-20.51,True,True,True,True,True,0.0,0.0,True,True,0.010000000000000009,2159.826183000405,,12,2,3.7431716918945312,205.07266099957633,0.005449999662232585,0.0,0.012340000466792844,0.11884000014106277,2160.5063149982016,0.03482999818515964,208.8957929991011,0.07996030763024464,208.81583269147086,,,,,[],2160.757735304287
sweep_20260627_173015_a8b15101_results.jsonl,E1b.60,E1b,success,near_equal,near010,0.1,4,4,8,2,"[0.2, 0.24, 0.27, 0.3]",iterative,6,2,100,10,105,0.5,-20.51,-20.51,-20.51,True,True,True,True,True,0.0,0.0,True,True,0.010000000000000009,2161.5326889987045,,4,2,3.6628246307373047,199.17691299997387,0.005939999027759768,0.0,0.013230001059127972,0.12083200090273749,2162.2029209993343,0.03364000076544471,202.91193400043994,0.07219636972877197,202.83973763071117,,,,,[],2162.448759370818
sweep_20260627_173015_a8b15101_results.jsonl,E1b.61,E1b,success,near_equal,near020,0.2,4,4,8,2,"[0.15, 0.23, 0.32, 0.35]",iterative,6,1,100,3,101,0.5,-20.55,-20.55,-20.55,True,True,True,True,True,0.0,0.0,True,True,0.050000000000000044,1618.2000219996553,,7,2,3.6590099334716797,204.2648589995224,0.005750000127591193,0.0,0.012120000974391587,0.11217000064789318,1618.8507940005366,0.03429999924264848,207.99618999990344,0.07232106690935325,207.92386893299408,,,,,[],1619.0874550684384
sweep_20260627_173015_a8b15101_results.jsonl,E1b.62,E1b,success,near_equal,near020,0.2,4,4,8,2,"[0.15, 0.23, 0.32, 0.35]",iterative,6,1,100,3,102,0.5,-20.5452,-20.55,-20.55,True,False,False,False,True,0.00023357664233572935,0.004799999999999471,False,False,0.10999999999999999,1554.5578299988847,,7,2,3.696918487548828,205.62050300031842,0.005489999239216559,0.0,0.01272999907087069,0.10827999722096138,1555.2072120008233,0.03355000080773607,209.39205400100036,0.07463251313311048,209.31742148786725,,,,,[],1555.4418945102952
sweep_20260627_173015_a8b15101_results.jsonl,E1b.63,E1b,success,near_equal,near020,0.2,4,4,8,2,"[0.15, 0.23, 0.32, 0.35]",iterative,6,1,100,3,103,0.5,-20.5452,-20.55,-20.55,True,False,False,False,True,0.00023357664233572935,0.004799999999999471,False,False,0.10999999999999999,1554.5068099982018,,8,2,3.7384033203125,203.69814700097777,0.006929998562554829,0.0,0.016400001186411828,0.1312710028287256,1555.1599919999717,0.03440000000409782,207.5158290008403,0.07927867955004331,207.43655032129027,,,,,[],1555.4282716821035
sweep_20260627_173015_a8b15101_results.jsonl,E1b.64,E1b,success,near_equal,near020,0.2,4,4,8,2,"[0.15, 0.23, 0.32, 0.35]",iterative,6,1,100,3,104,0.5,-20.55,-20.55,-20.55,True,True,True,True,True,0.0,0.0,True,True,0.050000000000000044,1599.6254769979714,,8,2,3.6759376525878906,200.20334600121714,0.006379999831551686,0.0,0.015749999874969944,0.13643000056617893,1600.3435980001086,0.03356999877723865,203.9525180007331,0.07323434692807496,203.87928365380503,,,,,[],1600.6089623460866
sweep_20260627_173015_a8b15101_results.jsonl,E1b.65,E1b,success,near_equal,near020,0.2,4,4,8,2,"[0.15, 0.23, 0.32, 0.35]",iterative,6,1,100,3,105,0.5,-20.55,-20.55,-20.55,True,True,True,True,True,0.0,0.0,True,True,0.050000000000000044,1552.9981649997353,,7,2,3.6971569061279297,203.7678570013668,0.0051200004236306995,0.0,0.011779999113059603,0.11172999984410126,1553.6558270014211,0.035280001611681655,207.54026899885503,0.0752550913603045,207.46501390749472,,,,,[],1553.894992093774
sweep_20260627_173015_a8b15101_results.jsonl,E1b.66,E1b,success,near_equal,near020,0.2,4,4,8,2,"[0.15, 0.23, 0.32, 0.35]",iterative,6,1,100,10,101,0.5,-20.55,-20.55,-20.55,True,True,True,True,True,0.0,0.0,True,True,0.050000000000000044,1566.1453449993132,,7,2,3.7233829498291016,207.89141000022937,0.005149999196873978,0.0,0.012709999282378703,0.1161599993793061,1566.8291969996062,0.03499999911582563,211.6957910002384,0.08099805017991457,211.61479295005847,,,,,[],1567.0792150467605
sweep_20260627_173015_a8b15101_results.jsonl,E1b.67,E1b,success,near_equal,near020,0.2,4,4,8,2,"[0.15, 0.23, 0.32, 0.35]",iterative,6,1,100,10,102,0.5,-20.55,-20.55,-20.55,True,True,True,True,True,0.0,0.0,True,True,0.050000000000000044,1561.1770400009846,,7,2,3.6656856536865234,201.73012100167398,0.005500000042957254,0.0,0.012869999409304,0.11607000124058686,1561.8359420022898,0.0341200011462206,205.46825300152705,0.07244634616654366,205.3958066553605,,,,,[],1562.0769483502954
sweep_20260627_173015_a8b15101_results.jsonl,E1b.68,E1b,success,near_equal,near020,0.2,4,4,8,2,"[0.15, 0.23, 0.32, 0.35]",iterative,6,1,100,10,103,0.5,-20.55,-20.55,-20.55,True,True,True,True,True,0.0,0.0,True,True,0.050000000000000044,1612.306745000751,,8,2,3.7653446197509766,203.268985998875,0.005089999831398018,0.0,0.012720000086119398,0.10784000187413767,1612.979567000366,0.03508999907353427,207.1145179997984,0.08018738117243629,207.03433061862597,,,,,[],1613.2204943824036
sweep_20260627_173015_a8b15101_results.jsonl,E1b.69,E1b,success,near_equal,near020,0.2,4,4,8,2,"[0.15, 0.23, 0.32, 0.35]",iterative,6,1,100,10,104,0.5,-20.55,-20.55,-20.55,True,True,True,True,True,0.0,0.0,True,True,0.050000000000000044,1568.3483619995968,,8,2,3.698587417602539,205.234881999786,0.005420000888989307,0.0,0.012659998901654035,0.11584000094444491,1569.005933999506,0.04169999920122791,209.00747399900865,0.07400458162010182,208.93346941738855,,,,,[],1569.2555585810624
sweep_20260627_173015_a8b15101_results.jsonl,E1b.70,E1b,success,near_equal,near020,0.2,4,4,8,2,"[0.15, 0.23, 0.32, 0.35]",iterative,6,1,100,10,105,0.5,-20.55,-20.55,-20.55,True,True,True,True,True,0.0,0.0,True,True,0.050000000000000044,1567.2639080003137,,7,2,3.665924072265625,201.00841899875377,0.005660000169882551,0.0,0.01222100036102347,0.11122999967483338,1567.9435699985333,0.033650001569185406,204.74784999896656,0.07350692794716451,204.6743430710194,,,,,[],1568.1798379282554
sweep_20260627_173015_a8b15101_results.jsonl,E1b.71,E1b,success,near_equal,near020,0.2,4,4,8,2,"[0.15, 0.23, 0.32, 0.35]",iterative,6,2,100,3,101,0.5,-20.55,-20.55,-20.55,True,True,True,True,True,0.0,0.0,True,True,0.050000000000000044,2169.903353000336,,2,2,3.7071704864501953,207.5396489999548,0.005170000804355368,0.0,0.012029999197693542,0.10834000022441614,2170.565735999844,0.03402999936952256,211.32357100032095,0.07675151391595136,211.246819486405,,,,,[],2170.802057513356
sweep_20260627_173015_a8b15101_results.jsonl,E1b.72,E1b,success,near_equal,near020,0.2,4,4,8,2,"[0.15, 0.23, 0.32, 0.35]",iterative,6,2,100,3,102,0.5,-20.5452,-20.55,-20.55,True,False,False,False,True,0.00023357664233572935,0.004799999999999471,False,False,0.10999999999999999,2186.2935829994967,,12,2,3.7279129028320312,207.8878190004616,0.005660000169882551,0.0,0.012799999240087345,0.11445099880802445,2186.9521850003366,0.0424899972131243,211.68994099934935,0.07420909605571069,211.61573190329364,,,,,[],2187.2017950918234
sweep_20260627_173015_a8b15101_results.jsonl,E1b.73,E1b,success,near_equal,near020,0.2,4,4,8,2,"[0.15, 0.23, 0.32, 0.35]",iterative,6,2,100,3,103,0.5,-20.5452,-20.55,-20.55,True,False,False,False,True,0.00023357664233572935,0.004799999999999471,False,False,0.10999999999999999,2169.2638130007253,,10,2,3.705739974975586,206.33871499921952,0.005240000973572023,0.0,0.01230000088980887,0.11900999925273936,2169.9314849993243,0.03425999966566451,210.11816700047348,0.07371202627837192,210.0444549741951,,,,,[],2170.1760070263845
sweep_20260627_173015_a8b15101_results.jsonl,E1b.74,E1b,success,near_equal,near020,0.2,4,4,8,2,"[0.15, 0.23, 0.32, 0.35]",iterative,6,2,100,3,104,0.5,-20.5452,-20.55,-20.55,True,False,False,False,True,0.00023357664233572935,0.004799999999999471,False,False,0.10999999999999999,2103.186291000384,,12,2,3.6656856536865234,200.1860670006863,0.005469999450724572,0.0,0.01281000004382804,0.11088099927292205,2103.8566129991523,0.03392000144231133,203.92673799869954,0.07498534432670567,203.85175265437283,,,,,[],2104.0946793436888
sweep_20260627_173015_a8b15101_results.jsonl,E1b.75,E1b,success,near_equal,near020,0.2,4,4,8,2,"[0.15, 0.23, 0.32, 0.35]",iterative,6,2,100,3,105,0.5,-20.55,-20.55,-20.55,True,True,True,True,True,0.0,0.0,True,True,0.050000000000000044,2162.2118600007525,,2,2,3.6478042602539062,206.40085599916347,0.0048700003389967605,0.0,0.012320000678300858,0.11077999806730077,2162.8663319988846,0.03343999924254604,210.12054700076988,0.0718867413525004,210.04866025941737,,,,,[],2163.099628738564
sweep_20260627_173015_a8b15101_results.jsonl,E1b.76,E1b,success,near_equal,near020,0.2,4,4,8,2,"[0.15, 0.23, 0.32, 0.35]",iterative,6,2,100,10,101,0.5,-20.55,-20.55,-20.55,True,True,True,True,True,0.0,0.0,True,True,0.050000000000000044,2161.7304789997434,,2,2,3.6382675170898438,200.09964600103558,0.006270000085351057,0.0,0.011919999451492913,0.10941999971691985,2162.429621001138,0.034020000384771265,203.8104570001451,0.07254348201968241,203.73791351812542,,,,,[],2162.663794482796
sweep_20260627_173015_a8b15101_results.jsonl,E1b.77,E1b,success,near_equal,near020,0.2,4,4,8,2,"[0.15, 0.23, 0.32, 0.35]",iterative,6,2,100,10,102,0.5,-20.55,-20.55,-20.55,True,True,True,True,True,0.0,0.0,True,True,0.050000000000000044,2162.073039999086,,12,2,3.7384033203125,199.93757599877426,0.005039999450673349,0.0,0.012450000212993473,0.1095810002880171,2162.7397920001386,0.03379000008862931,203.75256700026512,0.0765876811783528,203.67597931908676,,,,,[],2162.977240681357
sweep_20260627_173015_a8b15101_results.jsonl,E1b.78,E1b,success,near_equal,near020,0.2,4,4,8,2,"[0.15, 0.23, 0.32, 0.35]",iterative,6,2,100,10,103,0.5,-20.55,-20.55,-20.55,True,True,True,True,True,0.0,0.0,True,True,0.050000000000000044,2179.0120510013367,,10,2,3.6971569061279297,199.52101499984565,0.005699999746866524,0.0,0.012839998817071319,0.11189999895577785,2179.677352998624,0.03330000072310213,203.29101600145805,0.07284409548447002,203.21817190597358,,,,,[],2179.9139370923513
sweep_20260627_173015_a8b15101_results.jsonl,E1b.79,E1b,success,near_equal,near020,0.2,4,4,8,2,"[0.15, 0.23, 0.32, 0.35]",iterative,6,2,100,10,104,0.5,-20.55,-20.55,-20.55,True,True,True,True,True,0.0,0.0,True,True,0.050000000000000044,2100.726714999837,,12,2,3.7794113159179688,203.05452600041463,0.005140000212122686,0.0,0.012419999620760791,0.10798999937833287,2101.4597070025047,0.034750000850181095,206.91003700085275,0.07609968452015892,206.8339373163326,,,,,[],2101.6961066870863
sweep_20260627_173015_a8b15101_results.jsonl,E1b.80,E1b,success,near_equal,near020,0.2,4,4,8,2,"[0.15, 0.23, 0.32, 0.35]",iterative,6,2,100,10,105,0.5,-20.55,-20.55,-20.55,True,True,True,True,True,0.0,0.0,True,True,0.050000000000000044,2159.0473910000583,,2,2,3.6563873291015625,200.2947769997263,0.0058800014812732115,0.0,0.013479999324772507,0.11436999739089515,2159.7192929984885,0.03346000266901683,204.03077799892344,0.07961367009556852,203.95116432882787,,,,,[],2159.96609666945
sweep_20260627_173015_a8b15101_results.jsonl,E1c.1,E1c,success,cpu_io_profiles,io01,,6,2,4,2,null,iterative,6,1,100,3,101,0.1,-10.4559708,-10.4559708,-10.4559708,True,True,True,True,True,0.0,0.0,True,True,0.5613,622.2260949998599,,7,1,0.15878677368164062,117.64562600001227,0.0,26.166548999754013,0.011361000360921025,0.06546999975398649,622.5429659989459,0.02485999903001357,117.87572700086457,0.07131422717066016,117.80441277369391,2,1.0,0.9767859205851132,0.29455218197661576,"[{""aggregate_cpu_weight"": 0.8345, ""aggregate_rss_mb"": 720.0, ""bundle_id"": 0, ""member_commands"": [""cpu_bound_1"", ""cpu_bound_2"", ""cpu_bound_3""], ""member_pids"": [2101, 2102, 2103]}, {""aggregate_cpu_weight"": 0.2732, ""aggregate_rss_mb"": 5760.0, ""bundle_id"": 1, ""member_commands"": [""io_bound_1"", ""io_bound_2"", ""io_bound_3""], ""member_pids"": [2201, 2202, 2203]}]",648.8825202250155
sweep_20260627_173015_a8b15101_results.jsonl,E1c.2,E1c,success,cpu_io_profiles,io01,,6,2,4,2,null,iterative,6,1,100,3,102,0.1,-10.4559708,-10.4559708,-10.4559708,True,True,True,True,True,0.0,0.0,True,True,0.5613,629.3500859992491,,3,1,0.1621246337890625,122.19983000068169,0.0,4.033081999295973,0.009749999662744813,0.06061000021873042,629.6681069998158,0.024920000214478932,122.44306100001268,0.08110636554192752,122.36195463447075,2,1.0,0.9767859205851132,0.29455218197661576,"[{""aggregate_cpu_weight"": 0.8345, ""aggregate_rss_mb"": 720.0, ""bundle_id"": 0, ""member_commands"": [""cpu_bound_1"", ""cpu_bound_2"", ""cpu_bound_3""], ""member_pids"": [2101, 2102, 2103]}, {""aggregate_cpu_weight"": 0.2732, ""aggregate_rss_mb"": 5760.0, ""bundle_id"": 1, ""member_commands"": [""io_bound_1"", ""io_bound_2"", ""io_bound_3""], ""member_pids"": [2201, 2202, 2203]}]",633.8775753647496
sweep_20260627_173015_a8b15101_results.jsonl,E1c.3,E1c,success,cpu_io_profiles,io01,,6,2,4,2,null,iterative,6,1,100,3,103,0.1,-10.4559708,-10.4559708,-10.4559708,True,True,True,True,True,0.0,0.0,True,True,0.5613,624.534622000283,,8,1,0.15997886657714844,117.53580599906854,0.0,4.244451998602017,0.010280000424245372,0.065831000028993,624.8586429992429,0.02519999907235615,117.76484700021683,0.06906213457114063,117.69578486564569,2,1.0,0.9767859205851132,0.29455218197661576,"[{""aggregate_cpu_weight"": 0.8345, ""aggregate_rss_mb"": 720.0, ""bundle_id"": 0, ""member_commands"": [""cpu_bound_1"", ""cpu_bound_2"", ""cpu_bound_3""], ""member_pids"": [2101, 2102, 2103]}, {""aggregate_cpu_weight"": 0.2732, ""aggregate_rss_mb"": 5760.0, ""bundle_id"": 1, ""member_commands"": [""io_bound_1"", ""io_bound_2"", ""io_bound_3""], ""member_pids"": [2201, 2202, 2203]}]",629.2734681319416
sweep_20260627_173015_a8b15101_results.jsonl,E1c.4,E1c,success,cpu_io_profiles,io01,,6,2,4,2,null,iterative,6,1,100,3,104,0.1,-10.4559708,-10.4559708,-10.4559708,True,True,True,True,True,0.0,0.0,True,True,0.5613,624.7914430005039,,4,1,0.16021728515625,118.7784189987724,0.0,4.135162000238779,0.010449999535921961,0.06444000064220745,625.1256939995073,0.025460001779720187,119.00765000063984,0.06901371671119705,118.93863628392864,2,1.0,0.9767859205851132,0.29455218197661576,"[{""aggregate_cpu_weight"": 0.8345, ""aggregate_rss_mb"": 720.0, ""bundle_id"": 0, ""member_commands"": [""cpu_bound_1"", ""cpu_bound_2"", ""cpu_bound_3""], ""member_pids"": [2101, 2102, 2103]}, {""aggregate_cpu_weight"": 0.2732, ""aggregate_rss_mb"": 5760.0, ""bundle_id"": 1, ""member_commands"": [""io_bound_1"", ""io_bound_2"", ""io_bound_3""], ""member_pids"": [2201, 2202, 2203]}]",629.4302197184152
sweep_20260627_173015_a8b15101_results.jsonl,E1c.5,E1c,success,cpu_io_profiles,io01,,6,2,4,2,null,iterative,6,1,100,3,105,0.1,-10.4559708,-10.4559708,-10.4559708,True,True,True,True,True,0.0,0.0,True,True,0.5613,633.7904110005184,,3,1,0.15854835510253906,117.22434500006784,0.0,3.9264220013137674,0.008959999831859022,0.06030000076862052,634.1675920011767,0.025941000785678625,117.45229500047571,0.06940164530533366,117.38289335517038,2,1.0,0.9767859205851132,0.29455218197661576,"[{""aggregate_cpu_weight"": 0.8345, ""aggregate_rss_mb"": 720.0, ""bundle_id"": 0, ""member_commands"": [""cpu_bound_1"", ""cpu_bound_2"", ""cpu_bound_3""], ""member_pids"": [2101, 2102, 2103]}, {""aggregate_cpu_weight"": 0.2732, ""aggregate_rss_mb"": 5760.0, ""bundle_id"": 1, ""member_commands"": [""io_bound_1"", ""io_bound_2"", ""io_bound_3""], ""member_pids"": [2201, 2202, 2203]}]",638.2586166491819
sweep_20260627_173015_a8b15101_results.jsonl,E1c.6,E1c,success,cpu_io_profiles,io01,,6,2,4,2,null,iterative,6,1,100,10,101,0.1,-10.4559708,-10.4559708,-10.4559708,True,True,True,True,True,0.0,0.0,True,True,0.5613,632.7298369997152,,7,1,0.15807151794433594,117.55551600072067,0.0,4.166992999671493,0.009810000847210176,0.06259999645408243,633.0552580002404,0.027861000489792787,117.78275600045163,0.06916848178661894,117.71358751866501,2,1.0,0.9767859205851132,0.29455218197661576,"[{""aggregate_cpu_weight"": 0.8345, ""aggregate_rss_mb"": 720.0, ""bundle_id"": 0, ""member_commands"": [""cpu_bound_1"", ""cpu_bound_2"", ""cpu_bound_3""], ""member_pids"": [2101, 2102, 2103]}, {""aggregate_cpu_weight"": 0.2732, ""aggregate_rss_mb"": 5760.0, ""bundle_id"": 1, ""member_commands"": [""io_bound_1"", ""io_bound_2"", ""io_bound_3""], ""member_pids"": [2201, 2202, 2203]}]",637.3916904794896
sweep_20260627_173015_a8b15101_results.jsonl,E1c.7,E1c,success,cpu_io_profiles,io01,,6,2,4,2,null,iterative,6,1,100,10,102,0.1,-10.4559708,-10.4559708,-10.4559708,True,True,True,True,True,0.0,0.0,True,True,0.5613,644.8284739999508,,3,1,0.15926361083984375,118.0364069987263,0.0,4.133551999984775,0.013099999705445953,0.0746100013202522,645.1748250001401,0.02508000034140423,118.26426799962064,0.06859739005449228,118.19567060956615,2,1.0,0.9767859205851132,0.29455218197661576,"[{""aggregate_cpu_weight"": 0.8345, ""aggregate_rss_mb"": 720.0, ""bundle_id"": 0, ""member_commands"": [""cpu_bound_1"", ""cpu_bound_2"", ""cpu_bound_3""], ""member_pids"": [2101, 2102, 2103]}, {""aggregate_cpu_weight"": 0.2732, ""aggregate_rss_mb"": 5760.0, ""bundle_id"": 1, ""member_commands"": [""io_bound_1"", ""io_bound_2"", ""io_bound_3""], ""member_pids"": [2201, 2202, 2203]}]",649.4897643915465
sweep_20260627_173015_a8b15101_results.jsonl,E1c.8,E1c,success,cpu_io_profiles,io01,,6,2,4,2,null,iterative,6,1,100,10,103,0.1,-10.4559708,-10.4559708,-10.4559708,True,True,True,True,True,0.0,0.0,True,True,0.5613,625.8736059990042,,8,1,0.17023086547851562,119.05647999992652,0.0,4.015411999716889,0.009610001143300906,0.06253099854802713,626.1992770014331,0.025299999833805487,119.29663100090693,0.06992013550188858,119.22671086540504,2,1.0,0.9767859205851132,0.29455218197661576,"[{""aggregate_cpu_weight"": 0.8345, ""aggregate_rss_mb"": 720.0, ""bundle_id"": 0, ""member_commands"": [""cpu_bound_1"", ""cpu_bound_2"", ""cpu_bound_3""], ""member_pids"": [2101, 2102, 2103]}, {""aggregate_cpu_weight"": 0.2732, ""aggregate_rss_mb"": 5760.0, ""bundle_id"": 1, ""member_commands"": [""io_bound_1"", ""io_bound_2"", ""io_bound_3""], ""member_pids"": [2201, 2202, 2203]}]",630.382050136177
sweep_20260627_173015_a8b15101_results.jsonl,E1c.9,E1c,success,cpu_io_profiles,io01,,6,2,4,2,null,iterative,6,1,100,10,104,0.1,-10.4559708,-10.4559708,-10.4559708,True,True,True,True,True,0.0,0.0,True,True,0.5613,621.9668940011616,,4,1,0.16021728515625,118.75481000060972,0.0,4.109241999685764,0.01038000118569471,0.07309999818971846,622.299534999911,0.02499999936844688,118.98831100006646,0.07328371430048719,118.91502728576597,2,1.0,0.9767859205851132,0.29455218197661576,"[{""aggregate_cpu_weight"": 0.8345, ""aggregate_rss_mb"": 720.0, ""bundle_id"": 0, ""member_commands"": [""cpu_bound_1"", ""cpu_bound_2"", ""cpu_bound_3""], ""member_pids"": [2101, 2102, 2103]}, {""aggregate_cpu_weight"": 0.2732, ""aggregate_rss_mb"": 5760.0, ""bundle_id"": 1, ""member_commands"": [""io_bound_1"", ""io_bound_2"", ""io_bound_3""], ""member_pids"": [2201, 2202, 2203]}]",626.5905407126411
sweep_20260627_173015_a8b15101_results.jsonl,E1c.10,E1c,success,cpu_io_profiles,io01,,6,2,4,2,null,iterative,6,1,100,10,105,0.1,-10.4559708,-10.4559708,-10.4559708,True,True,True,True,True,0.0,0.0,True,True,0.5613,629.0403259990853,,3,1,0.15974044799804688,120.34482399940316,0.0,4.117762999158003,0.010089999705087394,0.06448999738495331,629.3624769987218,0.024900000425986946,120.57932499919843,0.07476055179722607,120.50456444740121,2,1.0,0.9767859205851132,0.29455218197661576,"[{""aggregate_cpu_weight"": 0.8345, ""aggregate_rss_mb"": 720.0, ""bundle_id"": 0, ""member_commands"": [""cpu_bound_1"", ""cpu_bound_2"", ""cpu_bound_3""], ""member_pids"": [2101, 2102, 2103]}, {""aggregate_cpu_weight"": 0.2732, ""aggregate_rss_mb"": 5760.0, ""bundle_id"": 1, ""member_commands"": [""io_bound_1"", ""io_bound_2"", ""io_bound_3""], ""member_pids"": [2201, 2202, 2203]}]",633.6544805471931
sweep_20260627_173015_a8b15101_results.jsonl,E1c.11,E1c,success,cpu_io_profiles,io01,,6,2,4,2,null,iterative,6,2,100,3,101,0.1,-10.4559708,-10.4559708,-10.4559708,True,True,True,True,True,0.0,0.0,True,True,0.5613,855.9557530006714,,2,1,0.15974044799804688,117.96083799890766,0.0,4.136383000513888,0.009590001354808919,0.06027999916113913,856.2961540010292,0.025069999537663534,118.18977799885033,0.06919955194462091,118.12057844690571,2,1.0,0.9767859205851132,0.29455218197661576,"[{""aggregate_cpu_weight"": 0.8345, ""aggregate_rss_mb"": 720.0, ""bundle_id"": 0, ""member_commands"": [""cpu_bound_1"", ""cpu_bound_2"", ""cpu_bound_3""], ""member_pids"": [2101, 2102, 2103]}, {""aggregate_cpu_weight"": 0.2732, ""aggregate_rss_mb"": 5760.0, ""bundle_id"": 1, ""member_commands"": [""io_bound_1"", ""io_bound_2"", ""io_bound_3""], ""member_pids"": [2201, 2202, 2203]}]",860.5966765535413
sweep_20260627_173015_a8b15101_results.jsonl,E1c.12,E1c,success,cpu_io_profiles,io01,,6,2,4,2,null,iterative,6,2,100,3,102,0.1,-10.4559708,-10.4559708,-10.4559708,True,True,True,True,True,0.0,0.0,True,True,0.5613,789.740623000398,,12,1,0.15926361083984375,117.56370699913532,0.0,3.9584720016137,0.009939998562913388,0.06063000000722241,790.10682399894,0.025909999749273993,117.79134700009308,0.06837639011791907,117.72297060997516,2,1.0,0.9767859205851132,0.29455218197661576,"[{""aggregate_cpu_weight"": 0.8345, ""aggregate_rss_mb"": 720.0, ""bundle_id"": 0, ""member_commands"": [""cpu_bound_1"", ""cpu_bound_2"", ""cpu_bound_3""], ""member_pids"": [2101, 2102, 2103]}, {""aggregate_cpu_weight"": 0.2732, ""aggregate_rss_mb"": 5760.0, ""bundle_id"": 1, ""member_commands"": [""io_bound_1"", ""io_bound_2"", ""io_bound_3""], ""member_pids"": [2201, 2202, 2203]}]",794.230152388991
sweep_20260627_173015_a8b15101_results.jsonl,E1c.13,E1c,success,cpu_io_profiles,io01,,6,2,4,2,null,iterative,6,2,100,3,103,0.1,-10.4559708,-10.4559708,-10.4559708,True,True,True,True,True,0.0,0.0,True,True,0.5613,787.3853849996522,,9,1,0.1609325408935547,117.95520700070483,0.0,4.170483000052627,0.010870000551221892,0.06906999806233216,787.7140159998817,0.025400000595254824,118.18487799973809,0.06873845813970547,118.11613954159839,2,1.0,0.9767859205851132,0.29455218197661576,"[{""aggregate_cpu_weight"": 0.8345, ""aggregate_rss_mb"": 720.0, ""bundle_id"": 0, ""member_commands"": [""cpu_bound_1"", ""cpu_bound_2"", ""cpu_bound_3""], ""member_pids"": [2101, 2102, 2103]}, {""aggregate_cpu_weight"": 0.2732, ""aggregate_rss_mb"": 5760.0, ""bundle_id"": 1, ""member_commands"": [""io_bound_1"", ""io_bound_2"", ""io_bound_3""], ""member_pids"": [2201, 2202, 2203]}]",792.0585774572828
sweep_20260627_173015_a8b15101_results.jsonl,E1c.14,E1c,success,cpu_io_profiles,io01,,6,2,4,2,null,iterative,6,2,100,3,104,0.1,-10.4559708,-10.4559708,-10.4559708,True,True,True,True,True,0.0,0.0,True,True,0.5613,794.6652070004347,,12,1,0.1614093780517578,116.25500199988892,0.0,4.138652999245096,0.019189999875379726,0.06371100062096957,795.0005180009612,0.025120001737377606,116.48454299938749,0.06813162144680973,116.41641137794068,2,1.0,0.9767859205851132,0.29455218197661576,"[{""aggregate_cpu_weight"": 0.8345, ""aggregate_rss_mb"": 720.0, ""bundle_id"": 0, ""member_commands"": [""cpu_bound_1"", ""cpu_bound_2"", ""cpu_bound_3""], ""member_pids"": [2101, 2102, 2103]}, {""aggregate_cpu_weight"": 0.2732, ""aggregate_rss_mb"": 5760.0, ""bundle_id"": 1, ""member_commands"": [""io_bound_1"", ""io_bound_2"", ""io_bound_3""], ""member_pids"": [2201, 2202, 2203]}]",799.3153236238868
sweep_20260627_173015_a8b15101_results.jsonl,E1c.15,E1c,success,cpu_io_profiles,io01,,6,2,4,2,null,iterative,6,2,100,3,105,0.1,-10.4559708,-10.4559708,-10.4559708,True,True,True,True,True,0.0,0.0,True,True,0.5613,790.3566640015924,,2,1,0.15974044799804688,120.21188500148128,0.0,4.175083000518498,0.009610001143300906,0.059260002672090195,790.6850350009336,0.025319999622297473,120.44443500053603,0.07280955105670728,120.37162544947932,2,1.0,0.9767859205851132,0.29455218197661576,"[{""aggregate_cpu_weight"": 0.8345, ""aggregate_rss_mb"": 720.0, ""bundle_id"": 0, ""member_commands"": [""cpu_bound_1"", ""cpu_bound_2"", ""cpu_bound_3""], ""member_pids"": [2101, 2102, 2103]}, {""aggregate_cpu_weight"": 0.2732, ""aggregate_rss_mb"": 5760.0, ""bundle_id"": 1, ""member_commands"": [""io_bound_1"", ""io_bound_2"", ""io_bound_3""], ""member_pids"": [2201, 2202, 2203]}]",795.0271175559465
sweep_20260627_173015_a8b15101_results.jsonl,E1c.16,E1c,success,cpu_io_profiles,io01,,6,2,4,2,null,iterative,6,2,100,10,101,0.1,-10.4559708,-10.4559708,-10.4559708,True,True,True,True,True,0.0,0.0,True,True,0.5613,791.4704680006253,,2,1,0.16450881958007812,116.76606400033052,0.0,4.149402000621194,0.009609999324311502,0.06212000153027475,791.8036290011514,0.02538999979151413,117.00315400048567,0.0725811805750709,116.9305728199106,2,1.0,0.9767859205851132,0.29455218197661576,"[{""aggregate_cpu_weight"": 0.8345, ""aggregate_rss_mb"": 720.0, ""bundle_id"": 0, ""member_commands"": [""cpu_bound_1"", ""cpu_bound_2"", ""cpu_bound_3""], ""member_pids"": [2101, 2102, 2103]}, {""aggregate_cpu_weight"": 0.2732, ""aggregate_rss_mb"": 5760.0, ""bundle_id"": 1, ""member_commands"": [""io_bound_1"", ""io_bound_2"", ""io_bound_3""], ""member_pids"": [2201, 2202, 2203]}]",796.1227321829938
sweep_20260627_173015_a8b15101_results.jsonl,E1c.17,E1c,success,cpu_io_profiles,io01,,6,2,4,2,null,iterative,6,2,100,10,102,0.1,-10.4559708,-10.4559708,-10.4559708,True,True,True,True,True,0.0,0.0,True,True,0.5613,790.9316469995247,,12,1,0.15997886657714844,116.45394300103362,0.0,3.9582619992870605,0.009629999112803489,0.06092999865359161,791.2680580011511,0.024959999791462906,116.68175399972824,0.06783213211747352,116.61392186761077,2,1.0,0.9767859205851132,0.29455218197661576,"[{""aggregate_cpu_weight"": 0.8345, ""aggregate_rss_mb"": 720.0, ""bundle_id"": 0, ""member_commands"": [""cpu_bound_1"", ""cpu_bound_2"", ""cpu_bound_3""], ""member_pids"": [2101, 2102, 2103]}, {""aggregate_cpu_weight"": 0.2732, ""aggregate_rss_mb"": 5760.0, ""bundle_id"": 1, ""member_commands"": [""io_bound_1"", ""io_bound_2"", ""io_bound_3""], ""member_pids"": [2201, 2202, 2203]}]",795.3896721301135
sweep_20260627_173015_a8b15101_results.jsonl,E1c.18,E1c,success,cpu_io_profiles,io01,,6,2,4,2,null,iterative,6,2,100,10,103,0.1,-10.4559708,-10.4559708,-10.4559708,True,True,True,True,True,0.0,0.0,True,True,0.5613,856.5426950008259,,9,1,0.15974044799804688,116.9477450002887,0.0,3.9197219994093757,0.009389999831910245,0.05980100104352459,856.8713559998287,0.025370000003022142,117.17641500035825,0.06892955207149498,117.10748544828675,2,1.0,0.9767859205851132,0.29455218197661576,"[{""aggregate_cpu_weight"": 0.8345, ""aggregate_rss_mb"": 720.0, ""bundle_id"": 0, ""member_commands"": [""cpu_bound_1"", ""cpu_bound_2"", ""cpu_bound_3""], ""member_pids"": [2101, 2102, 2103]}, {""aggregate_cpu_weight"": 0.2732, ""aggregate_rss_mb"": 5760.0, ""bundle_id"": 1, ""member_commands"": [""io_bound_1"", ""io_bound_2"", ""io_bound_3""], ""member_pids"": [2201, 2202, 2203]}]",860.954568552188
sweep_20260627_173015_a8b15101_results.jsonl,E1c.19,E1c,success,cpu_io_profiles,io01,,6,2,4,2,null,iterative,6,2,100,10,104,0.1,-10.4559708,-10.4559708,-10.4559708,True,True,True,True,True,0.0,0.0,True,True,0.5613,790.0930839987268,,12,1,0.16760826110839844,117.9913169999054,0.0,4.017041999759385,0.00965999970503617,0.06092000148782972,790.4224449994217,0.024779999876045622,118.22703899997578,0.06811373896198347,118.15892526101379,2,1.0,0.9767859205851132,0.29455218197661576,"[{""aggregate_cpu_weight"": 0.8345, ""aggregate_rss_mb"": 720.0, ""bundle_id"": 0, ""member_commands"": [""cpu_bound_1"", ""cpu_bound_2"", ""cpu_bound_3""], ""member_pids"": [2101, 2102, 2103]}, {""aggregate_cpu_weight"": 0.2732, ""aggregate_rss_mb"": 5760.0, ""bundle_id"": 1, ""member_commands"": [""io_bound_1"", ""io_bound_2"", ""io_bound_3""], ""member_pids"": [2201, 2202, 2203]}]",794.602960739212
sweep_20260627_173015_a8b15101_results.jsonl,E1c.20,E1c,success,cpu_io_profiles,io01,,6,2,4,2,null,iterative,6,2,100,10,105,0.1,-10.4559708,-10.4559708,-10.4559708,True,True,True,True,True,0.0,0.0,True,True,0.5613,788.8922600013757,,2,1,0.17499923706054688,116.81973399936396,0.0,4.008002000773558,0.009810000847210176,0.060680000387947075,789.3261409990373,0.026109999453183264,117.06620500081044,0.07147176438593306,116.99473323642451,2,1.0,0.9767859205851132,0.29455218197661576,"[{""aggregate_cpu_weight"": 0.8345, ""aggregate_rss_mb"": 720.0, ""bundle_id"": 0, ""member_commands"": [""cpu_bound_1"", ""cpu_bound_2"", ""cpu_bound_3""], ""member_pids"": [2101, 2102, 2103]}, {""aggregate_cpu_weight"": 0.2732, ""aggregate_rss_mb"": 5760.0, ""bundle_id"": 1, ""member_commands"": [""io_bound_1"", ""io_bound_2"", ""io_bound_3""], ""member_pids"": [2201, 2202, 2203]}]",793.5022147648851
sweep_20260627_173015_a8b15101_results.jsonl,E1c.21,E1c,success,cpu_io_profiles,io05,,6,2,4,2,null,iterative,6,1,100,3,101,0.5,-10.26975,-10.26975,-10.26975,True,True,True,True,True,0.0,0.0,True,True,0.6465,623.5206790006487,,4,1,0.1609325408935547,121.093687001121,0.0,3.873851999742328,0.009429999408894219,0.0603400021645939,623.8439099997777,0.024590999601059593,121.3238669988641,0.06924745684955269,121.25461954201455,2,1.0,0.9836319003999753,0.2936216396226397,"[{""aggregate_cpu_weight"": 0.8125, ""aggregate_rss_mb"": 720.0, ""bundle_id"": 0, ""member_commands"": [""cpu_bound_1"", ""cpu_bound_2"", ""cpu_bound_3""], ""member_pids"": [2101, 2102, 2103]}, {""aggregate_cpu_weight"": 0.166, ""aggregate_rss_mb"": 5760.0, ""bundle_id"": 1, ""member_commands"": [""io_bound_1"", ""io_bound_2"", ""io_bound_3""], ""member_pids"": [2201, 2202, 2203]}]",627.8813704575441
sweep_20260627_173015_a8b15101_results.jsonl,E1c.22,E1c,success,cpu_io_profiles,io05,,6,2,4,2,null,iterative,6,1,100,3,102,0.5,-10.26975,-10.26975,-10.26975,True,True,True,True,True,0.0,0.0,True,True,0.6465,624.9829230000614,,3,1,0.1628398895263672,124.42491699948732,0.0,4.128131999095785,0.010300000212737359,0.06354999823088292,625.3091739999945,0.025891000404953957,124.65715800135513,0.06940111234143842,124.58775688901369,2,1.0,0.9836319003999753,0.2936216396226397,"[{""aggregate_cpu_weight"": 0.8125, ""aggregate_rss_mb"": 720.0, ""bundle_id"": 0, ""member_commands"": [""cpu_bound_1"", ""cpu_bound_2"", ""cpu_bound_3""], ""member_pids"": [2101, 2102, 2103]}, {""aggregate_cpu_weight"": 0.166, ""aggregate_rss_mb"": 5760.0, ""bundle_id"": 1, ""member_commands"": [""io_bound_1"", ""io_bound_2"", ""io_bound_3""], ""member_pids"": [2201, 2202, 2203]}]",629.6064481102803
sweep_20260627_173015_a8b15101_results.jsonl,E1c.23,E1c,success,cpu_io_profiles,io05,,6,2,4,2,null,iterative,6,1,100,3,103,0.5,-10.26975,-10.26975,-10.26975,True,True,True,True,True,0.0,0.0,True,True,0.6465,624.4859920007002,,8,1,0.16117095947265625,121.9541289992776,0.0,4.135511999265873,0.01038000118569471,0.07178000305430032,624.8059930003365,0.025129998903139494,122.1850000001723,0.06970004142203834,122.11529995875026,2,1.0,0.9836319003999753,0.2936216396226397,"[{""aggregate_cpu_weight"": 0.8125, ""aggregate_rss_mb"": 720.0, ""bundle_id"": 0, ""member_commands"": [""cpu_bound_1"", ""cpu_bound_2"", ""cpu_bound_3""], ""member_pids"": [2101, 2102, 2103]}, {""aggregate_cpu_weight"": 0.166, ""aggregate_rss_mb"": 5760.0, ""bundle_id"": 1, ""member_commands"": [""io_bound_1"", ""io_bound_2"", ""io_bound_3""], ""member_pids"": [2201, 2202, 2203]}]",629.1184950441675
sweep_20260627_173015_a8b15101_results.jsonl,E1c.24,E1c,success,cpu_io_profiles,io05,,6,2,4,2,null,iterative,6,1,100,3,104,0.5,-10.26975,-10.26975,-10.26975,True,True,True,True,True,0.0,0.0,True,True,0.6465,623.7752600009117,,4,1,0.16951560974121094,123.06366300072114,0.0,3.9798219986550976,0.009610001143300906,0.059899999541812576,624.1069309999148,0.02491000122972764,123.30196399852866,0.06878538806631695,123.23317861046235,2,1.0,0.9836319003999753,0.2936216396226397,"[{""aggregate_cpu_weight"": 0.8125, ""aggregate_rss_mb"": 720.0, ""bundle_id"": 0, ""member_commands"": [""cpu_bound_1"", ""cpu_bound_2"", ""cpu_bound_3""], ""member_pids"": [2101, 2102, 2103]}, {""aggregate_cpu_weight"": 0.166, ""aggregate_rss_mb"": 5760.0, ""bundle_id"": 1, ""member_commands"": [""io_bound_1"", ""io_bound_2"", ""io_bound_3""], ""member_pids"": [2201, 2202, 2203]}]",628.249958388551
sweep_20260627_173015_a8b15101_results.jsonl,E1c.25,E1c,success,cpu_io_profiles,io05,,6,2,4,2,null,iterative,6,1,100,3,105,0.5,-10.26975,-10.26975,-10.26975,True,True,True,True,True,0.0,0.0,True,True,0.6465,622.9505279989098,,3,1,0.1666545867919922,121.56021800001326,0.0,4.096102000403334,0.010080000720336102,0.06711999958497472,623.2707990002382,0.02468999991833698,121.7962990012893,0.06942641448404174,121.72687258680526,2,1.0,0.9836319003999753,0.2936216396226397,"[{""aggregate_cpu_weight"": 0.8125, ""aggregate_rss_mb"": 720.0, ""bundle_id"": 0, ""member_commands"": [""cpu_bound_1"", ""cpu_bound_2"", ""cpu_bound_3""], ""member_pids"": [2101, 2102, 2103]}, {""aggregate_cpu_weight"": 0.166, ""aggregate_rss_mb"": 5760.0, ""bundle_id"": 1, ""member_commands"": [""io_bound_1"", ""io_bound_2"", ""io_bound_3""], ""member_pids"": [2201, 2202, 2203]}]",627.5382174153492
sweep_20260627_173015_a8b15101_results.jsonl,E1c.26,E1c,success,cpu_io_profiles,io05,,6,2,4,2,null,iterative,6,1,100,10,101,0.5,-10.26975,-10.26975,-10.26975,True,True,True,True,True,0.0,0.0,True,True,0.6465,621.3337129993306,,4,1,0.15974044799804688,124.73291799869912,0.0,4.188381999483681,0.010550000297371298,0.0641410006210208,621.6598640003212,0.0243499998759944,124.95994900018559,0.06729055348841939,124.89265844669717,2,1.0,0.9836319003999753,0.2936216396226397,"[{""aggregate_cpu_weight"": 0.8125, ""aggregate_rss_mb"": 720.0, ""bundle_id"": 0, ""member_commands"": [""cpu_bound_1"", ""cpu_bound_2"", ""cpu_bound_3""], ""member_pids"": [2101, 2102, 2103]}, {""aggregate_cpu_weight"": 0.166, ""aggregate_rss_mb"": 5760.0, ""bundle_id"": 1, ""member_commands"": [""io_bound_1"", ""io_bound_2"", ""io_bound_3""], ""member_pids"": [2201, 2202, 2203]}]",626.0145775540877
sweep_20260627_173015_a8b15101_results.jsonl,E1c.27,E1c,success,cpu_io_profiles,io05,,6,2,4,2,null,iterative,6,1,100,10,102,0.5,-10.26975,-10.26975,-10.26975,True,True,True,True,True,0.0,0.0,True,True,0.6465,637.2286210007587,,3,1,0.1609325408935547,124.64254800033814,0.0,4.611563999787904,0.010629999451339245,0.06430999928852543,637.5729920000595,0.02778999987640418,124.87890800002788,0.07542745879618451,124.80348054123169,2,1.0,0.9836319003999753,0.2936216396226397,"[{""aggregate_cpu_weight"": 0.8125, ""aggregate_rss_mb"": 720.0, ""bundle_id"": 0, ""member_commands"": [""cpu_bound_1"", ""cpu_bound_2"", ""cpu_bound_3""], ""member_pids"": [2101, 2102, 2103]}, {""aggregate_cpu_weight"": 0.166, ""aggregate_rss_mb"": 5760.0, ""bundle_id"": 1, ""member_commands"": [""io_bound_1"", ""io_bound_2"", ""io_bound_3""], ""member_pids"": [2201, 2202, 2203]}]",642.3627134572598
sweep_20260627_173015_a8b15101_results.jsonl,E1c.28,E1c,success,cpu_io_profiles,io05,,6,2,4,2,null,iterative,6,1,100,10,103,0.5,-10.26975,-10.26975,-10.26975,True,True,True,True,True,0.0,0.0,True,True,0.6465,638.9303760006442,,8,1,0.15974044799804688,121.566747999168,0.0,4.514464000749285,0.009879999197437428,0.06469999971159268,639.2840469998191,0.02578999919933267,121.79793900031655,0.07145055315049831,121.72648844716605,2,1.0,0.9836319003999753,0.2936216396226397,"[{""aggregate_cpu_weight"": 0.8125, ""aggregate_rss_mb"": 720.0, ""bundle_id"": 0, ""member_commands"": [""cpu_bound_1"", ""cpu_bound_2"", ""cpu_bound_3""], ""member_pids"": [2101, 2102, 2103]}, {""aggregate_cpu_weight"": 0.166, ""aggregate_rss_mb"": 5760.0, ""bundle_id"": 1, ""member_commands"": [""io_bound_1"", ""io_bound_2"", ""io_bound_3""], ""member_pids"": [2201, 2202, 2203]}]",643.9703315518273
sweep_20260627_173015_a8b15101_results.jsonl,E1c.29,E1c,success,cpu_io_profiles,io05,,6,2,4,2,null,iterative,6,1,100,10,104,0.5,-10.26975,-10.26975,-10.26975,True,True,True,True,True,0.0,0.0,True,True,0.6465,622.2046749990113,,4,1,0.1666545867919922,122.10871999923256,0.0,4.172631999608711,0.018029999409918673,0.06184000267239753,622.5313159993675,0.024709999706828967,122.34332099978928,0.0679464137647301,122.27537458602455,2,1.0,0.9836319003999753,0.2936216396226397,"[{""aggregate_cpu_weight"": 0.8125, ""aggregate_rss_mb"": 720.0, ""bundle_id"": 0, ""member_commands"": [""cpu_bound_1"", ""cpu_bound_2"", ""cpu_bound_3""], ""member_pids"": [2101, 2102, 2103]}, {""aggregate_cpu_weight"": 0.166, ""aggregate_rss_mb"": 5760.0, ""bundle_id"": 1, ""member_commands"": [""io_bound_1"", ""io_bound_2"", ""io_bound_3""], ""member_pids"": [2201, 2202, 2203]}]",626.8764744145301
sweep_20260627_173015_a8b15101_results.jsonl,E1c.30,E1c,success,cpu_io_profiles,io05,,6,2,4,2,null,iterative,6,1,100,10,105,0.5,-10.26975,-10.26975,-10.26975,True,True,True,True,True,0.0,0.0,True,True,0.6465,638.1340439984342,,3,1,0.1704692840576172,124.09697600014624,0.0,4.182162998404237,0.010469999324413948,0.06419000055757351,638.4611249995942,0.025211000320268795,124.33779599996342,0.07035071575955953,124.26744528420386,2,1.0,0.9836319003999753,0.2936216396226397,"[{""aggregate_cpu_weight"": 0.8125, ""aggregate_rss_mb"": 720.0, ""bundle_id"": 0, ""member_commands"": [""cpu_bound_1"", ""cpu_bound_2"", ""cpu_bound_3""], ""member_pids"": [2101, 2102, 2103]}, {""aggregate_cpu_weight"": 0.166, ""aggregate_rss_mb"": 5760.0, ""bundle_id"": 1, ""member_commands"": [""io_bound_1"", ""io_bound_2"", ""io_bound_3""], ""member_pids"": [2201, 2202, 2203]}]",642.8135097139602
sweep_20260627_173015_a8b15101_results.jsonl,E1c.31,E1c,success,cpu_io_profiles,io05,,6,2,4,2,null,iterative,6,2,100,3,101,0.5,-10.26975,-10.26975,-10.26975,True,True,True,True,True,0.0,0.0,True,True,0.6465,788.8974099987536,,2,1,0.1609325408935547,122.63693200111447,0.0,4.594504000124289,0.010829999155248515,0.06575099723704625,789.224160998856,0.02502999996067956,122.87034200016933,0.07247745816130191,122.79786454200803,2,1.0,0.9836319003999753,0.2936216396226397,"[{""aggregate_cpu_weight"": 0.8125, ""aggregate_rss_mb"": 720.0, ""bundle_id"": 0, ""member_commands"": [""cpu_bound_1"", ""cpu_bound_2"", ""cpu_bound_3""], ""member_pids"": [2101, 2102, 2103]}, {""aggregate_cpu_weight"": 0.166, ""aggregate_rss_mb"": 5760.0, ""bundle_id"": 1, ""member_commands"": [""io_bound_1"", ""io_bound_2"", ""io_bound_3""], ""member_pids"": [2201, 2202, 2203]}]",793.9927534534945
sweep_20260627_173015_a8b15101_results.jsonl,E1c.32,E1c,success,cpu_io_profiles,io05,,6,2,4,2,null,iterative,6,2,100,3,102,0.5,-10.26975,-10.26975,-10.26975,True,True,True,True,True,0.0,0.0,True,True,0.6465,801.3717379999434,,12,1,0.16832351684570312,124.49217699941073,0.0,4.143972000747453,0.009950999810826033,0.0631199982308317,801.6993789988192,0.025119999918388203,124.72862700087717,0.06812648462073412,124.66050051625643,2,1.0,0.9836319003999753,0.2936216396226397,"[{""aggregate_cpu_weight"": 0.8125, ""aggregate_rss_mb"": 720.0, ""bundle_id"": 0, ""member_commands"": [""cpu_bound_1"", ""cpu_bound_2"", ""cpu_bound_3""], ""member_pids"": [2101, 2102, 2103]}, {""aggregate_cpu_weight"": 0.166, ""aggregate_rss_mb"": 5760.0, ""bundle_id"": 1, ""member_commands"": [""io_bound_1"", ""io_bound_2"", ""io_bound_3""], ""member_pids"": [2201, 2202, 2203]}]",806.0096684821474
sweep_20260627_173015_a8b15101_results.jsonl,E1c.33,E1c,success,cpu_io_profiles,io05,,6,2,4,2,null,iterative,6,2,100,3,103,0.5,-10.26975,-10.26975,-10.26975,True,True,True,True,True,0.0,0.0,True,True,0.6465,788.3682179999596,,5,1,0.17070770263671875,124.3748160013638,0.0,4.651833998650545,0.009789999239728786,0.06128000131866429,788.6996489996818,0.02516000131436158,124.61502699989069,0.06950329589017201,124.54552370400052,2,1.0,0.9836319003999753,0.2936216396226397,"[{""aggregate_cpu_weight"": 0.8125, ""aggregate_rss_mb"": 720.0, ""bundle_id"": 0, ""member_commands"": [""cpu_bound_1"", ""cpu_bound_2"", ""cpu_bound_3""], ""member_pids"": [2101, 2102, 2103]}, {""aggregate_cpu_weight"": 0.166, ""aggregate_rss_mb"": 5760.0, ""bundle_id"": 1, ""member_commands"": [""io_bound_1"", ""io_bound_2"", ""io_bound_3""], ""member_pids"": [2201, 2202, 2203]}]",793.5172162960953
sweep_20260627_173015_a8b15101_results.jsonl,E1c.34,E1c,success,cpu_io_profiles,io05,,6,2,4,2,null,iterative,6,2,100,3,104,0.5,-10.26975,-10.26975,-10.26975,True,True,True,True,True,0.0,0.0,True,True,0.6465,791.0090770001261,,12,1,0.16045570373535156,124.30776699875423,0.0,3.963662000387558,0.009190000128000975,0.06095999924582429,791.3340480008628,0.024499999199179,124.53727699903538,0.06905429654580075,124.46822270248958,2,1.0,0.9836319003999753,0.2936216396226397,"[{""aggregate_cpu_weight"": 0.8125, ""aggregate_rss_mb"": 720.0, ""bundle_id"": 0, ""member_commands"": [""cpu_bound_1"", ""cpu_bound_2"", ""cpu_bound_3""], ""member_pids"": [2101, 2102, 2103]}, {""aggregate_cpu_weight"": 0.166, ""aggregate_rss_mb"": 5760.0, ""bundle_id"": 1, ""member_commands"": [""io_bound_1"", ""io_bound_2"", ""io_bound_3""], ""member_pids"": [2201, 2202, 2203]}]",795.4614142963692
sweep_20260627_173015_a8b15101_results.jsonl,E1c.35,E1c,success,cpu_io_profiles,io05,,6,2,4,2,null,iterative,6,2,100,3,105,0.5,-10.26975,-10.26975,-10.26975,True,True,True,True,True,0.0,0.0,True,True,0.6465,796.2369520009815,,2,1,0.1609325408935547,124.10879599883629,0.0,3.938531999665429,0.00926000029721763,0.060529997426783666,796.563032999984,0.02514999869163148,124.33924699871568,0.06951845898583997,124.26972853972984,2,1.0,0.9836319003999753,0.2936216396226397,"[{""aggregate_cpu_weight"": 0.8125, ""aggregate_rss_mb"": 720.0, ""bundle_id"": 0, ""member_commands"": [""cpu_bound_1"", ""cpu_bound_2"", ""cpu_bound_3""], ""member_pids"": [2101, 2102, 2103]}, {""aggregate_cpu_weight"": 0.166, ""aggregate_rss_mb"": 5760.0, ""bundle_id"": 1, ""member_commands"": [""io_bound_1"", ""io_bound_2"", ""io_bound_3""], ""member_pids"": [2201, 2202, 2203]}]",800.6660234550509
sweep_20260627_173015_a8b15101_results.jsonl,E1c.36,E1c,success,cpu_io_profiles,io05,,6,2,4,2,null,iterative,6,2,100,10,101,0.5,-10.26975,-10.26975,-10.26975,True,True,True,True,True,0.0,0.0,True,True,0.6465,856.6347750002024,,2,1,0.16117095947265625,123.01225299961516,0.0,4.748863999338937,0.009630000931792893,0.06291000136116054,856.9706059988675,0.02502000097592827,123.24330399860628,0.06988003951846622,123.17342395908781,2,1.0,0.9836319003999753,0.2936216396226397,"[{""aggregate_cpu_weight"": 0.8125, ""aggregate_rss_mb"": 720.0, ""bundle_id"": 0, ""member_commands"": [""cpu_bound_1"", ""cpu_bound_2"", ""cpu_bound_3""], ""member_pids"": [2101, 2102, 2103]}, {""aggregate_cpu_weight"": 0.166, ""aggregate_rss_mb"": 5760.0, ""bundle_id"": 1, ""member_commands"": [""io_bound_1"", ""io_bound_2"", ""io_bound_3""], ""member_pids"": [2201, 2202, 2203]}]",861.8869100409938
sweep_20260627_173015_a8b15101_results.jsonl,E1c.37,E1c,success,cpu_io_profiles,io05,,6,2,4,2,null,iterative,6,2,100,10,102,0.5,-10.26975,-10.26975,-10.26975,True,True,True,True,True,0.0,0.0,True,True,0.6465,807.4740270003531,,12,1,0.1614093780517578,125.36946000000171,0.0,4.12982299894793,0.01019000046653673,0.0654499999654945,807.8567080010544,0.025260002075810917,125.60002999998687,0.06916062193340622,125.53086937805347,2,1.0,0.9836319003999753,0.2936216396226397,"[{""aggregate_cpu_weight"": 0.8125, ""aggregate_rss_mb"": 720.0, ""bundle_id"": 0, ""member_commands"": [""cpu_bound_1"", ""cpu_bound_2"", ""cpu_bound_3""], ""member_pids"": [2101, 2102, 2103]}, {""aggregate_cpu_weight"": 0.166, ""aggregate_rss_mb"": 5760.0, ""bundle_id"": 1, ""member_commands"": [""io_bound_1"", ""io_bound_2"", ""io_bound_3""], ""member_pids"": [2201, 2202, 2203]}]",812.1565916244435
sweep_20260627_173015_a8b15101_results.jsonl,E1c.38,E1c,success,cpu_io_profiles,io05,,6,2,4,2,null,iterative,6,2,100,10,103,0.5,-10.26975,-10.26975,-10.26975,True,True,True,True,True,0.0,0.0,True,True,0.6465,798.1574780005758,,5,1,0.1595020294189453,120.86061599984532,0.0,4.648383999665384,0.010890000339713879,0.07066099897201639,798.52763999952,0.027549998776521534,121.09210699964024,0.07198897037596907,121.02011802926427,2,1.0,0.9836319003999753,0.2936216396226397,"[{""aggregate_cpu_weight"": 0.8125, ""aggregate_rss_mb"": 720.0, ""bundle_id"": 0, ""member_commands"": [""cpu_bound_1"", ""cpu_bound_2"", ""cpu_bound_3""], ""member_pids"": [2101, 2102, 2103]}, {""aggregate_cpu_weight"": 0.166, ""aggregate_rss_mb"": 5760.0, ""bundle_id"": 1, ""member_commands"": [""io_bound_1"", ""io_bound_2"", ""io_bound_3""], ""member_pids"": [2201, 2202, 2203]}]",803.3571139676496
sweep_20260627_173015_a8b15101_results.jsonl,E1c.39,E1c,success,cpu_io_profiles,io05,,6,2,4,2,null,iterative,6,2,100,10,104,0.5,-10.26975,-10.26975,-10.26975,True,True,True,True,True,0.0,0.0,True,True,0.6465,810.7412669996847,,12,1,0.1628398895263672,125.43661999916367,0.0,4.176111999186105,0.010540001312620007,0.06588100040971767,811.0981979989447,0.026330000764573924,125.67062000016449,0.07116011147445533,125.59945988869003,2,1.0,0.9836319003999753,0.2936216396226397,"[{""aggregate_cpu_weight"": 0.8125, ""aggregate_rss_mb"": 720.0, ""bundle_id"": 0, ""member_commands"": [""cpu_bound_1"", ""cpu_bound_2"", ""cpu_bound_3""], ""member_pids"": [2101, 2102, 2103]}, {""aggregate_cpu_weight"": 0.166, ""aggregate_rss_mb"": 5760.0, ""bundle_id"": 1, ""member_commands"": [""io_bound_1"", ""io_bound_2"", ""io_bound_3""], ""member_pids"": [2201, 2202, 2203]}]",815.4482211120921
sweep_20260627_173015_a8b15101_results.jsonl,E1c.40,E1c,success,cpu_io_profiles,io05,,6,2,4,2,null,iterative,6,2,100,10,105,0.5,-10.26975,-10.26975,-10.26975,True,True,True,True,True,0.0,0.0,True,True,0.6465,794.0278259993647,,2,1,0.1621246337890625,122.50674200004141,0.0,4.2357120000815485,0.011280000762781128,0.06580999979632907,794.3655269991723,0.02558000232966151,122.74211200019636,0.07324536636588164,122.66886663383048,2,1.0,0.9836319003999753,0.2936216396226397,"[{""aggregate_cpu_weight"": 0.8125, ""aggregate_rss_mb"": 720.0, ""bundle_id"": 0, ""member_commands"": [""cpu_bound_1"", ""cpu_bound_2"", ""cpu_bound_3""], ""member_pids"": [2101, 2102, 2103]}, {""aggregate_cpu_weight"": 0.166, ""aggregate_rss_mb"": 5760.0, ""bundle_id"": 1, ""member_commands"": [""io_bound_1"", ""io_bound_2"", ""io_bound_3""], ""member_pids"": [2201, 2202, 2203]}]",798.7771543685085
sweep_20260627_173015_a8b15101_results.jsonl,E1c.41,E1c,success,cpu_io_profiles,io09,,6,2,4,2,null,iterative,6,1,100,3,101,0.9,-10.0929628,-10.0929628,-10.0929628,True,True,True,True,True,0.0,0.0,True,True,0.7317000000000001,623.4702290003042,,1,1,0.16927719116210938,130.3263350000634,0.0,3.966262000176357,0.009090001185541041,0.06060100167815108,623.7948699999833,0.025219998860848136,130.56708499971137,0.07147280848585069,130.49561219122552,2,1.0,0.986967620561246,0.29345499322466906,"[{""aggregate_cpu_weight"": 0.7905000000000001, ""aggregate_rss_mb"": 720.0, ""bundle_id"": 0, ""member_commands"": [""cpu_bound_1"", ""cpu_bound_2"", ""cpu_bound_3""], ""member_pids"": [2101, 2102, 2103]}, {""aggregate_cpu_weight"": 0.05879999999999999, ""aggregate_rss_mb"": 5760.0, ""bundle_id"": 1, ""member_commands"": [""io_bound_1"", ""io_bound_2"", ""io_bound_3""], ""member_pids"": [2201, 2202, 2203]}]",627.9275158103701
sweep_20260627_173015_a8b15101_results.jsonl,E1c.42,E1c,success,cpu_io_profiles,io09,,6,2,4,2,null,iterative,6,1,100,3,102,0.9,-10.0929628,-10.0929628,-10.0929628,True,True,True,True,True,0.0,0.0,True,True,0.7317000000000001,630.2225390008971,,3,1,0.1590251922607422,130.07522400039306,0.0,4.177991999313235,0.010629999451339245,0.06580000081157777,630.5652699993516,0.025190000087604858,130.3021850017103,0.06793580905650742,130.2342491926538,2,1.0,0.986967620561246,0.29345499322466906,"[{""aggregate_cpu_weight"": 0.7905000000000001, ""aggregate_rss_mb"": 720.0, ""bundle_id"": 0, ""member_commands"": [""cpu_bound_1"", ""cpu_bound_2"", ""cpu_bound_3""], ""member_pids"": [2101, 2102, 2103]}, {""aggregate_cpu_weight"": 0.05879999999999999, ""aggregate_rss_mb"": 5760.0, ""bundle_id"": 1, ""member_commands"": [""io_bound_1"", ""io_bound_2"", ""io_bound_3""], ""member_pids"": [2201, 2202, 2203]}]",634.9128178080718
sweep_20260627_173015_a8b15101_results.jsonl,E1c.43,E1c,success,cpu_io_profiles,io09,,6,2,4,2,null,iterative,6,1,100,3,103,0.9,-10.0929628,-10.0929628,-10.0929628,True,True,True,True,True,0.0,0.0,True,True,0.7317000000000001,641.0072920007224,,3,1,0.1621246337890625,131.70233900018502,0.0,4.200933000902296,0.010269999620504677,0.06552000013471115,641.3364929994714,0.025190000087604858,131.9343699997262,0.06990636575210374,131.86446363397408,2,1.0,0.986967620561246,0.29345499322466906,"[{""aggregate_cpu_weight"": 0.7905000000000001, ""aggregate_rss_mb"": 720.0, ""bundle_id"": 0, ""member_commands"": [""cpu_bound_1"", ""cpu_bound_2"", ""cpu_bound_3""], ""member_pids"": [2101, 2102, 2103]}, {""aggregate_cpu_weight"": 0.05879999999999999, ""aggregate_rss_mb"": 5760.0, ""bundle_id"": 1, ""member_commands"": [""io_bound_1"", ""io_bound_2"", ""io_bound_3""], ""member_pids"": [2201, 2202, 2203]}]",645.7083123659686
sweep_20260627_173015_a8b15101_results.jsonl,E1c.44,E1c,success,cpu_io_profiles,io09,,6,2,4,2,null,iterative,6,1,100,3,104,0.9,-10.0929628,-10.0929628,-10.0929628,True,True,True,True,True,0.0,0.0,True,True,0.7317000000000001,623.0481780003174,,4,1,0.16546249389648438,132.88194300002942,0.0,4.278173000784591,0.013589999070973136,0.06660999861196615,623.3824190003361,0.025101000574068166,133.12711300022784,0.07970750630192924,133.0474054939259,2,1.0,0.986967620561246,0.29345499322466906,"[{""aggregate_cpu_weight"": 0.7905000000000001, ""aggregate_rss_mb"": 720.0, ""bundle_id"": 0, ""member_commands"": [""cpu_bound_1"", ""cpu_bound_2"", ""cpu_bound_3""], ""member_pids"": [2101, 2102, 2103]}, {""aggregate_cpu_weight"": 0.05879999999999999, ""aggregate_rss_mb"": 5760.0, ""bundle_id"": 1, ""member_commands"": [""io_bound_1"", ""io_bound_2"", ""io_bound_3""], ""member_pids"": [2201, 2202, 2203]}]",627.8456005056796
sweep_20260627_173015_a8b15101_results.jsonl,E1c.45,E1c,success,cpu_io_profiles,io09,,6,2,4,2,null,iterative,6,1,100,3,105,0.9,-10.0929628,-10.0929628,-10.0929628,True,True,True,True,True,0.0,0.0,True,True,0.7317000000000001,624.5398030005163,,3,1,0.15926361083984375,128.4543889996712,0.0,3.914521999831777,0.009590001354808919,0.060140000641695224,624.8555740003212,0.024200000552809797,128.68173999959254,0.0680873890814837,128.61365261051105,2,1.0,0.986967620561246,0.29345499322466906,"[{""aggregate_cpu_weight"": 0.7905000000000001, ""aggregate_rss_mb"": 720.0, ""bundle_id"": 0, ""member_commands"": [""cpu_bound_1"", ""cpu_bound_2"", ""cpu_bound_3""], ""member_pids"": [2101, 2102, 2103]}, {""aggregate_cpu_weight"": 0.05879999999999999, ""aggregate_rss_mb"": 5760.0, ""bundle_id"": 1, ""member_commands"": [""io_bound_1"", ""io_bound_2"", ""io_bound_3""], ""member_pids"": [2201, 2202, 2203]}]",628.9321133917838
sweep_20260627_173015_a8b15101_results.jsonl,E1c.46,E1c,success,cpu_io_profiles,io09,,6,2,4,2,null,iterative,6,1,100,10,101,0.9,-10.0929628,-10.0929628,-10.0929628,True,True,True,True,True,0.0,0.0,True,True,0.7317000000000001,644.0694709999661,,1,1,0.17023086547851562,132.30318100067961,0.0,4.126761999941664,0.010339999789721332,0.06751000182703137,644.3949220010836,0.025580000510672107,132.54497199886828,0.07156013271014672,132.47341186615813,2,1.0,0.986967620561246,0.29345499322466906,"[{""aggregate_cpu_weight"": 0.7905000000000001, ""aggregate_rss_mb"": 720.0, ""bundle_id"": 0, ""member_commands"": [""cpu_bound_1"", ""cpu_bound_2"", ""cpu_bound_3""], ""member_pids"": [2101, 2102, 2103]}, {""aggregate_cpu_weight"": 0.05879999999999999, ""aggregate_rss_mb"": 5760.0, ""bundle_id"": 1, ""member_commands"": [""io_bound_1"", ""io_bound_2"", ""io_bound_3""], ""member_pids"": [2201, 2202, 2203]}]",648.6966741358628
sweep_20260627_173015_a8b15101_results.jsonl,E1c.47,E1c,success,cpu_io_profiles,io09,,6,2,4,2,null,iterative,6,1,100,10,102,0.9,-10.0929628,-10.0929628,-10.0929628,True,True,True,True,True,0.0,0.0,True,True,0.7317000000000001,627.0285390000936,,3,1,0.16045570373535156,132.94935299927602,0.0,4.659734000597382,0.010260000635753386,0.06908999966981355,627.3511500003224,0.025329998607048765,133.18102400080534,0.07121529779396951,133.10980870301137,2,1.0,0.986967620561246,0.29345499322466906,"[{""aggregate_cpu_weight"": 0.7905000000000001, ""aggregate_rss_mb"": 720.0, ""bundle_id"": 0, ""member_commands"": [""cpu_bound_1"", ""cpu_bound_2"", ""cpu_bound_3""], ""member_pids"": [2101, 2102, 2103]}, {""aggregate_cpu_weight"": 0.05879999999999999, ""aggregate_rss_mb"": 5760.0, ""bundle_id"": 1, ""member_commands"": [""io_bound_1"", ""io_bound_2"", ""io_bound_3""], ""member_pids"": [2201, 2202, 2203]}]",632.1867792976263
sweep_20260627_173015_a8b15101_results.jsonl,E1c.48,E1c,success,cpu_io_profiles,io09,,6,2,4,2,null,iterative,6,1,100,10,103,0.9,-10.0929628,-10.0929628,-10.0929628,True,True,True,True,True,0.0,0.0,True,True,0.7317000000000001,624.2406910005229,,3,1,0.15854835510253906,133.0969129994628,0.0,4.496053999901051,0.01035999957821332,0.06520999886561185,624.5661220000329,0.024389999452978373,133.3251640007802,0.06970264621486422,133.25546135456534,2,1.0,0.986967620561246,0.29345499322466906,"[{""aggregate_cpu_weight"": 0.7905000000000001, ""aggregate_rss_mb"": 720.0, ""bundle_id"": 0, ""member_commands"": [""cpu_bound_1"", ""cpu_bound_2"", ""cpu_bound_3""], ""member_pids"": [2101, 2102, 2103]}, {""aggregate_cpu_weight"": 0.05879999999999999, ""aggregate_rss_mb"": 5760.0, ""bundle_id"": 1, ""member_commands"": [""io_bound_1"", ""io_bound_2"", ""io_bound_3""], ""member_pids"": [2201, 2202, 2203]}]",629.2318386440456
sweep_20260627_173015_a8b15101_results.jsonl,E1c.49,E1c,success,cpu_io_profiles,io09,,6,2,4,2,null,iterative,6,1,100,10,104,0.9,-10.0929628,-10.0929628,-10.0929628,True,True,True,True,True,0.0,0.0,True,True,0.7317000000000001,624.0072609998606,,4,1,0.1685619354248047,132.3279910011479,0.0,4.106701999262441,0.01114999940909911,0.06396000026143156,624.329131000195,0.025179999283864163,132.56702199942083,0.07046906284813304,132.4965529365727,2,1.0,0.986967620561246,0.29345499322466906,"[{""aggregate_cpu_weight"": 0.7905000000000001, ""aggregate_rss_mb"": 720.0, ""bundle_id"": 0, ""member_commands"": [""cpu_bound_1"", ""cpu_bound_2"", ""cpu_bound_3""], ""member_pids"": [2101, 2102, 2103]}, {""aggregate_cpu_weight"": 0.05879999999999999, ""aggregate_rss_mb"": 5760.0, ""bundle_id"": 1, ""member_commands"": [""io_bound_1"", ""io_bound_2"", ""io_bound_3""], ""member_pids"": [2201, 2202, 2203]}]",628.60659206126
sweep_20260627_173015_a8b15101_results.jsonl,E1c.50,E1c,success,cpu_io_profiles,io09,,6,2,4,2,null,iterative,6,1,100,10,105,0.9,-10.0929628,-10.0929628,-10.0929628,True,True,True,True,True,0.0,0.0,True,True,0.7317000000000001,623.5959400000866,,3,1,0.16045570373535156,132.58265200056485,0.0,4.218152000248665,0.010820000170497224,0.06522000148834195,623.9167210005689,0.024369997845496982,132.8099429993017,0.06683529500151053,132.7431077043002,2,1.0,0.986967620561246,0.29345499322466906,"[{""aggregate_cpu_weight"": 0.7905000000000001, ""aggregate_rss_mb"": 720.0, ""bundle_id"": 0, ""member_commands"": [""cpu_bound_1"", ""cpu_bound_2"", ""cpu_bound_3""], ""member_pids"": [2101, 2102, 2103]}, {""aggregate_cpu_weight"": 0.05879999999999999, ""aggregate_rss_mb"": 5760.0, ""bundle_id"": 1, ""member_commands"": [""io_bound_1"", ""io_bound_2"", ""io_bound_3""], ""member_pids"": [2201, 2202, 2203]}]",628.3021182953235
sweep_20260627_173015_a8b15101_results.jsonl,E1c.51,E1c,success,cpu_io_profiles,io09,,6,2,4,2,null,iterative,6,2,100,3,101,0.9,-10.0929628,-10.0929628,-10.0929628,True,True,True,True,True,0.0,0.0,True,True,0.7317000000000001,798.6978990011266,,2,1,0.16498565673828125,135.06421899910492,0.0,4.231883000102243,0.010509998901397921,0.06380100057867821,799.0397199992003,0.025770001229830086,135.29939999898488,0.07019534314167686,135.2292046558432,2,1.0,0.986967620561246,0.29345499322466906,"[{""aggregate_cpu_weight"": 0.7905000000000001, ""aggregate_rss_mb"": 720.0, ""bundle_id"": 0, ""member_commands"": [""cpu_bound_1"", ""cpu_bound_2"", ""cpu_bound_3""], ""member_pids"": [2101, 2102, 2103]}, {""aggregate_cpu_weight"": 0.05879999999999999, ""aggregate_rss_mb"": 5760.0, ""bundle_id"": 1, ""member_commands"": [""io_bound_1"", ""io_bound_2"", ""io_bound_3""], ""member_pids"": [2201, 2202, 2203]}]",803.4418793431541
sweep_20260627_173015_a8b15101_results.jsonl,E1c.52,E1c,success,cpu_io_profiles,io09,,6,2,4,2,null,iterative,6,2,100,3,102,0.9,-10.0929628,-10.0929628,-10.0929628,True,True,True,True,True,0.0,0.0,True,True,0.7317000000000001,793.1719829994108,,7,1,0.15974044799804688,129.48409199998423,0.0,4.243871999278781,0.010120000297320075,0.061980004829820246,793.49913400074,0.03248999928473495,129.71313300113252,0.0693005531502422,129.64383244798228,2,1.0,0.986967620561246,0.29345499322466906,"[{""aggregate_cpu_weight"": 0.7905000000000001, ""aggregate_rss_mb"": 720.0, ""bundle_id"": 0, ""member_commands"": [""cpu_bound_1"", ""cpu_bound_2"", ""cpu_bound_3""], ""member_pids"": [2101, 2102, 2103]}, {""aggregate_cpu_weight"": 0.05879999999999999, ""aggregate_rss_mb"": 5760.0, ""bundle_id"": 1, ""member_commands"": [""io_bound_1"", ""io_bound_2"", ""io_bound_3""], ""member_pids"": [2201, 2202, 2203]}]",797.9168965575809
sweep_20260627_173015_a8b15101_results.jsonl,E1c.53,E1c,success,cpu_io_profiles,io09,,6,2,4,2,null,iterative,6,2,100,3,103,0.9,-10.0929628,-10.0929628,-10.0929628,True,True,True,True,True,0.0,0.0,True,True,0.7317000000000001,858.1228599996393,,5,1,0.15926361083984375,132.61945200065384,0.0,4.179723000561353,0.011079999239882454,0.06828099867561832,858.4584109994466,0.02803999996103812,132.84697199924267,0.06825638774898835,132.77871561149368,2,1.0,0.986967620561246,0.29345499322466906,"[{""aggregate_cpu_weight"": 0.7905000000000001, ""aggregate_rss_mb"": 720.0, ""bundle_id"": 0, ""member_commands"": [""cpu_bound_1"", ""cpu_bound_2"", ""cpu_bound_3""], ""member_pids"": [2101, 2102, 2103]}, {""aggregate_cpu_weight"": 0.05879999999999999, ""aggregate_rss_mb"": 5760.0, ""bundle_id"": 1, ""member_commands"": [""io_bound_1"", ""io_bound_2"", ""io_bound_3""], ""member_pids"": [2201, 2202, 2203]}]",862.8137913856335
sweep_20260627_173015_a8b15101_results.jsonl,E1c.54,E1c,success,cpu_io_profiles,io09,,6,2,4,2,null,iterative,6,2,100,3,104,0.9,-10.0929628,-10.0929628,-10.0929628,True,True,True,True,True,0.0,0.0,True,True,0.7317000000000001,793.1383329996606,,7,1,0.15878677368164062,128.99133100108884,0.0,4.436842998984503,0.01128999974753242,0.06491000021924265,793.5116339995147,0.027239999326411635,129.21979100065073,0.06967322588025127,129.15011777477048,2,1.0,0.986967620561246,0.29345499322466906,"[{""aggregate_cpu_weight"": 0.7905000000000001, ""aggregate_rss_mb"": 720.0, ""bundle_id"": 0, ""member_commands"": [""cpu_bound_1"", ""cpu_bound_2"", ""cpu_bound_3""], ""member_pids"": [2101, 2102, 2103]}, {""aggregate_cpu_weight"": 0.05879999999999999, ""aggregate_rss_mb"": 5760.0, ""bundle_id"": 1, ""member_commands"": [""io_bound_1"", ""io_bound_2"", ""io_bound_3""], ""member_pids"": [2201, 2202, 2203]}]",798.1215902236727
sweep_20260627_173015_a8b15101_results.jsonl,E1c.55,E1c,success,cpu_io_profiles,io09,,6,2,4,2,null,iterative,6,2,100,3,105,0.9,-10.0929628,-10.0929628,-10.0929628,True,True,True,True,True,0.0,0.0,True,True,0.7317000000000001,792.6739409995207,,2,1,0.16021728515625,130.8773860000656,0.0,4.5641039996553445,0.010940000720438547,0.06429999848478474,793.0024919987773,0.024989998564706184,131.10705700091785,0.06945371569599956,131.03760328522185,2,1.0,0.986967620561246,0.29345499322466906,"[{""aggregate_cpu_weight"": 0.7905000000000001, ""aggregate_rss_mb"": 720.0, ""bundle_id"": 0, ""member_commands"": [""cpu_bound_1"", ""cpu_bound_2"", ""cpu_bound_3""], ""member_pids"": [2101, 2102, 2103]}, {""aggregate_cpu_weight"": 0.05879999999999999, ""aggregate_rss_mb"": 5760.0, ""bundle_id"": 1, ""member_commands"": [""io_bound_1"", ""io_bound_2"", ""io_bound_3""], ""member_pids"": [2201, 2202, 2203]}]",797.7362797118985
sweep_20260627_173015_a8b15101_results.jsonl,E1c.56,E1c,success,cpu_io_profiles,io09,,6,2,4,2,null,iterative,6,2,100,10,101,0.9,-10.0929628,-10.0929628,-10.0929628,True,True,True,True,True,0.0,0.0,True,True,0.7317000000000001,790.7486659987626,,2,1,0.16808509826660156,130.23310499920626,0.0,3.8732310003979364,0.009211000360664912,0.05912999768042937,791.0788669996691,0.025630000891396776,130.46919599946705,0.06800590199418366,130.40119009747286,2,1.0,0.986967620561246,0.29345499322466906,"[{""aggregate_cpu_weight"": 0.7905000000000001, ""aggregate_rss_mb"": 720.0, ""bundle_id"": 0, ""member_commands"": [""cpu_bound_1"", ""cpu_bound_2"", ""cpu_bound_3""], ""member_pids"": [2101, 2102, 2103]}, {""aggregate_cpu_weight"": 0.05879999999999999, ""aggregate_rss_mb"": 5760.0, ""bundle_id"": 1, ""member_commands"": [""io_bound_1"", ""io_bound_2"", ""io_bound_3""], ""member_pids"": [2201, 2202, 2203]}]",795.1140749009937
sweep_20260627_173015_a8b15101_results.jsonl,E1c.57,E1c,success,cpu_io_profiles,io09,,6,2,4,2,null,iterative,6,2,100,10,102,0.9,-10.0929628,-10.0929628,-10.0929628,True,True,True,True,True,0.0,0.0,True,True,0.7317000000000001,796.5642429990112,,7,1,0.1595020294189453,132.72331199914333,0.0,4.178452998530702,0.010949999705189839,0.06306000068434514,796.8976640004257,0.02486999801476486,132.95172300058766,0.06890897202538326,132.88281402856228,2,1.0,0.986967620561246,0.29345499322466906,"[{""aggregate_cpu_weight"": 0.7905000000000001, ""aggregate_rss_mb"": 720.0, ""bundle_id"": 0, ""member_commands"": [""cpu_bound_1"", ""cpu_bound_2"", ""cpu_bound_3""], ""member_pids"": [2101, 2102, 2103]}, {""aggregate_cpu_weight"": 0.05879999999999999, ""aggregate_rss_mb"": 5760.0, ""bundle_id"": 1, ""member_commands"": [""io_bound_1"", ""io_bound_2"", ""io_bound_3""], ""member_pids"": [2201, 2202, 2203]}]",801.2439059693861
sweep_20260627_173015_a8b15101_results.jsonl,E1c.58,E1c,success,cpu_io_profiles,io09,,6,2,4,2,null,iterative,6,2,100,10,103,0.9,-10.0929628,-10.0929628,-10.0929628,True,True,True,True,True,0.0,0.0,True,True,0.7317000000000001,790.1513739998336,,5,1,0.1590251922607422,130.71748599941202,0.0,4.183023000223329,0.010199999451288022,0.06287100040935911,790.4906050007412,0.03183000080753118,130.94785599969327,0.07134480802051257,130.87651119167276,2,1.0,0.986967620561246,0.29345499322466906,"[{""aggregate_cpu_weight"": 0.7905000000000001, ""aggregate_rss_mb"": 720.0, ""bundle_id"": 0, ""member_commands"": [""cpu_bound_1"", ""cpu_bound_2"", ""cpu_bound_3""], ""member_pids"": [2101, 2102, 2103]}, {""aggregate_cpu_weight"": 0.05879999999999999, ""aggregate_rss_mb"": 5760.0, ""bundle_id"": 1, ""member_commands"": [""io_bound_1"", ""io_bound_2"", ""io_bound_3""], ""member_pids"": [2201, 2202, 2203]}]",794.8498738096532
sweep_20260627_173015_a8b15101_results.jsonl,E1c.59,E1c,success,cpu_io_profiles,io09,,6,2,4,2,null,iterative,6,2,100,10,104,0.9,-10.0929628,-10.0929628,-10.0929628,True,True,True,True,True,0.0,0.0,True,True,0.7317000000000001,789.3388610009424,,7,1,0.1609325408935547,130.17667399981292,0.0,4.234133000863949,0.010400000974186696,0.06478999966930132,789.6687819993531,0.025400000595254824,130.4060849997768,0.06847845907032024,130.33760654070647,2,1.0,0.986967620561246,0.29345499322466906,"[{""aggregate_cpu_weight"": 0.7905000000000001, ""aggregate_rss_mb"": 720.0, ""bundle_id"": 0, ""member_commands"": [""cpu_bound_1"", ""cpu_bound_2"", ""cpu_bound_3""], ""member_pids"": [2101, 2102, 2103]}, {""aggregate_cpu_weight"": 0.05879999999999999, ""aggregate_rss_mb"": 5760.0, ""bundle_id"": 1, ""member_commands"": [""io_bound_1"", ""io_bound_2"", ""io_bound_3""], ""member_pids"": [2201, 2202, 2203]}]",794.0719834605261
sweep_20260627_173015_a8b15101_results.jsonl,E1c.60,E1c,success,cpu_io_profiles,io09,,6,2,4,2,null,iterative,6,2,100,10,105,0.9,-10.0929628,-10.0929628,-10.0929628,True,True,True,True,True,0.0,0.0,True,True,0.7317000000000001,792.8161820000241,,2,1,0.17023086547851562,131.62458899932972,0.0,3.942601999369799,0.009139999747276306,0.05971999962639529,793.1554629994935,0.02454999957990367,131.8652400004794,0.07042013567115646,131.79481986480823,2,1.0,0.986967620561246,0.29345499322466906,"[{""aggregate_cpu_weight"": 0.7905000000000001, ""aggregate_rss_mb"": 720.0, ""bundle_id"": 0, ""member_commands"": [""cpu_bound_1"", ""cpu_bound_2"", ""cpu_bound_3""], ""member_pids"": [2101, 2102, 2103]}, {""aggregate_cpu_weight"": 0.05879999999999999, ""aggregate_rss_mb"": 5760.0, ""bundle_id"": 1, ""member_commands"": [""io_bound_1"", ""io_bound_2"", ""io_bound_3""], ""member_pids"": [2201, 2202, 2203]}]",797.261895133488
sweep_20260627_173904_53bdbde0_results.jsonl,E2.1,E2,success,,,,8,8,16,2,"[0.3, 0.27, 0.22, 0.18, 0.15, 0.11, 0.08, 0.05]",default,16,1,100,10,101,0.5,-40.844800000000006,-40.924800000000005,-40.9248,True,False,False,False,True,0.0019548049104698454,0.0799999999999983,False,False,0.4,3874.7350789999473,7,,,1517.000436782837,416.86049300005834,0.009150000551017001,0.0,0.0,0.07661099880351685,3874.784268999065,0.0,1934.1282499990484,0.26732021615316626,1933.8609297828953,,,,,[],3875.1373502145725
sweep_20260627_173904_53bdbde0_results.jsonl,E2.2,E2,success,,,,8,8,16,2,"[0.3, 0.27, 0.22, 0.18, 0.15, 0.11, 0.08, 0.05]",default,16,1,100,10,102,0.5,-40.635999999999996,-40.924800000000005,-40.924800000000005,True,False,False,False,True,0.0070568457267965136,0.28880000000000905,False,False,0.76,3650.5991400008497,3,,,1526.4918804168701,411.2454250007431,0.008720000550965779,0.0,0.0,0.0618009999016067,3651.0516409998672,0.0,1937.9990109991923,0.26170558157900814,1937.7373054176132,,,,,[],3651.383867581899
sweep_20260627_173904_53bdbde0_results.jsonl,E2.3,E2,success,,,,8,8,16,2,"[0.3, 0.27, 0.22, 0.18, 0.15, 0.11, 0.08, 0.05]",default,16,1,100,10,103,0.5,-40.635999999999996,-40.924800000000005,-40.9248,True,False,False,False,True,0.0070568457267965136,0.28880000000000905,False,False,0.76,3618.707264000477,8,,,1563.1601810455322,422.59820999970543,0.007210001058410853,0.0,0.0,0.06738999945810065,3619.2158249996282,0.0,1986.0211169998365,0.2627259545988636,1985.7583910452377,,,,,[],3619.5531509547436
sweep_20260627_173904_53bdbde0_results.jsonl,E2.4,E2,success,,,,8,8,16,2,"[0.3, 0.27, 0.22, 0.18, 0.15, 0.11, 0.08, 0.05]",default,16,1,100,10,104,0.5,-40.7448,-40.924800000000005,-40.9248,True,False,False,False,True,0.004398311048557413,0.18000000000000682,False,False,0.6,3578.2910710004217,4,,,1538.231372833252,422.7589000001899,0.007329999789362773,0.0,0.0,0.05993999911879655,3578.750292001132,0.0,1961.2470310003118,0.25675816686998587,1960.9902728334418,,,,,[],3579.07432016691
sweep_20260627_173904_53bdbde0_results.jsonl,E2.5,E2,success,,,,8,8,16,2,"[0.3, 0.27, 0.22, 0.18, 0.15, 0.11, 0.08, 0.05]",default,16,1,100,10,105,0.5,-40.78959999999999,-40.924800000000005,-40.924800000000005,True,False,False,False,True,0.003303620298694396,0.13520000000001176,False,False,0.5199999999999999,3637.9343019998487,3,,,1551.9518852233887,428.39898800048104,0.007410000762320124,0.0,0.0,0.05898999916098546,3638.3884940005373,0.0,1980.6000499993388,0.24917677546909545,1980.3508732238697,,,,,[],3638.7040707759297
sweep_20260627_173904_53bdbde0_results.jsonl,E2.6,E2,success,,,,8,8,16,2,"[0.3, 0.27, 0.22, 0.18, 0.15, 0.11, 0.08, 0.05]",default,16,1,200,10,101,0.5,-40.778999999999996,-40.924800000000005,-40.9248,True,False,False,False,True,0.0035626319493315736,0.14580000000000837,False,False,0.54,7183.140723000179,7,,,1526.6928672790527,413.2515620003687,0.007700000423938036,0.0,0.0,0.05912000051466748,7183.583133999491,0.0,1940.2100870011054,0.26565772168396506,1939.9444292794215,,,,,[],7183.915611722114
sweep_20260627_173904_53bdbde0_results.jsonl,E2.7,E2,success,,,,8,8,16,2,"[0.3, 0.27, 0.22, 0.18, 0.15, 0.11, 0.08, 0.05]",default,16,1,200,10,102,0.5,-40.635999999999996,-40.924800000000005,-40.924800000000005,True,False,False,False,True,0.0070568457267965136,0.28880000000000905,False,False,0.76,7125.289248000627,3,,,1542.5302982330322,418.58729900013714,0.007019998520263471,0.0,0.0,0.060939999457332306,7125.748898999518,0.0,1961.3901030006673,0.27250576749793254,1961.1175972331694,,,,,[],7126.089364764994
sweep_20260627_173904_53bdbde0_results.jsonl,E2.8,E2,success,,,,8,8,16,2,"[0.3, 0.27, 0.22, 0.18, 0.15, 0.11, 0.08, 0.05]",default,16,1,200,10,103,0.5,-40.635999999999996,-40.924800000000005,-40.9248,True,False,False,False,True,0.0070568457267965136,0.28880000000000905,False,False,0.76,7185.662281000987,8,,,1550.246238708496,425.5299989999912,0.007560000085504726,0.0,0.0,0.06122999911895022,7186.113662000935,0.0,1976.0338770011003,0.2576392926130211,1975.7762377084873,,,,,[],7186.440091292752
sweep_20260627_173904_53bdbde0_results.jsonl,E2.9,E2,success,,,,8,8,16,2,"[0.3, 0.27, 0.22, 0.18, 0.15, 0.11, 0.08, 0.05]",default,16,1,200,10,104,0.5,-40.6798,-40.924800000000005,-40.9248,True,False,False,False,True,0.00598659003831414,0.24500000000000455,False,False,0.7,7191.90626999989,4,,,1531.8527221679688,417.6426550002361,0.006659998689428903,0.0,0.0,0.05921000047237612,7192.357771000388,0.0,1949.7412069995335,0.24582983132859226,1949.4953771682049,,,,,[],7192.669470830879
sweep_20260627_173904_53bdbde0_results.jsonl,E2.10,E2,success,,,,8,8,16,2,"[0.3, 0.27, 0.22, 0.18, 0.15, 0.11, 0.08, 0.05]",default,16,1,200,10,105,0.5,-40.78959999999999,-40.924800000000005,-40.924800000000005,True,False,False,False,True,0.003303620298694396,0.13520000000001176,False,False,0.5199999999999999,7159.839511999962,3,,,1522.3004817962646,411.1671760001627,0.009999999747378752,0.0,0.0,0.08653100121591706,7160.282703000121,0.0,1933.7327190005453,0.26506120411795564,1933.4676577964274,,,,,[],7160.644295205202
sweep_20260627_173904_53bdbde0_results.jsonl,E2.11,E2,success,,,,8,8,16,2,"[0.3, 0.27, 0.22, 0.18, 0.15, 0.11, 0.08, 0.05]",default,16,1,500,10,101,0.5,-40.900600000000004,-40.924800000000005,-40.9248,True,False,False,False,True,0.0005913284854171517,0.024200000000000443,False,False,0.21999999999999997,17926.27163999896,7,,,1564.408779144287,420.3253739997308,0.0070900005084695294,0.0,0.0,0.06831999962741975,17926.728161999563,0.0,1984.9959639996086,0.26181085559073836,1984.734153144018,,,,,[],17927.06538285529
sweep_20260627_173904_53bdbde0_results.jsonl,E2.12,E2,success,,,,8,8,16,2,"[0.3, 0.27, 0.22, 0.18, 0.15, 0.11, 0.08, 0.05]",default,16,1,500,10,102,0.5,-40.635999999999996,-40.924800000000005,-40.924800000000005,True,False,False,False,True,0.0070568457267965136,0.28880000000000905,False,False,0.76,17881.805396000345,3,,,1527.2107124328613,416.06173000036506,0.00788000033935532,0.0,0.0,0.060030000895494595,17882.26001700059,0.0,1943.5332979992381,0.26085556601174176,1943.2724424332264,,,,,[],17882.588782567836
sweep_20260627_173904_53bdbde0_results.jsonl,E2.13,E2,success,,,,8,8,16,2,"[0.3, 0.27, 0.22, 0.18, 0.15, 0.11, 0.08, 0.05]",default,16,1,500,10,103,0.5,-40.635999999999996,-40.924800000000005,-40.9248,True,False,False,False,True,0.0070568457267965136,0.28880000000000905,False,False,0.76,17914.624785000342,8,,,1538.9163494110107,413.3470130000205,0.0071900012699188665,0.0,0.0,0.05985000098007731,17915.072215999317,0.0,1952.525806000267,0.2624435892357724,1952.2633624110313,,,,,[],17915.401699590802
sweep_20260627_173904_53bdbde0_results.jsonl,E2.14,E2,success,,,,8,8,16,2,"[0.3, 0.27, 0.22, 0.18, 0.15, 0.11, 0.08, 0.05]",default,16,1,500,10,104,0.5,-40.78959999999999,-40.924800000000005,-40.9248,True,False,False,False,True,0.003303620298694396,0.13520000000001176,False,False,0.5199999999999999,17920.75785399902,4,,,1520.4432010650635,409.73445199961134,0.009049999789567664,0.0,0.0,0.08553999941796064,17921.20816500028,0.0,1930.4383889993915,0.26073593471664935,1930.1776530646748,,,,,[],17921.563490934204
sweep_20260627_173904_53bdbde0_results.jsonl,E2.15,E2,success,,,,8,8,16,2,"[0.3, 0.27, 0.22, 0.18, 0.15, 0.11, 0.08, 0.05]",default,16,1,500,10,105,0.5,-40.732600000000005,-40.924800000000005,-40.924800000000005,True,False,False,False,True,0.004696418797403896,0.1921999999999997,False,False,0.62,17894.58719399954,3,,,1546.2861061096191,420.1206130001083,0.0071499998739454895,0.0,0.0,0.058461000662646256,17895.057395999174,0.0,1966.6854179995426,0.27869888981513213,1966.4067191097274,,,,,[],17895.401705889526
sweep_20260627_173904_53bdbde0_results.jsonl,E2.16,E2,success,,,,8,8,16,2,"[0.3, 0.27, 0.22, 0.18, 0.15, 0.11, 0.08, 0.05]",default,16,2,100,10,101,0.5,-40.900600000000004,-40.924800000000005,-40.9248,True,False,False,False,True,0.0005913284854171517,0.024200000000000443,False,False,0.21999999999999997,6468.2126060015435,2,,,1529.827356338501,417.034103998958,0.007189999450929463,0.0,0.0,0.07122100032574963,6468.687468001008,0.0,1947.120228998756,0.25876866129692644,1946.861460337459,,,,,[],6469.024647662081
sweep_20260627_173904_53bdbde0_results.jsonl,E2.17,E2,success,,,,8,8,16,2,"[0.3, 0.27, 0.22, 0.18, 0.15, 0.11, 0.08, 0.05]",default,16,2,100,10,102,0.5,-40.900600000000004,-40.924800000000005,-40.924800000000005,True,False,False,False,True,0.0005913284854171517,0.024200000000000443,False,False,0.21999999999999997,6446.834520998891,12,,,1570.019006729126,409.4244410007377,0.007160000677686185,0.0,0.0,0.05842000064149033,6447.316533000048,0.0,1979.7174579998682,0.27401027000450995,1979.4434477298637,,,,,[],6447.656123271372
sweep_20260627_173904_53bdbde0_results.jsonl,E2.18,E2,success,,,,8,8,16,2,"[0.3, 0.27, 0.22, 0.18, 0.15, 0.11, 0.08, 0.05]",default,16,2,100,10,103,0.5,-40.635999999999996,-40.924800000000005,-40.9248,True,False,False,False,True,0.0070568457267965136,0.28880000000000905,False,False,0.76,6421.034442999371,9,,,1569.0035820007324,428.12080699877697,0.010230000043520704,0.0,0.0,0.0877010006661294,6421.517955001036,0.0,1997.3879810004291,0.26359200091974344,1997.1243889995094,,,,,[],6421.879478002666
sweep_20260627_173904_53bdbde0_results.jsonl,E2.19,E2,success,,,,8,8,16,2,"[0.3, 0.27, 0.22, 0.18, 0.15, 0.11, 0.08, 0.05]",default,16,2,100,10,104,0.5,-40.635999999999996,-40.924800000000005,-40.9248,True,False,False,False,True,0.0070568457267965136,0.28880000000000905,False,False,0.76,6372.549927000364,12,,,1553.3390045166016,421.29388699868286,0.007009999535512179,0.0,0.0,0.06012999983795453,6373.042949000592,0.0,1974.8964629998227,0.26357148453826085,1974.6328915152844,,,,,[],6373.3736604845035
sweep_20260627_173904_53bdbde0_results.jsonl,E2.20,E2,success,,,,8,8,16,2,"[0.3, 0.27, 0.22, 0.18, 0.15, 0.11, 0.08, 0.05]",default,16,2,100,10,105,0.5,-40.900600000000004,-40.924800000000005,-40.924800000000005,True,False,False,False,True,0.0005913284854171517,0.024200000000000443,False,False,0.21999999999999997,6452.993159999096,2,,,1523.6084461212158,416.3000419994205,0.006849999408586882,0.0,0.0,0.05874999988009222,6453.465091999533,0.0,1940.169187999345,0.26069987870869227,1939.9084881206363,,,,,[],6453.79139187753
sweep_20260627_173904_53bdbde0_results.jsonl,E2.21,E2,success,,,,8,8,16,2,"[0.3, 0.27, 0.22, 0.18, 0.15, 0.11, 0.08, 0.05]",default,16,2,200,10,101,0.5,-40.635999999999996,-40.924800000000005,-40.9248,True,False,False,False,True,0.0070568457267965136,0.28880000000000905,False,False,0.76,12912.29924000072,2,,,1553.0636310577393,414.76030699959665,0.007410000762320124,0.0,0.0,0.05881099968974013,12912.820130999535,0.0,1968.082642999434,0.2587049420981202,1967.823938057336,,,,,[],12913.145056942085
sweep_20260627_173904_53bdbde0_results.jsonl,E2.22,E2,success,,,,8,8,16,2,"[0.3, 0.27, 0.22, 0.18, 0.15, 0.11, 0.08, 0.05]",default,16,2,200,10,102,0.5,-40.900600000000004,-40.924800000000005,-40.924800000000005,True,False,False,False,True,0.0005913284854171517,0.024200000000000443,False,False,0.21999999999999997,12746.898809000413,12,,,1527.0144939422607,409.98013200078276,0.007911001375759952,0.0,0.0,0.05867999971087556,12747.470489999614,0.0,1937.2536390001187,0.25901305707520805,1936.9946259430435,,,,,[],12747.796094057776
sweep_20260627_173904_53bdbde0_results.jsonl,E2.23,E2,success,,,,8,8,16,2,"[0.3, 0.27, 0.22, 0.18, 0.15, 0.11, 0.08, 0.05]",default,16,2,200,10,103,0.5,-40.635999999999996,-40.924800000000005,-40.9248,True,False,False,False,True,0.0070568457267965136,0.28880000000000905,False,False,0.76,12866.768391999358,9,,,1545.896053314209,419.64229499899375,0.007779999577905983,0.0,0.0,0.05770100142399315,12867.242925000028,0.0,1965.8233190002647,0.2849706870620139,1965.5383483132027,,,,,[],12867.593376688092
sweep_20260627_173904_53bdbde0_results.jsonl,E2.24,E2,success,,,,8,8,16,2,"[0.3, 0.27, 0.22, 0.18, 0.15, 0.11, 0.08, 0.05]",default,16,2,200,10,104,0.5,-40.707,-40.924800000000005,-40.9248,True,False,False,False,True,0.005321956368754365,0.217800000000004,False,False,0.66,12796.820105000734,12,,,1566.0109519958496,423.9689559999533,0.009620000128052197,0.0,0.0,0.0932909988478059,12797.303167000791,0.0,1990.2416579989222,0.26175000311923213,1989.979907995803,,,,,[],12797.667828002886
sweep_20260627_173904_53bdbde0_results.jsonl,E2.25,E2,success,,,,8,8,16,2,"[0.3, 0.27, 0.22, 0.18, 0.15, 0.11, 0.08, 0.05]",default,16,2,200,10,105,0.5,-40.900600000000004,-40.924800000000005,-40.924800000000005,True,False,False,False,True,0.0005913284854171517,0.024200000000000443,False,False,0.21999999999999997,12935.78109200098,2,,,1552.8779029846191,422.78790999989724,0.009479999789618887,0.0,0.0,0.08642099965072703,12936.286754998946,0.0,1975.9269480000512,0.2611350155348191,1975.6658129845164,,,,,[],12936.643791013921
sweep_20260627_173904_53bdbde0_results.jsonl,E2.26,E2,success,,,,8,8,16,2,"[0.3, 0.27, 0.22, 0.18, 0.15, 0.11, 0.08, 0.05]",default,16,2,500,10,101,0.5,-40.732600000000005,-40.924800000000005,-40.9248,True,False,False,False,True,0.004696418797403896,0.1921999999999997,False,False,0.62,35201.141364999785,2,,,1556.5872192382812,428.08780599989404,0.0072999991971300915,0.0,0.0,0.06333000055747107,35201.64369700069,0.0,1984.9507929993706,0.2757677611953113,1984.6750252381753,,,,,[],35201.99009476164
sweep_20260627_173904_53bdbde0_results.jsonl,E2.27,E2,success,,,,8,8,16,2,"[0.3, 0.27, 0.22, 0.18, 0.15, 0.11, 0.08, 0.05]",default,16,2,500,10,102,0.5,-40.900600000000004,-40.924800000000005,-40.924800000000005,True,False,False,False,True,0.0005913284854171517,0.024200000000000443,False,False,0.21999999999999997,35074.072314999285,12,,,1690.526008605957,450.32315400021616,0.007120001100702211,0.0,0.0,0.060399999711080454,35074.76456800032,0.0,2141.184832998988,0.33567039281479083,2140.849162606173,,,,,[],35075.167758393945
sweep_20260627_173904_53bdbde0_results.jsonl,E2.28,E2,success,,,,8,8,16,2,"[0.3, 0.27, 0.22, 0.18, 0.15, 0.11, 0.08, 0.05]",default,16,2,500,10,103,0.5,-40.7448,-40.924800000000005,-40.9248,True,False,False,False,True,0.004398311048557413,0.18000000000000682,False,False,0.6,35196.07195000026,9,,,1636.4829540252686,440.39389599856804,0.006930000381544232,0.0,0.0,0.07745000038994476,35196.66640300056,0.0,2077.15392099999,0.27707097615348175,2076.8768500238366,,,,,[],35197.02785397749
sweep_20260627_173904_53bdbde0_results.jsonl,E2.29,E2,success,,,,8,8,16,2,"[0.3, 0.27, 0.22, 0.18, 0.15, 0.11, 0.08, 0.05]",default,16,2,500,10,104,0.5,-40.665600000000005,-40.924800000000005,-40.9248,True,False,False,False,True,0.006333567909922431,0.2591999999999999,False,False,0.72,35129.01032299851,12,,,1578.9048671722412,428.3403979989089,0.009479999789618887,0.0,0.0,0.09118100024352316,35129.60352600021,0.0,2007.5197919995844,0.2745268284343183,2007.24526517115,,,,,[],35129.97871382868
sweep_20260627_173904_53bdbde0_results.jsonl,E2.30,E2,success,,,,8,8,16,2,"[0.3, 0.27, 0.22, 0.18, 0.15, 0.11, 0.08, 0.05]",default,16,2,500,10,105,0.5,-40.900600000000004,-40.924800000000005,-40.924800000000005,True,False,False,False,True,0.0005913284854171517,0.024200000000000443,False,False,0.21999999999999997,35110.04701099955,2,,,1592.799425125122,448.569875999965,0.007340000593103468,0.0,0.0,0.06222000047273468,35110.66795399893,0.0,2041.6663579999295,0.29705687484238297,2041.369301125087,,,,,[],35111.034570874835
sweep_20260627_173904_53bdbde0_results.jsonl,E2.31,E2,success,,,,8,8,16,2,"[0.3, 0.27, 0.22, 0.18, 0.15, 0.11, 0.08, 0.05]",default,16,3,100,10,101,0.5,-40.635999999999996,-40.924800000000005,-40.9248,True,False,False,False,True,0.0070568457267965136,0.28880000000000905,False,False,0.76,10159.769084999425,12,,,1603.1079292297363,442.06088399914734,0.011300000551273115,0.0,0.0,0.08866099960869178,10160.38154799935,0.0,2045.447057000274,0.27824377139040735,2045.1688132288837,,,,,[],10160.7597527709
sweep_20260627_173904_53bdbde0_results.jsonl,E2.32,E2,success,,,,8,8,16,2,"[0.3, 0.27, 0.22, 0.18, 0.15, 0.11, 0.08, 0.05]",default,16,3,100,10,102,0.5,-40.924800000000005,-40.924800000000005,-40.924800000000005,True,True,True,True,True,0.0,0.0,True,True,0.0,10154.313828999875,85,,,1617.0365810394287,424.09367699838185,0.008630000593257137,0.0,0.0,0.0652109993097838,10155.05824200045,0.0,2041.4388469998812,0.3085889620706439,2041.1302580378106,,,,,[],10155.440671962424
sweep_20260627_173904_53bdbde0_results.jsonl,E2.33,E2,success,,,,8,8,16,2,"[0.3, 0.27, 0.22, 0.18, 0.15, 0.11, 0.08, 0.05]",default,16,3,100,10,103,0.5,-40.635999999999996,-40.924800000000005,-40.9248,True,False,False,False,True,0.0070568457267965136,0.28880000000000905,False,False,0.76,10215.863688999889,4,,,1605.2417755126953,446.9070079994708,0.007360000381595455,0.0,0.0,0.06052000026102178,10216.4508019996,0.0,2052.419880999878,0.2710974877118133,2052.148783512166,,,,,[],10216.789779487954
sweep_20260627_173904_53bdbde0_results.jsonl,E2.34,E2,success,,,,8,8,16,2,"[0.3, 0.27, 0.22, 0.18, 0.15, 0.11, 0.08, 0.05]",default,16,3,100,10,104,0.5,-40.900600000000004,-40.924800000000005,-40.9248,True,False,False,False,True,0.0005913284854171517,0.024200000000000443,False,False,0.21999999999999997,10261.67316200008,21,,,1593.055248260498,431.98825500076055,0.01089999932446517,0.0,0.0,0.09927999963110778,10262.242924998645,0.0,2025.3250189998653,0.2815157386066858,2025.0435032612586,,,,,[],10262.634620736208
sweep_20260627_173904_53bdbde0_results.jsonl,E2.35,E2,success,,,,8,8,16,2,"[0.3, 0.27, 0.22, 0.18, 0.15, 0.11, 0.08, 0.05]",default,16,3,100,10,105,0.5,-40.924800000000005,-40.924800000000005,-40.924800000000005,True,True,True,True,True,0.0,0.0,True,True,0.0,10272.077831999923,46,,,1626.7483234405518,437.71926299996267,0.007740000000922009,0.0,0.0,0.06110100002842955,10272.763196000597,0.0,2064.7528209992743,0.2852345587598393,2064.4675864405144,,,,,[],10273.117271559386
sweep_20260627_173904_53bdbde0_results.jsonl,E2.36,E2,success,,,,8,8,16,2,"[0.3, 0.27, 0.22, 0.18, 0.15, 0.11, 0.08, 0.05]",default,16,3,200,10,101,0.5,-40.900600000000004,-40.924800000000005,-40.9248,True,False,False,False,True,0.0005913284854171517,0.024200000000000443,False,False,0.21999999999999997,20176.04681100056,12,,,1683.5033893585205,457.1972880003159,0.007759999789413996,0.0,0.0,0.06534999920404516,20176.676724000572,0.0,2141.017321999243,0.3166446404065937,2140.7006773588364,,,,,[],20177.066478639972
sweep_20260627_173904_53bdbde0_results.jsonl,E2.37,E2,success,,,,8,8,16,2,"[0.3, 0.27, 0.22, 0.18, 0.15, 0.11, 0.08, 0.05]",default,16,3,200,10,102,0.5,-40.9246,-40.924800000000005,-40.924800000000005,True,True,False,False,True,4.88701227633695e-06,0.0002000000000066393,True,False,0.020000000000000018,20269.037314999878,86,,,1577.3797035217285,422.6553200005583,0.008320001143147238,0.0,0.0,0.0696400002198061,20269.81000900014,0.0,2000.34495699947,0.30993347718322184,2000.0350235222868,,,,,[],20270.197902478685
sweep_20260627_173904_53bdbde0_results.jsonl,E2.38,E2,success,,,,8,8,16,2,"[0.3, 0.27, 0.22, 0.18, 0.15, 0.11, 0.08, 0.05]",default,16,3,200,10,103,0.5,-40.635999999999996,-40.924800000000005,-40.9248,True,False,False,False,True,0.0070568457267965136,0.28880000000000905,False,False,0.76,20040.691361999052,4,,,1618.4148788452148,433.0753209997056,0.007499998901039362,0.0,0.0,0.061810000261175446,20041.449946000284,0.0,2051.784597999358,0.2943981544376584,2051.4901998449204,,,,,[],20041.813654153884
sweep_20260627_173904_53bdbde0_results.jsonl,E2.39,E2,success,,,,8,8,16,2,"[0.3, 0.27, 0.22, 0.18, 0.15, 0.11, 0.08, 0.05]",default,16,3,200,10,104,0.5,-40.707,-40.924800000000005,-40.9248,True,False,False,False,True,0.005321956368754365,0.217800000000004,False,False,0.66,19916.270595998867,21,,,1578.8087844848633,429.5003320003161,0.007439999535563402,0.0,0.0,0.061929998992127366,19916.831959000774,0.0,2008.601177998571,0.29206151339167263,2008.3091164851794,,,,,[],19917.193390512693
sweep_20260627_173904_53bdbde0_results.jsonl,E2.40,E2,success,,,,8,8,16,2,"[0.3, 0.27, 0.22, 0.18, 0.15, 0.11, 0.08, 0.05]",default,16,3,200,10,105,0.5,-40.9246,-40.924800000000005,-40.924800000000005,True,True,False,False,True,4.88701227633695e-06,0.0002000000000066393,True,False,0.020000000000000018,20178.527092999502,46,,,1609.9779605865479,441.56195200048387,0.007779999577905983,0.0,0.0,0.06142100028228015,20179.241497000476,0.0,2051.8263680005475,0.28645541351579595,2051.5399125870317,,,,,[],20179.59715341385
sweep_20260627_173904_53bdbde0_results.jsonl,E2.41,E2,success,,,,8,8,16,2,"[0.3, 0.27, 0.22, 0.18, 0.15, 0.11, 0.08, 0.05]",default,16,3,500,10,101,0.5,-40.665600000000005,-40.924800000000005,-40.9248,True,False,False,False,True,0.006333567909922431,0.2591999999999999,False,False,0.72,50154.61739799866,12,,,1609.7838878631592,426.2930969998706,0.007439999535563402,0.0,0.0,0.06450100045185536,50155.25933100071,0.0,2036.3858529999561,0.3088681369263213,2036.0769848630298,,,,,[],50155.64014013762
sweep_20260627_173904_53bdbde0_results.jsonl,E2.42,E2,success,,,,8,8,16,2,"[0.3, 0.27, 0.22, 0.18, 0.15, 0.11, 0.08, 0.05]",default,16,3,500,10,102,0.5,-40.9246,-40.924800000000005,-40.924800000000005,True,True,False,False,True,4.88701227633695e-06,0.0002000000000066393,True,False,0.020000000000000018,50526.99915300036,86,,,1568.955659866333,426.05553599969426,0.007390000973828137,0.0,0.0,0.0635899996268563,50527.671346000716,0.0,1995.3016429990384,0.29044713301118463,1995.0111958660273,,,,,[],50528.03277313433
sweep_20260627_173904_53bdbde0_results.jsonl,E2.43,E2,success,,,,8,8,16,2,"[0.3, 0.27, 0.22, 0.18, 0.15, 0.11, 0.08, 0.05]",default,16,3,500,10,103,0.5,-40.635999999999996,-40.924800000000005,-40.9248,True,False,False,False,True,0.0070568457267965136,0.28880000000000905,False,False,0.76,49994.597249000435,4,,,1547.3051071166992,439.44019099944853,0.01098000029742252,0.0,0.0,0.09439099994779099,49995.22089200036,0.0,1987.0236930000829,0.2783948839351069,1986.7452981161478,,,,,[],49995.60465788454
sweep_20260627_173904_53bdbde0_results.jsonl,E2.44,E2,success,,,,8,8,16,2,"[0.3, 0.27, 0.22, 0.18, 0.15, 0.11, 0.08, 0.05]",default,16,3,500,10,104,0.5,-40.900600000000004,-40.924800000000005,-40.9248,True,False,False,False,True,0.0005913284854171517,0.024200000000000443,False,False,0.21999999999999997,49969.67223499996,21,,,1597.2552299499512,425.76840999936394,0.010329998985980637,0.0,0.0,0.09550100003252737,49970.196446000045,0.0,2023.2948920001945,0.2712520508794114,2023.023639949315,,,,,[],49970.57352904994
sweep_20260627_173904_53bdbde0_results.jsonl,E2.45,E2,success,,,,8,8,16,2,"[0.3, 0.27, 0.22, 0.18, 0.15, 0.11, 0.08, 0.05]",default,16,3,500,10,105,0.5,-40.9248,-40.924800000000005,-40.924800000000005,True,True,True,True,True,0.0,7.105427357601002e-15,True,True,1.1102230246251565e-16,51097.17340300085,46,,,1589.8303985595703,428.54119799994805,0.00726999860489741,0.0,0.0,0.060090000260970555,51097.84816499996,0.0,2018.6554080009955,0.2838114414771553,2018.3715965595184,,,,,[],51098.1993364403
sweep_20260627_173904_53bdbde0_results.jsonl,E2.46,E2,success,,,,8,8,16,2,"[0.3, 0.27, 0.22, 0.18, 0.15, 0.11, 0.08, 0.05]",default,16,4,100,10,101,0.5,-40.9246,-40.924800000000005,-40.9248,True,True,False,False,True,4.88701227633695e-06,0.0002000000000066393,True,False,0.020000000000000018,13113.804794000316,39,,,1617.3899173736572,431.22371600111364,0.0073999999585794285,0.0,0.0,0.06466000013460871,13114.34590600038,0.0,2048.9020960012567,0.2884626264858525,2048.613633374771,,,,,[],13114.70642862696
sweep_20260627_173904_53bdbde0_results.jsonl,E2.47,E2,success,,,,8,8,16,2,"[0.3, 0.27, 0.22, 0.18, 0.15, 0.11, 0.08, 0.05]",default,16,4,100,10,102,0.5,-40.924800000000005,-40.924800000000005,-40.924800000000005,True,True,True,True,True,0.0,0.0,True,True,0.0,12909.348479000982,50,,,1589.6122455596924,419.68426299899875,0.007119999281712808,0.0,0.0,0.06106000000727363,12909.89872099999,0.0,2009.563301999151,0.2667934404598782,2009.2965085586911,,,,,[],12910.23369443974
sweep_20260627_173904_53bdbde0_results.jsonl,E2.48,E2,success,,,,8,8,16,2,"[0.3, 0.27, 0.22, 0.18, 0.15, 0.11, 0.08, 0.05]",default,16,4,100,10,103,0.5,-40.635999999999996,-40.924800000000005,-40.9248,True,False,False,False,True,0.0070568457267965136,0.28880000000000905,False,False,0.76,12250.941141001022,20,,,1547.5990772247314,423.4016930004145,0.007919999916339293,0.0,0.0,0.06033099998603575,12251.494043001003,0.0,1971.2652300004265,0.26445977528055664,1971.000770225146,,,,,[],12251.826753776186
sweep_20260627_173904_53bdbde0_results.jsonl,E2.49,E2,success,,,,8,8,16,2,"[0.3, 0.27, 0.22, 0.18, 0.15, 0.11, 0.08, 0.05]",default,16,4,100,10,104,0.5,-40.9246,-40.924800000000005,-40.9248,True,True,False,False,True,4.88701227633695e-06,0.0002000000000066393,True,False,0.020000000000000018,12306.036972000584,40,,,1543.088674545288,425.0450780000392,0.007100999937392771,0.0,0.0,0.06005000068398658,12306.59819399989,0.0,1968.400402000043,0.2666494547156617,1968.1337525453273,,,,,[],12306.931994455226
sweep_20260627_173904_53bdbde0_results.jsonl,E2.50,E2,success,,,,8,8,16,2,"[0.3, 0.27, 0.22, 0.18, 0.15, 0.11, 0.08, 0.05]",default,16,4,100,10,105,0.5,-40.900600000000004,-40.924800000000005,-40.924800000000005,True,False,False,False,True,0.0005913284854171517,0.024200000000000443,False,False,0.21999999999999997,12277.723880000849,38,,,1551.1951446533203,416.40200199981336,0.007520000508520752,0.0,0.0,0.059759999203379266,12278.290791999098,0.0,1967.85828999964,0.26114334650628734,1967.5971466531337,,,,,[],12278.619215345316
sweep_20260627_173904_53bdbde0_results.jsonl,E2.51,E2,success,,,,8,8,16,2,"[0.3, 0.27, 0.22, 0.18, 0.15, 0.11, 0.08, 0.05]",default,16,4,200,10,101,0.5,-40.9248,-40.924800000000005,-40.9248,True,True,True,True,True,0.0,7.105427357601002e-15,True,True,1.1102230246251565e-16,24680.51356400065,39,,,1559.7734451293945,414.9485079997248,0.007669999831705354,0.0,0.0,0.05835000047227368,24681.069345999276,0.0,1974.9883810000028,0.26642787088348996,1974.7219531291194,,,,,[],24681.401793870464
sweep_20260627_173904_53bdbde0_results.jsonl,E2.52,E2,success,,,,8,8,16,2,"[0.3, 0.27, 0.22, 0.18, 0.15, 0.11, 0.08, 0.05]",default,16,4,200,10,102,0.5,-40.924800000000005,-40.924800000000005,-40.924800000000005,True,True,True,True,True,0.0,0.0,True,True,0.0,24386.429567999585,51,,,1553.025245666504,420.3218940001534,0.009419998605153523,0.0,0.0,0.08786999933363404,24386.96653000079,0.0,1973.6178259990993,0.2706863324419828,1973.3471396666573,,,,,[],24387.33450633117
sweep_20260627_173904_53bdbde0_results.jsonl,E2.53,E2,success,,,,8,8,16,2,"[0.3, 0.27, 0.22, 0.18, 0.15, 0.11, 0.08, 0.05]",default,16,4,200,10,103,0.5,-40.900600000000004,-40.924800000000005,-40.9248,True,False,False,False,True,0.0005913284854171517,0.024200000000000443,False,False,0.21999999999999997,24809.717269999965,20,,,1566.6680335998535,422.12963000019954,0.0071810009103501216,0.0,0.0,0.05849999979545828,24810.290081999483,0.0,1989.071022000644,0.2733584005909506,1988.797663600053,,,,,[],24810.62912140078
sweep_20260627_173904_53bdbde0_results.jsonl,E2.54,E2,success,,,,8,8,16,2,"[0.3, 0.27, 0.22, 0.18, 0.15, 0.11, 0.08, 0.05]",default,16,4,200,10,104,0.5,-40.9246,-40.924800000000005,-40.9248,True,True,False,False,True,4.88701227633695e-06,0.0002000000000066393,True,False,0.020000000000000018,24476.44722899895,40,,,1533.7011814117432,422.4003899998934,0.009890000001178123,0.0,0.0,0.08836099914333317,24476.99019100037,0.0,1956.3756770003238,0.27410558868723456,1956.1015714116365,,,,,[],24477.3625475882
sweep_20260627_173904_53bdbde0_results.jsonl,E2.55,E2,success,,,,8,8,16,2,"[0.3, 0.27, 0.22, 0.18, 0.15, 0.11, 0.08, 0.05]",default,16,4,200,10,105,0.5,-40.635999999999996,-40.924800000000005,-40.924800000000005,True,False,False,False,True,0.0070568457267965136,0.28880000000000905,False,False,0.76,24601.34085699974,38,,,1566.413164138794,432.48544900052366,0.009350000254926272,0.0,0.0,0.08655999954498839,24601.902008000252,0.0,1999.1675530000066,0.2689398606889881,1998.8986131393176,,,,,[],24602.26685786074
sweep_20260627_173904_53bdbde0_results.jsonl,E2.56,E2,success,,,,8,8,16,2,"[0.3, 0.27, 0.22, 0.18, 0.15, 0.11, 0.08, 0.05]",default,16,4,500,10,101,0.5,-40.924800000000005,-40.924800000000005,-40.9248,True,True,True,True,True,0.0,0.0,True,True,0.0,61334.18420199996,39,,,1543.0352687835693,418.4451380006067,0.006909998774062842,0.0,0.0,0.06027999916113913,61334.71152299899,0.0,1961.7402530002437,0.2598462160676718,1961.480406784176,,,,,[],61335.03855921299
sweep_20260627_173904_53bdbde0_results.jsonl,E2.57,E2,success,,,,8,8,16,2,"[0.3, 0.27, 0.22, 0.18, 0.15, 0.11, 0.08, 0.05]",default,16,4,500,10,102,0.5,-40.9246,-40.924800000000005,-40.924800000000005,True,True,False,False,True,4.88701227633695e-06,0.0002000000000066393,True,False,0.020000000000000018,61573.784189000435,51,,,1555.2098751068115,421.8523079998704,0.00788000033935532,0.0,0.0,0.05928999962634407,61574.344180999105,0.0,1977.326277001339,0.2640938946569804,1977.062183106682,,,,,[],61574.67544489373
sweep_20260627_173904_53bdbde0_results.jsonl,E2.58,E2,success,,,,8,8,16,2,"[0.3, 0.27, 0.22, 0.18, 0.15, 0.11, 0.08, 0.05]",default,16,4,500,10,103,0.5,-40.9246,-40.924800000000005,-40.9248,True,True,False,False,True,4.88701227633695e-06,0.0002000000000066393,True,False,0.020000000000000018,61222.25095199974,493,,,1539.6783351898193,412.3484459996689,0.007420001566060819,0.0,0.0,0.06071999996493105,61222.790154000904,0.0,1952.2882620003656,0.2614808108774014,1952.0267811894882,,,,,[],61223.11977481331
sweep_20260627_173904_53bdbde0_results.jsonl,E2.59,E2,success,,,,8,8,16,2,"[0.3, 0.27, 0.22, 0.18, 0.15, 0.11, 0.08, 0.05]",default,16,4,500,10,104,0.5,-40.924800000000005,-40.924800000000005,-40.9248,True,True,True,True,True,0.0,0.0,True,True,0.0,61219.56905299885,33,,,1531.853437423706,413.9117319991783,0.007419999747071415,0.0,0.0,0.05988000157230999,61220.10970500014,0.0,1946.0081929992157,0.24302357633132488,1945.7651694228844,,,,,[],61220.42002857779
sweep_20260627_173904_53bdbde0_results.jsonl,E2.60,E2,success,,,,8,8,16,2,"[0.3, 0.27, 0.22, 0.18, 0.15, 0.11, 0.08, 0.05]",default,16,4,500,10,105,0.5,-40.707,-40.924800000000005,-40.924800000000005,True,False,False,False,True,0.005321956368754365,0.217800000000004,False,False,0.66,61410.54990300108,38,,,1556.5555095672607,428.71027900037006,0.006910000593052246,0.0,0.0,0.0580100004299311,61411.189424999975,0.0,1985.532508999313,0.26672043168218806,1985.2657885676308,,,,,[],61411.52106543268
sweep_20260627_180326_a1a3c8cb_results.jsonl,E3A.1,E3A,success,dominant,dom060,0.6,6,6,12,2,"[0.08, 0.08, 0.08, 0.08, 0.08, 0.6]",iterative,6,2,100,1,101,0.5,-30.364800000000002,-30.479999999999997,-30.479999999999997,True,False,False,False,True,0.0037795275590548115,0.11519999999999442,False,False,0.5199999999999999,3250.722188000509,,2,2,80.19375801086426,304.551941999307,0.010010000551119447,0.0,0.022050000552553684,0.19449099818302784,3251.115999000831,0.04683099905378185,384.84659799905785,0.10089798888657242,384.7457000101713,,,,,[],3251.490278988058
sweep_20260627_180326_a1a3c8cb_results.jsonl,E3A.2,E3A,success,dominant,dom060,0.6,6,6,12,2,"[0.08, 0.08, 0.08, 0.08, 0.08, 0.6]",iterative,6,2,100,1,102,0.5,-30.364800000000002,-30.479999999999997,-30.479999999999997,True,False,False,False,True,0.0037795275590548115,0.11519999999999442,False,False,0.5199999999999999,3036.7333849990246,,10,2,77.31366157531738,303.8831600006233,0.007749998985673301,0.0,0.018659999113879167,0.15559000348730478,3037.4162069983868,0.042940000639646314,381.28597700051614,0.08915542457543779,381.1968215759407,,,,,[],3037.7303024251887
sweep_20260627_180326_a1a3c8cb_results.jsonl,E3A.3,E3A,success,dominant,dom060,0.6,6,6,12,2,"[0.08, 0.08, 0.08, 0.08, 0.08, 0.6]",iterative,6,2,100,1,103,0.5,-30.364800000000002,-30.479999999999997,-30.479999999999997,True,False,False,False,True,0.0037795275590548115,0.11519999999999442,False,False,0.5199999999999999,2989.8512850013503,,11,2,78.26733589172363,309.4131069992727,0.006629999916185625,0.0,0.015749999874969944,0.16085999959614128,2990.5111370007944,0.045229999159346335,387.75855700077955,0.07811410978320055,387.68044289099635,,,,,[],2990.8177211091242
sweep_20260627_180326_a1a3c8cb_results.jsonl,E3A.4,E3A,success,dominant,dom060,0.6,6,6,12,2,"[0.08, 0.08, 0.08, 0.08, 0.08, 0.6]",iterative,6,2,100,1,104,0.5,-30.364800000000002,-30.479999999999997,-30.479999999999997,True,False,False,False,True,0.0037795275590548115,0.11519999999999442,False,False,0.5199999999999999,2987.9614080000465,,9,2,78.96947860717773,306.24066699965624,0.008629998774267733,0.0,0.015610001355526038,0.14792999900237191,2988.6466710013337,0.038851001590956,385.30597999852034,0.09583439168636687,385.210145606834,,,,,[],2988.9535263937432
sweep_20260627_180326_a1a3c8cb_results.jsonl,E3A.5,E3A,success,dominant,dom060,0.6,6,6,12,2,"[0.08, 0.08, 0.08, 0.08, 0.08, 0.6]",iterative,6,2,100,1,105,0.5,-30.364800000000002,-30.479999999999997,-30.479999999999997,True,False,False,False,True,0.0037795275590548115,0.11519999999999442,False,False,0.5199999999999999,2979.7493619989837,,4,2,78.09829711914062,309.56101899937494,0.006710000889142975,0.0,0.0164400007633958,0.1661710011831019,2980.415524001728,0.03934999949706253,387.7373979994445,0.07808188092894852,387.65931611851556,,,,,[],2980.7222768849897
sweep_20260627_180326_a1a3c8cb_results.jsonl,E3A.6,E3A,success,dominant,dom060,0.6,6,6,12,2,"[0.08, 0.08, 0.08, 0.08, 0.08, 0.6]",iterative,6,2,100,5,101,0.5,-30.479999999999997,-30.479999999999997,-30.479999999999997,True,True,True,True,True,0.0,0.0,True,True,0.19999999999999996,2995.1582920002693,,4,2,77.96645164489746,304.7759330002009,0.006189999112393707,0.0,0.016109999705804512,0.1409599990438437,2995.8443739997165,0.03861000186589081,382.81931199890096,0.07692735380260274,382.74238464509835,,,,,[],2996.123171353247
sweep_20260627_180326_a1a3c8cb_results.jsonl,E3A.7,E3A,success,dominant,dom060,0.6,6,6,12,2,"[0.08, 0.08, 0.08, 0.08, 0.08, 0.6]",iterative,6,2,100,5,102,0.5,-30.479999999999997,-30.479999999999997,-30.479999999999997,True,True,True,True,True,0.0,0.0,True,True,0.19999999999999996,2978.977250000753,,7,2,75.51407814025879,301.70619299860846,0.006300000677583739,0.0,0.015880001228651963,0.14826099868514575,2979.6769819986366,0.0387800009775674,377.3055439996824,0.0852728608151665,377.22027113886725,,,,,[],2979.9714758610207
sweep_20260627_180326_a1a3c8cb_results.jsonl,E3A.8,E3A,success,dominant,dom060,0.6,6,6,12,2,"[0.08, 0.08, 0.08, 0.08, 0.08, 0.6]",iterative,6,2,100,5,103,0.5,-30.479999999999997,-30.479999999999997,-30.479999999999997,True,True,True,True,True,0.0,0.0,True,True,0.19999999999999996,2998.200481999447,,7,2,75.41918754577637,307.95026300074824,0.0064899995777523145,0.0,0.015970001186360605,0.14450999697146472,2998.908804000166,0.03905000085069332,383.4479340002872,0.07848345376260113,383.3694505465246,,,,,[],2999.193307452515
sweep_20260627_180326_a1a3c8cb_results.jsonl,E3A.9,E3A,success,dominant,dom060,0.6,6,6,12,2,"[0.08, 0.08, 0.08, 0.08, 0.08, 0.6]",iterative,6,2,100,5,104,0.5,-30.479999999999997,-30.479999999999997,-30.479999999999997,True,True,True,True,True,0.0,0.0,True,True,0.19999999999999996,3009.0320159997646,,7,2,76.33066177368164,300.9368799994263,0.0061800001276424155,0.0,0.015989999155863188,0.147731001561624,3009.71871800175,0.03825000021606684,377.34786399960285,0.08032222649489995,377.26754177310795,,,,,[],3010.007191229306
sweep_20260627_180326_a1a3c8cb_results.jsonl,E3A.10,E3A,success,dominant,dom060,0.6,6,6,12,2,"[0.08, 0.08, 0.08, 0.08, 0.08, 0.6]",iterative,6,2,100,5,105,0.5,-30.479999999999997,-30.479999999999997,-30.479999999999997,True,True,True,True,True,0.0,0.0,True,True,0.19999999999999996,2998.1132709999656,,2,2,77.66437530517578,316.3166899994394,0.006629999916185625,0.0,0.015580000763293356,0.1470400002290262,2998.875033001241,0.03939999805879779,394.0666880007484,0.08562269613321405,393.9810653046152,,,,,[],2999.1693056963413
sweep_20260627_180326_a1a3c8cb_results.jsonl,E3A.11,E3A,success,dominant,dom070,0.7,6,6,12,2,"[0.06, 0.06, 0.06, 0.06, 0.06, 0.7]",iterative,6,2,100,1,101,0.5,-30.295200000000005,-30.42,-30.42,True,False,False,False,True,0.004102564102563867,0.12479999999999691,False,False,0.6400000000000001,2997.7636789990356,,2,2,78.31788063049316,318.3463759996812,0.008109998816507868,0.0,0.016449999748147093,0.15342100050474983,2998.445631999857,0.03951000144297723,396.75127699956647,0.08702036939212121,396.66425663017435,,,,,[],2998.7501433697616
sweep_20260627_180326_a1a3c8cb_results.jsonl,E3A.12,E3A,success,dominant,dom070,0.7,6,6,12,2,"[0.06, 0.06, 0.06, 0.06, 0.06, 0.7]",iterative,6,2,100,1,102,0.5,-30.295200000000005,-30.42,-30.42,True,False,False,False,True,0.004102564102563867,0.12479999999999691,False,False,0.6400000000000001,3002.9131960000086,,10,2,76.71046257019043,304.03140100133896,0.0062800008890917525,0.0,0.016289999621221796,0.1453000004403293,3003.5912080002163,0.03957000080845319,380.8231259990862,0.08126242755679414,380.7418635715294,,,,,[],3003.879910429532
sweep_20260627_180326_a1a3c8cb_results.jsonl,E3A.13,E3A,success,dominant,dom070,0.7,6,6,12,2,"[0.06, 0.06, 0.06, 0.06, 0.06, 0.7]",iterative,6,2,100,1,103,0.5,-30.295200000000005,-30.42,-30.42,True,False,False,False,True,0.004102564102563867,0.12479999999999691,False,False,0.6400000000000001,3005.137393000041,,11,2,78.19914817810059,308.2050540015189,0.007040000127744861,0.0,0.016470001355628483,0.15755100139358547,3005.8156850009254,0.0393899990740465,386.4879740012839,0.08377182166441344,386.40420217961946,,,,,[],3006.119907824541
sweep_20260627_180326_a1a3c8cb_results.jsonl,E3A.14,E3A,success,dominant,dom070,0.7,6,6,12,2,"[0.06, 0.06, 0.06, 0.06, 0.06, 0.7]",iterative,6,2,100,1,104,0.5,-30.295200000000005,-30.42,-30.42,True,False,False,False,True,0.004102564102563867,0.12479999999999691,False,False,0.6400000000000001,3000.785120000728,,9,2,78.17459106445312,298.9937040001678,0.006450000000768341,0.0,0.016170000890269876,0.1809800014598295,3001.6587720001553,0.07194000136223622,377.2617939994234,0.09349893480248284,377.1682950646209,,,,,[],3002.027810938671
sweep_20260627_180326_a1a3c8cb_results.jsonl,E3A.15,E3A,success,dominant,dom070,0.7,6,6,12,2,"[0.06, 0.06, 0.06, 0.06, 0.06, 0.7]",iterative,6,2,100,1,105,0.5,-30.295200000000005,-30.42,-30.42,True,False,False,False,True,0.004102564102563867,0.12479999999999691,False,False,0.6400000000000001,2991.0170379989722,,4,2,76.29203796386719,300.4257390002749,0.006290001692832448,0.0,0.015550000171060674,0.14478000048256945,2991.7054699981236,0.0431910011684522,376.8002430006163,0.0824660364742158,376.7177769641421,,,,,[],2991.9977470381127
sweep_20260627_180326_a1a3c8cb_results.jsonl,E3A.16,E3A,success,dominant,dom070,0.7,6,6,12,2,"[0.06, 0.06, 0.06, 0.06, 0.06, 0.7]",iterative,6,2,100,5,101,0.5,-30.42,-30.42,-30.42,True,True,True,True,True,0.0,0.0,True,True,0.39999999999999997,2998.246831999495,,4,2,80.23452758789062,325.7856599993829,0.006480000593001023,0.0,0.016459998732898384,0.1492710016464116,2998.9479539999593,0.03929000013158657,406.1331560005783,0.11296841330477037,406.02018758727354,,,,,[],2999.272423414368
sweep_20260627_180326_a1a3c8cb_results.jsonl,E3A.17,E3A,success,dominant,dom070,0.7,6,6,12,2,"[0.06, 0.06, 0.06, 0.06, 0.06, 0.7]",iterative,6,2,100,5,102,0.5,-30.42,-30.42,-30.42,True,True,True,True,True,0.0,0.0,True,True,0.39999999999999997,2995.3326520026167,,8,2,78.36318016052246,307.85067299984803,0.0068400004238355905,0.0,0.016349998986697756,0.15161999908741564,2996.0370540011354,0.03885999831254594,386.3094530006492,0.09559984027873725,386.2138531603705,,,,,[],2996.3463238382246
sweep_20260627_180326_a1a3c8cb_results.jsonl,E3A.18,E3A,success,dominant,dom070,0.7,6,6,12,2,"[0.06, 0.06, 0.06, 0.06, 0.06, 0.7]",iterative,6,2,100,5,103,0.5,-30.42,-30.42,-30.42,True,True,True,True,True,0.0,0.0,True,True,0.39999999999999997,2986.781785000858,,7,2,79.08487319946289,300.37613899912685,0.007010001354501583,0.0,0.016710000636521727,0.15590000293741468,2987.475047000771,0.038940001104492694,379.5458820004569,0.08486980186717119,379.46101219858974,,,,,[],2987.7784768086713
sweep_20260627_180326_a1a3c8cb_results.jsonl,E3A.19,E3A,success,dominant,dom070,0.7,6,6,12,2,"[0.06, 0.06, 0.06, 0.06, 0.06, 0.7]",iterative,6,2,100,5,104,0.5,-30.42,-30.42,-30.42,True,True,True,True,True,0.0,0.0,True,True,0.39999999999999997,3068.0063549989427,,10,2,79.21075820922852,310.7184119999147,0.006410000423784368,0.0,0.015720001101726666,0.13923099868407007,3068.713636997927,0.03924999873561319,390.0165349987219,0.08736478957871441,389.9291702091432,,,,,[],3069.001612786451
sweep_20260627_180326_a1a3c8cb_results.jsonl,E3A.20,E3A,success,dominant,dom070,0.7,6,6,12,2,"[0.06, 0.06, 0.06, 0.06, 0.06, 0.7]",iterative,6,2,100,5,105,0.5,-30.42,-30.42,-30.42,True,True,True,True,True,0.0,0.0,True,True,0.39999999999999997,2998.0007209996984,,2,2,77.84032821655273,302.8205270002218,0.0070000005507608876,0.0,0.016149999282788485,0.15173000065260567,2998.685523001768,0.03829100023722276,380.7450049989711,0.08414978219661862,380.6608552167745,,,,,[],2998.982843784688
sweep_20260627_180326_a1a3c8cb_results.jsonl,E3A.21,E3A,success,dominant,dom080,0.8,6,6,12,2,"[0.04, 0.04, 0.04, 0.04, 0.04, 0.8]",iterative,6,2,100,1,101,0.5,-30.2112,-30.320000000000004,-30.320000000000004,True,False,False,False,True,0.003588390501319216,0.10880000000000223,False,False,0.7600000000000001,3034.8936789996515,,2,2,78.9942741394043,303.41053899974213,0.006199999916134402,0.0,0.01590000101714395,0.1615109995327657,3035.5741109997325,0.04070000068168156,382.48264100002416,0.07782786087773275,382.4048131391464,,,,,[],3035.876249861758
sweep_20260627_180326_a1a3c8cb_results.jsonl,E3A.22,E3A,success,dominant,dom080,0.8,6,6,12,2,"[0.04, 0.04, 0.04, 0.04, 0.04, 0.8]",iterative,6,2,100,1,102,0.5,-30.2112,-30.320000000000004,-30.320000000000004,True,False,False,False,True,0.003588390501319216,0.10880000000000223,False,False,0.7600000000000001,3023.895333000837,,10,2,78.32527160644531,297.784070000489,0.0061800001276424155,0.0,0.01591000000189524,0.14725999972142745,3024.6356160005234,0.03882100099872332,376.2045000003127,0.09515839337836951,376.1093416069343,,,,,[],3024.9389453947515
sweep_20260627_180326_a1a3c8cb_results.jsonl,E3A.23,E3A,success,dominant,dom080,0.8,6,6,12,2,"[0.04, 0.04, 0.04, 0.04, 0.04, 0.8]",iterative,6,2,100,1,103,0.5,-30.2112,-30.320000000000004,-30.320000000000004,True,False,False,False,True,0.003588390501319216,0.10880000000000223,False,False,0.7600000000000001,2989.1897329998756,,11,2,77.88729667663574,303.89466999986325,0.008369999704882503,0.0,0.02153999957954511,0.18058999739878345,2989.9148350014,0.038019999919924885,381.86215899986564,0.08019232336664572,381.781966676499,,,,,[],2990.24354732137
sweep_20260627_180326_a1a3c8cb_results.jsonl,E3A.24,E3A,success,dominant,dom080,0.8,6,6,12,2,"[0.04, 0.04, 0.04, 0.04, 0.04, 0.8]",iterative,6,2,100,1,104,0.5,-30.2112,-30.320000000000004,-30.320000000000004,True,False,False,False,True,0.003588390501319216,0.10880000000000223,False,False,0.7600000000000001,3042.362182000943,,8,2,77.96025276184082,301.4284119999502,0.006360000043059699,0.0,0.0157409995154012,0.14057999942451715,3043.0629549991863,0.038861000575707294,379.4667309994111,0.07806623762007803,379.388664761791,,,,,[],3043.342563236365
sweep_20260627_180326_a1a3c8cb_results.jsonl,E3A.25,E3A,success,dominant,dom080,0.8,6,6,12,2,"[0.04, 0.04, 0.04, 0.04, 0.04, 0.8]",iterative,6,2,100,1,105,0.5,-30.2112,-30.320000000000004,-30.320000000000004,True,False,False,False,True,0.003588390501319216,0.10880000000000223,False,False,0.7600000000000001,3045.3298020001967,,4,2,82.5660228729248,306.4329380013078,0.006649999704677612,0.0,0.015409999832627364,0.14931000259821303,3046.036974001254,0.04017999890493229,389.07894200019655,0.07998112596396822,388.9989608742326,,,,,[],3046.3285051282583
sweep_20260627_180326_a1a3c8cb_results.jsonl,E3A.26,E3A,success,dominant,dom080,0.8,6,6,12,2,"[0.04, 0.04, 0.04, 0.04, 0.04, 0.8]",iterative,6,2,100,5,101,0.5,-30.320000000000004,-30.320000000000004,-30.320000000000004,True,True,True,True,True,0.0,0.0,True,True,0.6000000000000001,3003.8467589984066,,4,2,76.98988914489746,297.3830890005047,0.008229999366449192,0.0,0.02125999890267849,0.16662000234646257,3004.521840999587,0.03829000343102962,374.4798150000861,0.10683685468393378,374.37297814540216,,,,,[],3004.8630778583174
sweep_20260627_180326_a1a3c8cb_results.jsonl,E3A.27,E3A,success,dominant,dom080,0.8,6,6,12,2,"[0.04, 0.04, 0.04, 0.04, 0.04, 0.8]",iterative,6,2,100,5,102,0.5,-30.320000000000004,-30.320000000000004,-30.320000000000004,True,True,True,True,True,0.0,0.0,True,True,0.6000000000000001,2988.0451489989355,,8,2,78.73249053955078,307.3581019998528,0.006270000085351057,0.0,0.015699999494245276,0.1396000006934628,2988.721440999143,0.0465299999632407,386.1691130005056,0.07852046110201627,386.0905925394036,,,,,[],2989.0080614604813
sweep_20260627_180326_a1a3c8cb_results.jsonl,E3A.28,E3A,success,dominant,dom080,0.8,6,6,12,2,"[0.04, 0.04, 0.04, 0.04, 0.04, 0.8]",iterative,6,2,100,5,103,0.5,-30.320000000000004,-30.320000000000004,-30.320000000000004,True,True,True,True,True,0.0,0.0,True,True,0.6000000000000001,3026.476360999368,,7,2,76.04408264160156,296.78179700022156,0.006059999577701092,0.0,0.01621999945200514,0.14076099796511699,3027.198464000321,0.038869999116286635,372.90557000051194,0.07969035868882202,372.8258796418231,,,,,[],3027.480065355121
sweep_20260627_180326_a1a3c8cb_results.jsonl,E3A.29,E3A,success,dominant,dom080,0.8,6,6,12,2,"[0.04, 0.04, 0.04, 0.04, 0.04, 0.8]",iterative,6,2,100,5,104,0.5,-30.320000000000004,-30.320000000000004,-30.320000000000004,True,True,True,True,True,0.0,0.0,True,True,0.6000000000000001,3010.1639189997513,,7,2,76.31230354309082,299.22683500080893,0.0078100001701386645,0.0,0.021400001060101204,0.17832200137490872,3010.8330009989004,0.03853999987768475,375.6202589993336,0.08112045543384738,375.53913854389975,,,,,[],3011.160193456817
sweep_20260627_180326_a1a3c8cb_results.jsonl,E3A.30,E3A,success,dominant,dom080,0.8,6,6,12,2,"[0.04, 0.04, 0.04, 0.04, 0.04, 0.8]",iterative,6,2,100,5,105,0.5,-30.320000000000004,-30.320000000000004,-30.320000000000004,True,True,True,True,True,0.0,0.0,True,True,0.6000000000000001,3023.2582299995556,,2,2,78.84645462036133,306.8335799998749,0.006309999662335031,0.0,0.016449999748147093,0.14630000077886507,3023.9728030028346,0.03943000047001988,385.76030200056266,0.08026738032640424,385.68003462023626,,,,,[],3024.2615603838203
sweep_20260627_180326_a1a3c8cb_results.jsonl,E3A.31,E3A,success,dominant,dom090,0.9,6,6,12,2,"[0.02, 0.02, 0.02, 0.02, 0.02, 0.9]",iterative,6,2,100,1,101,0.5,-30.1128,-30.18,-30.18,True,False,False,False,True,0.0022266401590456423,0.0671999999999997,False,False,0.8800000000000001,2992.015851999895,,2,2,78.66072654724121,303.54313899988483,0.0061399987316690385,0.0,0.015480000001844019,0.14580100105376914,2992.6875539986213,0.03839000055450015,382.28135999997903,0.07749445285298862,382.20386554712604,,,,,[],2992.970859451816
sweep_20260627_180326_a1a3c8cb_results.jsonl,E3A.32,E3A,success,dominant,dom090,0.9,6,6,12,2,"[0.02, 0.02, 0.02, 0.02, 0.02, 0.9]",iterative,6,2,100,1,102,0.5,-30.1128,-30.18,-30.18,True,False,False,False,True,0.0022266401590456423,0.0671999999999997,False,False,0.8800000000000001,3006.438767999498,,4,2,78.11498641967773,300.1599780000106,0.006140000550658442,0.0,0.015589999748044647,0.14567000107490458,3007.139510000343,0.03930999810108915,378.35993799853895,0.08497357885062229,378.27496441968833,,,,,[],3007.431193578668
sweep_20260627_180326_a1a3c8cb_results.jsonl,E3A.33,E3A,success,dominant,dom090,0.9,6,6,12,2,"[0.02, 0.02, 0.02, 0.02, 0.02, 0.9]",iterative,6,2,100,1,103,0.5,-30.1128,-30.18,-30.18,True,False,False,False,True,0.0022266401590456423,0.0671999999999997,False,False,0.8800000000000001,3003.835859000901,,10,2,78.25899124145508,297.9047310000169,0.006009999196976423,0.0,0.0161299994942965,0.15025000175228342,3004.532830998869,0.03991999983554706,376.2440210011846,0.0802987597126048,376.163722241472,,,,,[],3004.8254397588607
sweep_20260627_180326_a1a3c8cb_results.jsonl,E3A.34,E3A,success,dominant,dom090,0.9,6,6,12,2,"[0.02, 0.02, 0.02, 0.02, 0.02, 0.9]",iterative,6,2,100,1,104,0.5,-30.1128,-30.18,-30.18,True,False,False,False,True,0.0022266401590456423,0.0671999999999997,False,False,0.8800000000000001,3008.6261139986163,,4,2,78.02891731262207,302.6455660001375,0.008490000254823826,0.0,0.02069000038318336,0.16400200001953635,3009.324516999186,0.03912000101990998,380.7593649999035,0.08488168714393396,380.67448331275955,,,,,[],3009.6417006880074
sweep_20260627_180326_a1a3c8cb_results.jsonl,E3A.35,E3A,success,dominant,dom090,0.9,6,6,12,2,"[0.02, 0.02, 0.02, 0.02, 0.02, 0.9]",iterative,6,2,100,1,105,0.5,-30.1128,-30.18,-30.18,True,False,False,False,True,0.0022266401590456423,0.0671999999999997,False,False,0.8800000000000001,2997.0533170017006,,4,2,77.94547080993652,304.81876300109434,0.006649999704677612,0.0,0.015940000594127923,0.15188200086413417,2997.7590100006637,0.03862999801640399,382.84602199928486,0.08178818825399503,382.76423381103086,,,,,[],2998.053900188097
sweep_20260627_180326_a1a3c8cb_results.jsonl,E3A.36,E3A,success,dominant,dom090,0.9,6,6,12,2,"[0.02, 0.02, 0.02, 0.02, 0.02, 0.9]",iterative,6,2,100,5,101,0.5,-30.18,-30.18,-30.18,True,True,True,True,True,0.0,0.0,True,True,0.8,3176.386269999057,,4,2,79.33163642883301,307.99304299944197,0.006219999704626389,0.0,0.015899999198154546,0.14187000488163903,3177.11194200092,0.03961000038543716,387.42184700095095,0.09716757267597131,387.324679428275,,,,,[],3177.412709577766
sweep_20260627_180326_a1a3c8cb_results.jsonl,E3A.37,E3A,success,dominant,dom090,0.9,6,6,12,2,"[0.02, 0.02, 0.02, 0.02, 0.02, 0.9]",iterative,6,2,100,5,102,0.5,-30.18,-30.18,-30.18,True,True,True,True,True,0.0,0.0,True,True,0.8,3359.0036629993847,,4,2,77.72088050842285,296.8889069998113,0.008740000339457765,0.0,0.021239999114186503,0.17876199672173243,3359.767624997403,0.04077000266988762,374.711385999035,0.10159849080082495,374.60978750823415,,,,,[],3360.118735487049
sweep_20260627_180326_a1a3c8cb_results.jsonl,E3A.38,E3A,success,dominant,dom090,0.9,6,6,12,2,"[0.02, 0.02, 0.02, 0.02, 0.02, 0.9]",iterative,6,2,100,5,103,0.5,-30.18,-30.18,-30.18,True,True,True,True,True,0.0,0.0,True,True,0.8,3304.7107200000028,,5,2,80.7797908782959,316.50651000018115,0.006579999535460956,0.0,0.016489999325131066,0.1569499981997069,3305.5454620025557,0.04449100197234657,397.39532800012967,0.10902712165261619,397.28630087847705,,,,,[],3305.879000123241
sweep_20260627_180326_a1a3c8cb_results.jsonl,E3A.39,E3A,success,dominant,dom090,0.9,6,6,12,2,"[0.02, 0.02, 0.02, 0.02, 0.02, 0.9]",iterative,6,2,100,5,104,0.5,-30.18,-30.18,-30.18,True,True,True,True,True,0.0,0.0,True,True,0.8,3307.5752389995614,,4,2,81.82358741760254,332.4037109996425,0.006790000043110922,0.0,0.016480000340379775,0.15618099860148504,3308.350432000225,0.039760001527611166,414.33813299954636,0.11083458230132237,414.22729841724504,,,,,[],3308.6804775830387
sweep_20260627_180326_a1a3c8cb_results.jsonl,E3A.40,E3A,success,dominant,dom090,0.9,6,6,12,2,"[0.02, 0.02, 0.02, 0.02, 0.02, 0.9]",iterative,6,2,100,5,105,0.5,-30.18,-30.18,-30.18,True,True,True,True,True,0.0,0.0,True,True,0.8,3289.778361999197,,2,2,78.19509506225586,299.2696959991008,0.00670000008540228,0.0,0.01680999957898166,0.1626110024517402,3290.6383450008434,0.040651002564118244,377.56476499998826,0.09997393863159232,377.46479106135666,,,,,[],3290.9650909441552
sweep_20260627_180326_a1a3c8cb_results.jsonl,E3A.41,E3A,success,dominant,dom095,0.95,6,6,12,2,"[0.01, 0.01, 0.01, 0.01, 0.01, 0.95]",iterative,6,2,100,1,101,0.5,-30.058200000000003,-30.095,-30.095,True,False,False,False,True,0.001222794484133402,0.03679999999999595,False,False,0.94,3252.9091040014464,,2,2,77.50511169433594,300.78461000084644,0.006550000762217678,0.0,0.016239999240497127,0.15688000166846905,3253.65004699961,0.0481509996461682,378.37928800036025,0.08956630517786834,378.2897216951824,,,,,[],3253.967434306105
sweep_20260627_180326_a1a3c8cb_results.jsonl,E3A.42,E3A,success,dominant,dom095,0.95,6,6,12,2,"[0.01, 0.01, 0.01, 0.01, 0.01, 0.95]",iterative,6,2,100,1,102,0.5,-30.058200000000003,-30.095,-30.095,True,False,False,False,True,0.001222794484133402,0.03679999999999595,False,False,0.94,3450.5290239994793,,3,2,87.30435371398926,306.28236700067646,0.008300001354655251,0.0,0.02148000021406915,0.17865300105768256,3451.3991080002597,0.04656000055547338,393.7006369997107,0.1139162850449793,393.5867207146657,,,,,[],3451.7680172884866
sweep_20260627_180326_a1a3c8cb_results.jsonl,E3A.43,E3A,success,dominant,dom095,0.95,6,6,12,2,"[0.01, 0.01, 0.01, 0.01, 0.01, 0.95]",iterative,6,2,100,1,103,0.5,-30.058200000000003,-30.095,-30.095,True,False,False,False,True,0.001222794484133402,0.03679999999999595,False,False,0.94,3309.361944999182,,4,2,81.48956298828125,305.5227660006494,0.007380000170087442,0.0,0.016459998732898384,0.15100000018719584,3310.124376997919,0.04140000237384811,387.11205599975074,0.09972701082006097,387.0123289889307,,,,,[],3310.4403440102033
sweep_20260627_180326_a1a3c8cb_results.jsonl,E3A.44,E3A,success,dominant,dom095,0.95,6,6,12,2,"[0.01, 0.01, 0.01, 0.01, 0.01, 0.95]",iterative,6,2,100,1,104,0.5,-30.058200000000003,-30.095,-30.095,True,False,False,False,True,0.001222794484133402,0.03679999999999595,False,False,0.94,3295.035158000246,,3,2,80.26862144470215,309.77440899914654,0.00610999995842576,0.0,0.015449999409611337,0.15015099779702723,3295.862799999668,0.04629000250133686,390.1536760004092,0.11064555656048469,390.0430304438487,,,,,[],3296.191446555895
sweep_20260627_180326_a1a3c8cb_results.jsonl,E3A.45,E3A,success,dominant,dom095,0.95,6,6,12,2,"[0.01, 0.01, 0.01, 0.01, 0.01, 0.95]",iterative,6,2,100,1,105,0.5,-30.058200000000003,-30.095,-30.095,True,False,False,False,True,0.001222794484133402,0.03679999999999595,False,False,0.94,3275.343745999635,,4,2,83.75263214111328,310.27659000028507,0.006659998689428903,0.0,0.016400001186411828,0.15841999993426725,3276.081947999046,0.03945999742427375,394.11812799880863,0.0889058574102819,394.02922214139835,,,,,[],3276.3917938536906
sweep_20260627_180326_a1a3c8cb_results.jsonl,E3A.46,E3A,success,dominant,dom095,0.95,6,6,12,2,"[0.01, 0.01, 0.01, 0.01, 0.01, 0.95]",iterative,6,2,100,5,101,0.5,-30.095,-30.095,-30.095,True,True,True,True,True,0.0,0.0,True,True,0.8999999999999999,3328.6043159987457,,4,2,86.68184280395508,324.3014559993753,0.006479998774011619,0.0,0.01694999991741497,0.17149999985122122,3329.607809000663,0.04392000118969008,411.1099830006424,0.1266841973119881,410.9832988033304,,,,,[],3329.9733431977074
sweep_20260627_180326_a1a3c8cb_results.jsonl,E3A.47,E3A,success,dominant,dom095,0.95,6,6,12,2,"[0.01, 0.01, 0.01, 0.01, 0.01, 0.95]",iterative,6,2,100,5,102,0.5,-30.095,-30.095,-30.095,True,True,True,True,True,0.0,0.0,True,True,0.8999999999999999,3252.993394000441,,3,2,84.54060554504395,332.63206199990236,0.007009999535512179,0.0,0.016059999325079843,0.15432100008183625,3253.6862270007987,0.03885999831254594,417.2849420010607,0.1122744561143918,417.1726675449463,,,,,[],3254.014752454168
sweep_20260627_180326_a1a3c8cb_results.jsonl,E3A.48,E3A,success,dominant,dom095,0.95,6,6,12,2,"[0.01, 0.01, 0.01, 0.01, 0.01, 0.95]",iterative,6,2,100,5,103,0.5,-30.095,-30.095,-30.095,True,True,True,True,True,0.0,0.0,True,True,0.8999999999999999,3241.7774590012414,,2,2,79.89025115966797,312.43704699954833,0.008909999451134354,0.0,0.021379999452619813,0.1763600012054667,3242.5575020024553,0.04764100049214903,392.4348419986927,0.10754383947642054,392.3272981592163,,,,,[],3242.919336842533
sweep_20260627_180326_a1a3c8cb_results.jsonl,E3A.49,E3A,success,dominant,dom095,0.95,6,6,12,2,"[0.01, 0.01, 0.01, 0.01, 0.01, 0.95]",iterative,6,2,100,5,104,0.5,-30.095,-30.095,-30.095,True,True,True,True,True,0.0,0.0,True,True,0.8999999999999999,3367.596940999647,,3,2,81.3136100769043,305.95265599913546,0.006410000423784368,0.0,0.01568999869050458,0.15460000031453092,3368.3239630008757,0.0403909980377648,387.3705259993585,0.10425992331875023,387.26626607603976,,,,,[],3368.645313921661
sweep_20260627_180326_a1a3c8cb_results.jsonl,E3A.50,E3A,success,dominant,dom095,0.95,6,6,12,2,"[0.01, 0.01, 0.01, 0.01, 0.01, 0.95]",iterative,6,2,100,5,105,0.5,-30.095,-30.095,-30.095,True,True,True,True,True,0.0,0.0,True,True,0.8999999999999999,3309.021034001489,,2,2,79.56552505493164,309.8352189990692,0.006250000296859071,0.0,0.01613999847904779,0.14938100139261223,3309.83527600074,0.040830000216374174,389.49881400003505,0.09806994603422936,389.4007440540008,,,,,[],3310.1459469471592
sweep_20260627_180326_a1a3c8cb_results.jsonl,E3A.51,E3A,success,near_equal,near001,0.01,4,4,8,2,"[0.246, 0.248, 0.251, 0.256]",iterative,6,2,100,1,101,0.5,-20.37146,-20.500996,-20.500996,True,False,False,False,True,0.0063185222805758,0.12953600000000165,False,False,0.509,2490.512829999716,,2,2,3.670215606689453,198.43650399889157,0.007890001143096015,0.0,0.013270000636111945,0.14091000048210844,2491.256412999064,0.04488000013225246,202.18903599925397,0.08231639367295429,202.10671960558102,,,,,[],2491.5456793951307
sweep_20260627_180326_a1a3c8cb_results.jsonl,E3A.52,E3A,success,near_equal,near001,0.01,4,4,8,2,"[0.246, 0.248, 0.251, 0.256]",iterative,6,2,100,1,102,0.5,-20.37146,-20.500996,-20.500996,True,False,False,False,True,0.0063185222805758,0.12953600000000165,False,False,0.509,2469.0929020016483,,17,2,3.6826133728027344,196.28466699941782,0.005469999450724572,0.0,0.012540000170702115,0.1296500031457981,2469.8451249987556,0.03549000030034222,200.05375899927458,0.08647862705402076,199.96728037222056,,,,,[],2470.114753628877
sweep_20260627_180326_a1a3c8cb_results.jsonl,E3A.53,E3A,success,near_equal,near001,0.01,4,4,8,2,"[0.246, 0.248, 0.251, 0.256]",iterative,6,2,100,1,103,0.5,-20.37146,-20.500996,-20.500996,True,False,False,False,True,0.0063185222805758,0.12953600000000165,False,False,0.509,2242.379068000446,,18,2,3.6766529083251953,197.05156899908616,0.0056799999583745375,0.0,0.021370000467868522,0.12231999971845653,2243.0718399991747,0.034189999496447854,200.80987100118364,0.08164909377228469,200.72822190741135,,,,,[],2243.337049092588
sweep_20260627_180326_a1a3c8cb_results.jsonl,E3A.54,E3A,success,near_equal,near001,0.01,4,4,8,2,"[0.246, 0.248, 0.251, 0.256]",iterative,6,2,100,1,104,0.5,-20.37146,-20.500996,-20.500996,True,False,False,False,True,0.0063185222805758,0.12953600000000165,False,False,0.509,2386.148237999805,,15,2,3.7364959716796875,203.40846900035103,0.005480000254465267,0.0,0.012480999430408701,0.11700000140990596,2386.9115699999384,0.03530000140017364,207.2271710003406,0.08220602830988355,207.14496497203072,,,,,[],2387.164037030743
sweep_20260627_180326_a1a3c8cb_results.jsonl,E3A.55,E3A,success,near_equal,near001,0.01,4,4,8,2,"[0.246, 0.248, 0.251, 0.256]",iterative,6,2,100,1,105,0.5,-20.37146,-20.500996,-20.500996,True,False,False,False,True,0.0063185222805758,0.12953600000000165,False,False,0.509,2340.3029210003297,,11,2,3.756999969482422,199.58943699930387,0.005490001058205962,0.0,0.012429998605512083,0.11998000263702124,2341.0976239974843,0.036391000321600586,203.43387899993104,0.08744203114474658,203.3464369687863,,,,,[],2341.3593570312514
sweep_20260627_180326_a1a3c8cb_results.jsonl,E3A.56,E3A,success,near_equal,near001,0.01,4,4,8,2,"[0.246, 0.248, 0.251, 0.256]",iterative,6,2,100,5,101,0.5,-20.500996,-20.500996,-20.500996,True,True,True,True,True,0.0,0.0,True,True,0.0030000000000000027,2533.6417079997773,,2,2,3.7894248962402344,198.96967499880702,0.007179998647188768,0.0,0.016480000340379775,0.15010000061010942,2534.4069410002703,0.034779999623424374,202.84255700062204,0.08345710557478014,202.75909989504726,,,,,[],2534.698938105066
sweep_20260627_180326_a1a3c8cb_results.jsonl,E3A.57,E3A,success,near_equal,near001,0.01,4,4,8,2,"[0.246, 0.248, 0.251, 0.256]",iterative,6,2,100,5,102,0.5,-20.500996,-20.500996,-20.500996,True,True,True,True,True,0.0,0.0,True,True,0.0030000000000000027,2370.7220569995116,,17,2,3.731250762939453,199.6580979994178,0.0056799999583745375,0.0,0.012369999240036123,0.121671000670176,2371.50997000208,0.03725999886228237,203.48846999877424,0.0991212364169769,203.38934876235726,,,,,[],2371.786072237228
sweep_20260627_180326_a1a3c8cb_results.jsonl,E3A.58,E3A,success,near_equal,near001,0.01,4,4,8,2,"[0.246, 0.248, 0.251, 0.256]",iterative,6,2,100,5,103,0.5,-20.500996,-20.500996,-20.500996,True,True,True,True,True,0.0,0.0,True,True,0.0030000000000000027,2413.515786000062,,10,2,3.7593841552734375,195.66483400012658,0.0060300008044578135,0.0,0.01275000067835208,0.11989099948550574,2414.2851380001957,0.035390001357882284,199.5021060010913,0.07788784569129348,199.4242181554,,,,,[],2414.537086848213
sweep_20260627_180326_a1a3c8cb_results.jsonl,E3A.59,E3A,success,near_equal,near001,0.01,4,4,8,2,"[0.246, 0.248, 0.251, 0.256]",iterative,6,2,100,5,104,0.5,-20.500996,-20.500996,-20.500996,True,True,True,True,True,0.0,0.0,True,True,0.0030000000000000027,2270.190316998196,,12,2,3.68499755859375,197.69069099857006,0.005660000169882551,0.0,0.012559999959194101,0.11209999865968712,2270.851118999417,0.03405000097700395,201.45203300126013,0.07634444409632124,201.3756885571638,,,,,[],2271.091833443279
sweep_20260627_180326_a1a3c8cb_results.jsonl,E3A.60,E3A,success,near_equal,near001,0.01,4,4,8,2,"[0.246, 0.248, 0.251, 0.256]",iterative,6,2,100,5,105,0.5,-20.500996,-20.500996,-20.500996,True,True,True,True,True,0.0,0.0,True,True,0.0030000000000000027,2467.138136000358,,2,2,3.701448440551758,202.9667379993043,0.00537999949301593,0.0,0.01216000055137556,0.12300100206630304,2467.8891280000244,0.03597000068111811,206.7526299997553,0.0844435598992277,206.66818643985607,,,,,[],2468.1500825627154
sweep_20260627_180326_a1a3c8cb_results.jsonl,E3A.61,E3A,success,near_equal,near005,0.05,4,4,8,2,"[0.225, 0.245, 0.26, 0.275]",iterative,6,2,100,1,101,0.5,-20.351,-20.505000000000003,-20.505000000000003,True,False,False,False,True,0.007510363326017847,0.15400000000000347,False,False,0.555,2388.063833999695,,2,2,3.673553466796875,194.25183000021207,0.00585000088904053,0.0,0.013069999113213271,0.12625999806914479,2388.7951060005435,0.034619999496499076,198.0004420001933,0.07505853318434674,197.92538346700894,,,,,[],2389.0499645312957
sweep_20260627_180326_a1a3c8cb_results.jsonl,E3A.62,E3A,success,near_equal,near005,0.05,4,4,8,2,"[0.225, 0.245, 0.26, 0.275]",iterative,6,2,100,1,102,0.5,-20.351,-20.505000000000003,-20.505000000000003,True,False,False,False,True,0.007510363326017847,0.15400000000000347,False,False,0.555,2436.1541570015106,,17,2,3.7136077880859375,206.29174900022917,0.00532000012753997,0.0,0.012280001101316884,0.11626999730651733,2436.8808990002435,0.034429996958351694,210.0916010003857,0.0862442120705964,210.0053567883151,,,,,[],2437.135443207808
sweep_20260627_180326_a1a3c8cb_results.jsonl,E3A.63,E3A,success,near_equal,near005,0.05,4,4,8,2,"[0.225, 0.245, 0.26, 0.275]",iterative,6,2,100,1,103,0.5,-20.351,-20.505000000000003,-20.505000000000003,True,False,False,False,True,0.007510363326017847,0.15400000000000347,False,False,0.555,2263.0114249986946,,18,2,3.751993179321289,194.63689099939074,0.006020000000717118,0.0,0.013270000636111945,0.13424999815470073,2263.679047000551,0.0348209996445803,198.4649839996564,0.07609982094436418,198.38888417871203,,,,,[],2263.9435078199313
sweep_20260627_180326_a1a3c8cb_results.jsonl,E3A.64,E3A,success,near_equal,near005,0.05,4,4,8,2,"[0.225, 0.245, 0.26, 0.275]",iterative,6,2,100,1,104,0.5,-20.351,-20.505000000000003,-20.505000000000003,True,False,False,False,True,0.007510363326017847,0.15400000000000347,False,False,0.555,2408.388928999557,,15,2,3.8979053497314453,200.16215900068346,0.007120001100702211,0.0,0.016370000594179146,0.1314209985139314,2409.1980810007954,0.037140001950319856,204.1468410006928,0.08677665027789772,204.0600643504149,,,,,[],2409.4769086532324
sweep_20260627_180326_a1a3c8cb_results.jsonl,E3A.65,E3A,success,near_equal,near005,0.05,4,4,8,2,"[0.225, 0.245, 0.26, 0.275]",iterative,6,2,100,1,105,0.5,-20.351,-20.505000000000003,-20.505000000000003,True,False,False,False,True,0.007510363326017847,0.15400000000000347,False,False,0.555,2412.2008710000955,,26,2,3.670215606689453,197.39456000024802,0.006669999493169598,0.0,0.0124100006360095,0.12628000331460498,2412.933322999379,0.04273000013199635,201.14355199984857,0.07877639291109517,201.06477560693747,,,,,[],2413.200189395866
sweep_20260627_180326_a1a3c8cb_results.jsonl,E3A.66,E3A,success,near_equal,near005,0.05,4,4,8,2,"[0.225, 0.245, 0.26, 0.275]",iterative,6,2,100,5,101,0.5,-20.505000000000003,-20.505000000000003,-20.505000000000003,True,True,True,True,True,0.0,0.0,True,True,0.0050000000000000044,2402.892460999283,,2,2,5.371332168579102,207.4332020001748,0.00543999885849189,0.0,0.01281000004382804,0.14273000124376267,2403.77334400182,0.04639000144379679,212.9229399997712,0.11840583101729862,212.8045341687539,,,,,[],2404.0991198344273
sweep_20260627_180326_a1a3c8cb_results.jsonl,E3A.67,E3A,success,near_equal,near005,0.05,4,4,8,2,"[0.225, 0.245, 0.26, 0.275]",iterative,6,2,100,5,102,0.5,-20.505000000000003,-20.505000000000003,-20.505000000000003,True,True,True,True,True,0.0,0.0,True,True,0.0050000000000000044,2338.924476000102,,12,2,3.8521289825439453,203.65636999849812,0.007840000762371346,0.0,0.016519999917363748,0.1579409981786739,2339.8609699997905,0.040389999412582256,207.59691200146335,0.08841302042128518,207.50849898104207,,,,,[],2340.172074018483
sweep_20260627_180326_a1a3c8cb_results.jsonl,E3A.68,E3A,success,near_equal,near005,0.05,4,4,8,2,"[0.225, 0.245, 0.26, 0.275]",iterative,6,2,100,5,103,0.5,-20.505000000000003,-20.505000000000003,-20.505000000000003,True,True,True,True,True,0.0,0.0,True,True,0.0050000000000000044,2493.1604390003486,,10,2,3.6780834197998047,203.97090100050264,0.0054700012697139755,0.0,0.01340000017080456,0.13049000153841916,2493.8530609997542,0.03451000156928785,207.73024300069665,0.08125858039420564,207.64898442030244,,,,,[],2494.1181895846967
sweep_20260627_180326_a1a3c8cb_results.jsonl,E3A.69,E3A,success,near_equal,near005,0.05,4,4,8,2,"[0.225, 0.245, 0.26, 0.275]",iterative,6,2,100,5,104,0.5,-20.505000000000003,-20.505000000000003,-20.505000000000003,True,True,True,True,True,0.0,0.0,True,True,0.0050000000000000044,2347.1834729989496,,12,2,3.874540328979492,205.50149599876022,0.005689998943125829,0.0,0.012599999536178075,0.11778000043705106,2347.9550349984493,0.03974099854531232,209.46575900052267,0.08972267278295476,209.3760363277397,,,,,[],2348.220568668694
sweep_20260627_180326_a1a3c8cb_results.jsonl,E3A.70,E3A,success,near_equal,near005,0.05,4,4,8,2,"[0.225, 0.245, 0.26, 0.275]",iterative,6,2,100,5,105,0.5,-20.505000000000003,-20.505000000000003,-20.505000000000003,True,True,True,True,True,0.0,0.0,True,True,0.0050000000000000044,2327.3171490000095,,4,2,3.817319869995117,208.83966600013082,0.005450001481221989,0.0,0.012609998520929366,0.12738999976136256,2328.253452998979,0.03606000063882675,212.74104999974952,0.08406412962358445,212.65698587012594,,,,,[],2328.519027129005
sweep_20260627_180326_a1a3c8cb_results.jsonl,E3A.71,E3A,success,near_equal,near010,0.1,4,4,8,2,"[0.2, 0.24, 0.27, 0.3]",iterative,6,2,100,1,101,0.5,-20.323999999999998,-20.51,-20.51,True,False,False,False,True,0.009068746952705726,0.1860000000000035,False,False,0.6100000000000001,2385.742026999651,,2,2,3.66973876953125,202.66972700119368,0.005710000550607219,0.0,0.012659998901654035,0.11792100121965632,2386.4585290011746,0.03477999780443497,206.41894900109037,0.07948323036544025,206.33946577072493,,,,,[],2386.7090832300164
sweep_20260627_180326_a1a3c8cb_results.jsonl,E3A.72,E3A,success,near_equal,near010,0.1,4,4,8,2,"[0.2, 0.24, 0.27, 0.3]",iterative,6,2,100,1,102,0.5,-20.323999999999998,-20.51,-20.51,True,False,False,False,True,0.009068746952705726,0.1860000000000035,False,False,0.6100000000000001,2458.6359189997893,,17,2,3.735065460205078,205.326736000643,0.0052200011850800365,0.0,0.01202000021294225,0.11669000014080666,2459.409171000516,0.03730000025825575,209.15679799873033,0.0949965378822526,209.06180146084807,,,,,[],2459.6753975401953
sweep_20260627_180326_a1a3c8cb_results.jsonl,E3A.73,E3A,success,near_equal,near010,0.1,4,4,8,2,"[0.2, 0.24, 0.27, 0.3]",iterative,6,2,100,1,103,0.5,-20.323999999999998,-20.51,-20.51,True,False,False,False,True,0.009068746952705726,0.1860000000000035,False,False,0.6100000000000001,2440.655230999255,,18,2,3.9014816284179688,208.52600500074914,0.005789999704575166,0.0,0.012559999959194101,0.1354610012640478,2441.379964002408,0.03498000114632305,212.53192800031684,0.10444137114973273,212.4274866291671,,,,,[],2441.673196375632
sweep_20260627_180326_a1a3c8cb_results.jsonl,E3A.74,E3A,success,near_equal,near010,0.1,4,4,8,2,"[0.2, 0.24, 0.27, 0.3]",iterative,6,2,100,1,104,0.5,-20.323999999999998,-20.51,-20.51,True,False,False,False,True,0.009068746952705726,0.1860000000000035,False,False,0.6100000000000001,2454.422804998103,,15,2,3.7186145782470703,201.62150400028622,0.005089999831398018,0.0,0.012579999747686088,0.13613100236398168,2455.1684070011106,0.0353700015693903,205.4258160005702,0.08569742203690112,205.3401185785333,,,,,[],2455.44327542666
sweep_20260627_180326_a1a3c8cb_results.jsonl,E3A.75,E3A,success,near_equal,near010,0.1,4,4,8,2,"[0.2, 0.24, 0.27, 0.3]",iterative,6,2,100,1,105,0.5,-20.323999999999998,-20.51,-20.51,True,False,False,False,True,0.009068746952705726,0.1860000000000035,False,False,0.6100000000000001,2359.2637620004098,,26,2,4.012346267700195,211.84210600040387,0.007579999873996712,0.0,0.012849999620812014,0.12355999933788553,2359.9628140000277,0.03476100209809374,215.93985900108237,0.08540673297829926,215.85445226810407,,,,,[],2360.226971733937
sweep_20260627_180326_a1a3c8cb_results.jsonl,E3A.76,E3A,success,near_equal,near010,0.1,4,4,8,2,"[0.2, 0.24, 0.27, 0.3]",iterative,6,2,100,5,101,0.5,-20.51,-20.51,-20.51,True,True,True,True,True,0.0,0.0,True,True,0.010000000000000009,2355.110768998202,,2,2,3.6551952362060547,212.69130899963784,0.005570000212173909,0.0,0.013770000805379823,0.11724099931598175,2355.8782009986317,0.03492000178084709,216.43421099906845,0.08770676322455984,216.3465042358439,,,,,[],2356.1374087639706
sweep_20260627_180326_a1a3c8cb_results.jsonl,E3A.77,E3A,success,near_equal,near010,0.1,4,4,8,2,"[0.2, 0.24, 0.27, 0.3]",iterative,6,2,100,5,102,0.5,-20.51,-20.51,-20.51,True,True,True,True,True,0.0,0.0,True,True,0.010000000000000009,2363.0876240004,,12,2,3.7183761596679688,205.25825500044448,0.005869998858543113,0.0,0.01269000131287612,0.12014099957013968,2363.847516000533,0.03481999738141894,209.05370699983905,0.07707583972660359,208.97663116011245,,,,,[],2364.0981128373824
sweep_20260627_180326_a1a3c8cb_results.jsonl,E3A.78,E3A,success,near_equal,near010,0.1,4,4,8,2,"[0.2, 0.24, 0.27, 0.3]",iterative,6,2,100,5,103,0.5,-20.51,-20.51,-20.51,True,True,True,True,True,0.0,0.0,True,True,0.010000000000000009,2541.63587399853,,10,2,3.812074661254883,208.4643660000438,0.005750000127591193,0.0,0.014060000466997735,0.11718000132532325,2542.48879700026,0.036619998354581185,212.36334800050827,0.08690733920957427,212.2764406612987,,,,,[],2542.749314339744
sweep_20260627_180326_a1a3c8cb_results.jsonl,E3A.79,E3A,success,near_equal,near010,0.1,4,4,8,2,"[0.2, 0.24, 0.27, 0.3]",iterative,6,2,100,5,104,0.5,-20.51,-20.51,-20.51,True,True,True,True,True,0.0,0.0,True,True,0.010000000000000009,2454.916246999346,,12,2,3.777742385864258,197.23385899851564,0.006000000212225132,0.0,0.012769998647854663,0.12018000052194111,2455.6791800005158,0.034390999644529074,201.09752099961042,0.08591961523052305,201.0116013843799,,,,,[],2455.938440614773
sweep_20260627_180326_a1a3c8cb_results.jsonl,E3A.80,E3A,success,near_equal,near010,0.1,4,4,8,2,"[0.2, 0.24, 0.27, 0.3]",iterative,6,2,100,5,105,0.5,-20.51,-20.51,-20.51,True,True,True,True,True,0.0,0.0,True,True,0.010000000000000009,2452.2211190014787,,4,2,3.7276744842529297,202.03504500022973,0.005820000296807848,0.0,0.012989999959245324,0.11915100003534462,2452.9442210005072,0.03487000140012242,205.8443170008104,0.08159751632774714,205.76271948448266,,,,,[],2453.1986495185265
sweep_20260627_180326_a1a3c8cb_results.jsonl,E3A.81,E3A,success,near_equal,near020,0.2,4,4,8,2,"[0.15, 0.23, 0.32, 0.35]",iterative,6,2,100,1,101,0.5,-20.27,-20.55,-20.55,True,False,False,False,True,0.013625304136252434,0.28000000000000114,False,False,0.7499999999999999,2393.999032001375,,2,2,3.793478012084961,210.67365300041274,0.005390000296756625,0.0,0.012700000297627412,0.12286000128369778,2394.8283349982376,0.03530000140017364,214.54549500049325,0.07836398799554445,214.4671310124977,,,,,[],2395.0829489895114
sweep_20260627_180326_a1a3c8cb_results.jsonl,E3A.82,E3A,success,near_equal,near020,0.2,4,4,8,2,"[0.15, 0.23, 0.32, 0.35]",iterative,6,2,100,1,102,0.5,-20.27,-20.55,-20.55,True,False,False,False,True,0.013625304136252434,0.28000000000000114,False,False,0.7499999999999999,2402.21880900026,,17,2,3.690004348754883,208.86431700091634,0.006020000000717118,0.0,0.012849999620812014,0.12694999895757064,2402.973981001196,0.04595000064000487,212.6366489992506,0.08232764957938343,212.55432134967123,,,,,[],2403.2480786499946
sweep_20260627_180326_a1a3c8cb_results.jsonl,E3A.83,E3A,success,near_equal,near020,0.2,4,4,8,2,"[0.15, 0.23, 0.32, 0.35]",iterative,6,2,100,1,103,0.5,-20.27,-20.55,-20.55,True,False,False,False,True,0.013625304136252434,0.28000000000000114,False,False,0.7499999999999999,2387.6643319999857,,18,2,3.6988258361816406,211.26332499989076,0.00585000088904053,0.0,0.012009999409201555,0.12461000187613536,2388.4634650003136,0.03488099901005626,215.04825599913602,0.08610516306362115,214.9621508360724,,,,,[],2388.7269211645616
sweep_20260627_180326_a1a3c8cb_results.jsonl,E3A.84,E3A,success,near_equal,near020,0.2,4,4,8,2,"[0.15, 0.23, 0.32, 0.35]",iterative,6,2,100,1,104,0.5,-20.27,-20.55,-20.55,True,False,False,False,True,0.013625304136252434,0.28000000000000114,False,False,0.7499999999999999,2458.756029000142,,17,2,3.7736892700195312,210.05787100148154,0.0063899988163029775,0.0,0.012779999451595359,0.12004100062767975,2459.500401000696,0.03552999805833679,213.92179299982672,0.09023272832564544,213.83156027150108,,,,,[],2459.7653747259756
sweep_20260627_180326_a1a3c8cb_results.jsonl,E3A.85,E3A,success,near_equal,near020,0.2,4,4,8,2,"[0.15, 0.23, 0.32, 0.35]",iterative,6,2,100,1,105,0.5,-20.27,-20.55,-20.55,True,False,False,False,True,0.013625304136252434,0.28000000000000114,False,False,0.7499999999999999,2317.901088999861,,11,2,3.6461353302001953,219.03258999918762,0.0054299998737405986,0.0,0.012829999832320027,0.11718999667209573,2318.601631999627,0.03483100044832099,222.76348099876486,0.0847556693770457,222.67872532938782,,,,,[],2318.8566686658305
sweep_20260627_180326_a1a3c8cb_results.jsonl,E3A.86,E3A,success,near_equal,near020,0.2,4,4,8,2,"[0.15, 0.23, 0.32, 0.35]",iterative,6,2,100,5,101,0.5,-20.55,-20.55,-20.55,True,True,True,True,True,0.0,0.0,True,True,0.050000000000000044,2344.997696998689,,2,2,4.005193710327148,213.23002000099223,0.006140000550658442,0.0,0.012720000086119398,0.13163100265956018,2345.7309090008494,0.03551000190782361,217.31784400071774,0.08263028939836659,217.23521371131937,,,,,[],2345.999540295452
sweep_20260627_180326_a1a3c8cb_results.jsonl,E3A.87,E3A,success,near_equal,near020,0.2,4,4,8,2,"[0.15, 0.23, 0.32, 0.35]",iterative,6,2,100,5,102,0.5,-20.55,-20.55,-20.55,True,True,True,True,True,0.0,0.0,True,True,0.050000000000000044,2423.6320170002728,,12,2,3.8161277770996094,223.24025200032338,0.0058299992815591395,0.0,0.012799999240087345,0.12294999942241702,2424.466749000203,0.03819000085059088,227.15013600100065,0.09375622357765678,227.056379777423,,,,,[],2424.7402752225753
sweep_20260627_180326_a1a3c8cb_results.jsonl,E3A.88,E3A,success,near_equal,near020,0.2,4,4,8,2,"[0.15, 0.23, 0.32, 0.35]",iterative,6,2,100,5,103,0.5,-20.55,-20.55,-20.55,True,True,True,True,True,0.0,0.0,True,True,0.050000000000000044,2476.8281459982973,,10,2,3.7348270416259766,204.3126119988301,0.006070000381441787,0.0,0.012840000636060722,0.11914099923160393,2477.496928000619,0.03357000241521746,208.12384499913605,0.07640595867997035,208.04743904045608,,,,,[],2477.7449549619632
sweep_20260627_180326_a1a3c8cb_results.jsonl,E3A.89,E3A,success,near_equal,near020,0.2,4,4,8,2,"[0.15, 0.23, 0.32, 0.35]",iterative,6,2,100,5,104,0.5,-20.55,-20.55,-20.55,True,True,True,True,True,0.0,0.0,True,True,0.050000000000000044,2453.885844000979,,12,2,4.146099090576172,223.14412199921208,0.006259999281610362,0.0,0.012420001439750195,0.11953999819525052,2454.7728760007885,0.04023999827040825,227.3907560011139,0.10053491132566705,227.29022108978825,,,,,[],2455.051870909301
sweep_20260627_180326_a1a3c8cb_results.jsonl,E3A.90,E3A,success,near_equal,near020,0.2,4,4,8,2,"[0.15, 0.23, 0.32, 0.35]",iterative,6,2,100,5,105,0.5,-20.55,-20.55,-20.55,True,True,True,True,True,0.0,0.0,True,True,0.050000000000000044,2368.607529999281,,2,2,3.7391185760498047,207.98621399990225,0.007051001375657506,0.0,0.016080000932561234,0.14042999828234315,2369.359094000174,0.03482999818515964,211.8058670002938,0.0805344243417494,211.72533257595205,,,,,[],2369.6380194232916
sweep_20260627_180326_a1a3c8cb_results.jsonl,E3U.1,E3U,success,uniform,,,2,2,4,2,null,iterative,6,2,100,1,101,0.5,-10.0,-10.5,-10.5,True,False,False,False,True,0.047619047619043085,0.5,False,False,1.0,874.0424000006897,,2,1,0.15878677368164062,124.20848600049794,0.005619998773909174,0.0,0.009870000212686136,0.08335000165970996,874.3860909999057,0.025659999664640054,124.44311699982791,0.07584422564832494,124.36727277417958,,,,,[],874.586435225865
sweep_20260627_180326_a1a3c8cb_results.jsonl,E3U.2,E3U,success,uniform,,,2,2,4,2,null,iterative,6,2,100,1,102,0.5,-10.0,-10.5,-10.5,True,False,False,False,True,0.047619047619043085,0.5,False,False,1.0,912.4368529992353,,12,1,0.16260147094726562,132.9543140000169,0.005870000677532516,0.0,0.009191000572172925,0.07176000144681893,912.8538240001944,0.03844000275421422,133.19955600127287,0.08264053030870855,133.11691547096416,,,,,[],913.0617255359539
sweep_20260627_180326_a1a3c8cb_results.jsonl,E3U.3,E3U,success,uniform,,,2,2,4,2,null,iterative,6,2,100,1,103,0.5,-10.0,-10.5,-10.5,True,False,False,False,True,0.047619047619043085,0.5,False,False,1.0,928.3887639994646,,9,1,0.22125244140625,122.36020099953748,0.00478999936603941,0.0,0.01030999919748865,0.08069000068644527,928.8033849989006,0.04020999949716497,122.67851199976576,0.09705855882202741,122.58145344094373,,,,,[],929.0364435564697
sweep_20260627_180326_a1a3c8cb_results.jsonl,E3U.4,E3U,success,uniform,,,2,2,4,2,null,iterative,6,2,100,1,104,0.5,-10.0,-10.5,-10.5,True,False,False,False,True,0.047619047619043085,0.5,False,False,1.0,886.0638979986106,,21,1,0.1811981201171875,121.55095800153504,0.0054799984354758635,0.0,0.009419998605153523,0.07781000022077933,886.4226289988437,0.0268299991148524,121.81293899993761,0.08078287828539032,121.73215612165222,,,,,[],886.6229518735054
sweep_20260627_180326_a1a3c8cb_results.jsonl,E3U.5,E3U,success,uniform,,,2,2,4,2,null,iterative,6,2,100,1,105,0.5,-10.0,-10.5,-10.5,True,False,False,False,True,0.047619047619043085,0.5,False,False,1.0,889.8540909995063,,2,1,0.1628398895263672,118.2803480005532,0.004780000381288119,0.0,0.009069999578059651,0.08262000119430013,890.2226320005866,0.02527000106056221,118.51909799952409,0.07591010944452137,118.44318789007957,,,,,[],890.4202821122453
sweep_20260627_180326_a1a3c8cb_results.jsonl,E3U.6,E3U,success,uniform,,,2,2,4,2,null,iterative,6,2,100,3,101,0.5,-10.5,-10.5,-10.5,True,True,True,True,True,0.0,0.0,True,True,0.0,986.502218998794,,2,1,0.16260147094726562,122.89504199907242,0.004900000931229442,0.0,0.009639999916544184,0.06908999966981355,986.8507999999565,0.025249999453080818,123.14039299963042,0.08274952961073723,123.05764347001968,,,,,[],987.0424295295379
sweep_20260627_180326_a1a3c8cb_results.jsonl,E3U.7,E3U,success,uniform,,,2,2,4,2,null,iterative,6,2,100,3,102,0.5,-10.5,-10.5,-10.5,True,True,True,True,True,0.0,0.0,True,True,0.0,904.0310559994396,,12,1,0.18358230590820312,121.48872800025856,0.004469999112188816,0.0,0.00886999987415038,0.0774609979998786,904.4132769995485,0.03445000038482249,121.75579900031153,0.08348869414476212,121.67231030616676,,,,,[],904.6220166910643
sweep_20260627_180326_a1a3c8cb_results.jsonl,E3U.8,E3U,success,uniform,,,2,2,4,2,null,iterative,6,2,100,3,103,0.5,-10.5,-10.5,-10.5,True,True,True,True,True,0.0,0.0,True,True,0.0,944.7470159993827,,9,1,0.17380714416503906,119.66475200097193,0.00484999873151537,0.0,0.00937999902816955,0.07707099939580075,945.1647770001728,0.031460000172955915,119.9364730000525,0.09791385491553228,119.83855914513697,,,,,[],945.3854518524167
sweep_20260627_180326_a1a3c8cb_results.jsonl,E3U.9,E3U,success,uniform,,,2,2,4,2,null,iterative,6,2,100,3,104,0.5,-10.5,-10.5,-10.5,True,True,True,True,True,0.0,0.0,True,True,0.0,894.128064999677,,21,1,0.16236305236816406,122.0000400007848,0.004829998943023384,0.0,0.00940000063565094,0.07257099969137926,894.5199959998718,0.026640002033673227,122.24133999916376,0.07893694601079915,122.16240305315296,,,,,[],894.7123739471863
sweep_20260627_180326_a1a3c8cb_results.jsonl,E3U.10,E3U,success,uniform,,,2,2,4,2,null,iterative,6,2,100,3,105,0.5,-10.5,-10.5,-10.5,True,True,True,True,True,0.0,0.0,True,True,0.0,869.5821060009621,,2,1,0.16021728515625,123.13822299984167,0.006220001523615792,0.0,0.009219998901244253,0.07158000153140165,869.9242169986974,0.0252800000453135,123.37454399857961,0.07610371358168777,123.29844028499792,,,,,[],870.1126207142806
sweep_20260627_180326_a1a3c8cb_results.jsonl,E3U.11,E3U,success,uniform,,,2,2,4,2,null,iterative,6,2,100,5,101,0.5,-10.5,-10.5,-10.5,True,True,True,True,True,0.0,0.0,True,True,0.0,879.9195789997611,,2,1,0.1614093780517578,123.55037499946775,0.004819999958272092,0.0,0.009409999620402232,0.07069000093906652,880.2542299999914,0.02646999928401783,123.78161499873386,0.06983062121435069,123.7117843775195,,,,,[],880.4354506210075
sweep_20260627_180326_a1a3c8cb_results.jsonl,E3U.12,E3U,success,uniform,,,2,2,4,2,null,iterative,6,2,100,5,102,0.5,-10.5,-10.5,-10.5,True,True,True,True,True,0.0,0.0,True,True,0.0,903.8399349992687,,12,1,0.22864341735839844,130.15586499932397,0.004880001142737456,0.0,0.009080000381800346,0.07240000195452012,904.2811170002096,0.0359799996658694,130.48121599968,0.09670758299762383,130.38450841668237,,,,,[],904.5001645863522
sweep_20260627_180326_a1a3c8cb_results.jsonl,E3U.13,E3U,success,uniform,,,2,2,4,2,null,iterative,6,2,100,5,103,0.5,-10.5,-10.5,-10.5,True,True,True,True,True,0.0,0.0,True,True,0.0,943.2588910003687,,9,1,0.16570091247558594,119.3762010007049,0.0052200011850800365,0.0,0.011150001228088513,0.09081000098376535,943.637653001133,0.03176100108248647,119.62295099874609,0.08104908556560986,119.54190191318048,,,,,[],943.857643091178
sweep_20260627_180326_a1a3c8cb_results.jsonl,E3U.14,E3U,success,uniform,,,2,2,4,2,null,iterative,6,2,100,5,104,0.5,-10.5,-10.5,-10.5,True,True,True,True,True,0.0,0.0,True,True,0.0,938.3536360001017,,21,1,0.15974044799804688,118.6569290002808,0.004700001227320172,0.0,0.009920000593410805,0.07254000047396403,938.6947869988944,0.025360002837260254,118.88675999944098,0.07009055116213858,118.81666944827884,,,,,[],938.8773975551885
sweep_20260627_180326_a1a3c8cb_results.jsonl,E3U.15,E3U,success,uniform,,,2,2,4,2,null,iterative,6,2,100,5,105,0.5,-10.5,-10.5,-10.5,True,True,True,True,True,0.0,0.0,True,True,0.0,852.9019929992501,,2,1,0.15878677368164062,120.80412599971169,0.004490000719670206,0.0,0.008650000381749123,0.06412999937310815,853.2330240013835,0.024529999791411683,121.03264599863905,0.06973322524572723,120.96291277339333,,,,,[],853.4045572268951
sweep_20260627_180326_a1a3c8cb_results.jsonl,E3U.16,E3U,success,uniform,,,2,2,4,2,null,iterative,6,2,100,10,101,0.5,-10.5,-10.5,-10.5,True,True,True,True,True,0.0,0.0,True,True,0.0,849.7524529993825,,2,1,0.16927719116210938,118.20657800126355,0.004590001481119543,0.0,0.009429999408894219,0.0640399994153995,850.0875440004165,0.024430999474134296,118.44539800040366,0.06954280797799584,118.37585519242566,,,,,[],850.2595778081741
sweep_20260627_180326_a1a3c8cb_results.jsonl,E3U.17,E3U,success,uniform,,,2,2,4,2,null,iterative,6,2,100,10,102,0.5,-10.5,-10.5,-10.5,True,True,True,True,True,0.0,0.0,True,True,0.0,856.8842959994072,,12,1,0.16069412231445312,121.0330169997178,0.004640000042854808,0.0,0.008920000254875049,0.06568999924638774,857.2761369996442,0.02525000127207022,121.28111699894362,0.0874058769113617,121.19371112203225,,,,,[],857.4680428773718
sweep_20260627_180326_a1a3c8cb_results.jsonl,E3U.18,E3U,success,uniform,,,2,2,4,2,null,iterative,6,2,100,10,103,0.5,-10.5,-10.5,-10.5,True,True,True,True,True,0.0,0.0,True,True,0.0,898.0189069989137,,9,1,0.16832351684570312,118.99020000055316,0.004869998520007357,0.0,0.008899998647393659,0.06959000165807083,898.3770779996121,0.02705000042624306,119.2297609995876,0.07123748218873516,119.15852351739886,,,,,[],898.5587254810525
sweep_20260627_180326_a1a3c8cb_results.jsonl,E3U.19,E3U,success,uniform,,,2,2,4,2,null,iterative,6,2,100,10,104,0.5,-10.5,-10.5,-10.5,True,True,True,True,True,0.0,0.0,True,True,0.0,868.8781140008359,,21,1,0.16045570373535156,117.70446599985007,0.004819999958272092,0.0,0.0094600000011269,0.06318100167845841,869.2183650000516,0.024779999876045622,117.93386600038502,0.06894429679960012,117.86492170358542,,,,,[],869.3895502983651
sweep_20260627_180326_a1a3c8cb_results.jsonl,E3U.20,E3U,success,uniform,,,2,2,4,2,null,iterative,6,2,100,10,105,0.5,-10.5,-10.5,-10.5,True,True,True,True,True,0.0,0.0,True,True,0.0,854.1725169998244,,2,1,0.16832351684570312,120.74252499951399,0.0044600001274375245,0.0,0.009240000508725643,0.06262000169954263,854.5059680000122,0.025529998310958035,120.98724600036803,0.07639748400833923,120.91084851635969,,,,,[],854.6842154846672
sweep_20260627_180326_a1a3c8cb_results.jsonl,E3U.21,E3U,success,uniform,,,3,3,6,2,null,iterative,6,2,100,1,101,0.5,-15.000000000000002,-15.444444444444446,-15.444444444444446,True,False,False,False,True,0.028776978417264332,0.44444444444444464,False,False,1.0,1348.980227001448,,2,1,0.8249282836914062,211.53960499941604,0.0053299991122912616,0.0,0.011099999028374441,0.08291999984066933,1349.38518799936,0.03060999915760476,212.44779799962998,0.08326471652253531,212.36453328310745,,,,,[],1349.5984127130214
sweep_20260627_180326_a1a3c8cb_results.jsonl,E3U.22,E3U,success,uniform,,,3,3,6,2,null,iterative,6,2,100,1,102,0.5,-15.000000000000002,-15.444444444444446,-15.444444444444446,True,False,False,False,True,0.028776978417264332,0.44444444444444464,False,False,1.0,1346.7973089991574,,12,1,0.7755756378173828,202.58943699991505,0.004999999873689376,0.0,0.012640000932151452,0.08702000013727229,1347.1513700005744,0.02817000131472014,203.44529000067268,0.0802773629402509,203.36501263773243,,,,,[],1347.3644773657725
sweep_20260627_180326_a1a3c8cb_results.jsonl,E3U.23,E3U,success,uniform,,,3,3,6,2,null,iterative,6,2,100,1,103,0.5,-15.000000000000002,-15.444444444444446,-15.444444444444446,True,False,False,False,True,0.028776978417264332,0.44444444444444464,False,False,1.0,1297.8231929992035,,9,1,0.7767677307128906,209.244547999333,0.005040001269662753,0.0,0.010600000678095967,0.07591999747091904,1298.2653149992984,0.028950000341865234,210.10201100034465,0.08069527029874735,210.0213157300459,,,,,[],1298.4665202693577
sweep_20260627_180326_a1a3c8cb_results.jsonl,E3U.24,E3U,success,uniform,,,3,3,6,2,null,iterative,6,2,100,1,104,0.5,-15.000000000000002,-15.444444444444446,-15.444444444444446,True,False,False,False,True,0.028776978417264332,0.44444444444444464,False,False,1.0,1358.5127669994108,,12,1,0.7798671722412109,210.0932710000052,0.004920000719721429,0.0,0.011059999451390468,0.08206999882531818,1358.8941779999004,0.028340000426396728,210.95368300120754,0.08054482896113768,210.8731381722464,,,,,[],1359.1011128282844
sweep_20260627_180326_a1a3c8cb_results.jsonl,E3U.25,E3U,success,uniform,,,3,3,6,2,null,iterative,6,2,100,1,105,0.5,-15.000000000000002,-15.444444444444446,-15.444444444444446,True,False,False,False,True,0.028776978417264332,0.44444444444444464,False,False,1.0,1279.615735000334,,2,1,0.8192062377929688,216.13855000032345,0.005300000339047983,0.0,0.011369998901500367,0.08937000166042708,1279.9839060007798,0.029520000680349767,217.04230300019844,0.08454676208202727,216.95775623811642,,,,,[],1280.2040127644432
sweep_20260627_180326_a1a3c8cb_results.jsonl,E3U.26,E3U,success,uniform,,,3,3,6,2,null,iterative,6,2,100,3,101,0.5,-15.444444444444446,-15.444444444444446,-15.444444444444446,True,True,True,True,True,0.0,0.0,True,True,0.3333333333333333,1293.5997299991868,,2,1,0.7779598236083984,203.08242900136975,0.0057200013543479145,0.0,0.010820000170497224,0.08262100163847208,1293.9369010000519,0.027880001653102227,203.93360100024438,0.07321217526623514,203.86038882497814,,,,,[],1294.1371541801345
sweep_20260627_180326_a1a3c8cb_results.jsonl,E3U.27,E3U,success,uniform,,,3,3,6,2,null,iterative,6,2,100,3,102,0.5,-15.444444444444446,-15.444444444444446,-15.444444444444446,True,True,True,True,True,0.0,0.0,True,True,0.3333333333333333,1280.0005560002319,,12,1,0.7834434509277344,203.60805000018445,0.004600000465870835,0.0,0.01072000122803729,0.07607999941683374,1280.3392870009702,0.027890000637853518,204.4763329995476,0.08483954843541142,204.39149345111218,,,,,[],1280.5434165511542
sweep_20260627_180326_a1a3c8cb_results.jsonl,E3U.28,E3U,success,uniform,,,3,3,6,2,null,iterative,6,2,100,3,103,0.5,-15.444444444444446,-15.444444444444446,-15.444444444444446,True,True,True,True,True,0.0,0.0,True,True,0.3333333333333333,1201.5818059990124,,9,1,0.7765293121337891,207.09379099935177,0.005059999239165336,0.0,0.011109999832115136,0.08146999971359037,1201.9711279990588,0.02758000118774362,207.95234400065965,0.0820236891740933,207.87032031148556,,,,,[],1202.1783716882055
sweep_20260627_180326_a1a3c8cb_results.jsonl,E3U.29,E3U,success,uniform,,,3,3,6,2,null,iterative,6,2,100,3,104,0.5,-15.444444444444446,-15.444444444444446,-15.444444444444446,True,True,True,True,True,0.0,0.0,True,True,0.3333333333333333,1282.2285530000954,,12,1,0.7834434509277344,202.94743799968273,0.005150001015863381,0.0,0.011460000678198412,0.08225999954447616,1282.6086940003734,0.02825000228767749,203.81252100014535,0.08163954953488428,203.73088145061047,,,,,[],1282.8174535534345
sweep_20260627_180326_a1a3c8cb_results.jsonl,E3U.30,E3U,success,uniform,,,3,3,6,2,null,iterative,6,2,100,3,105,0.5,-15.444444444444446,-15.444444444444446,-15.444444444444446,True,True,True,True,True,0.0,0.0,True,True,0.3333333333333333,1228.6247920001188,,2,1,0.8051395416259766,212.08002700041106,0.005730000339099206,0.0,0.012110000170650892,0.08405099833908025,1229.1143640013615,0.03198000013071578,212.96615900064353,0.08099245860648807,212.88516654203704,,,,,[],1229.3292274589476
sweep_20260627_180326_a1a3c8cb_results.jsonl,E3U.31,E3U,success,uniform,,,3,3,6,2,null,iterative,6,2,100,5,101,0.5,-15.444444444444446,-15.444444444444446,-15.444444444444446,True,True,True,True,True,0.0,0.0,True,True,0.3333333333333333,1265.6374199996208,,2,1,0.8182525634765625,202.17030599997088,0.005690000762115233,0.0,0.01148999945144169,0.08005000017874409,1266.0072819999186,0.02852000034181401,203.07231900005718,0.08376043660973664,202.98855856344744,,,,,[],1266.2167924372625
sweep_20260627_180326_a1a3c8cb_results.jsonl,E3U.32,E3U,success,uniform,,,3,3,6,2,null,iterative,6,2,100,5,102,0.5,-15.444444444444446,-15.444444444444446,-15.444444444444446,True,True,True,True,True,0.0,0.0,True,True,0.3333333333333333,1229.7627959997044,,12,1,0.7829666137695312,222.94166200117616,0.004999999873689376,0.0,0.02074000076390803,0.07968099998834077,1230.1903269999457,0.029650000215042382,223.81584499999008,0.09121638504439034,223.7246286149457,,,,,[],1230.416614385831
sweep_20260627_180326_a1a3c8cb_results.jsonl,E3U.33,E3U,success,uniform,,,3,3,6,2,null,iterative,6,2,100,5,103,0.5,-15.444444444444446,-15.444444444444446,-15.444444444444446,True,True,True,True,True,0.0,0.0,True,True,0.3333333333333333,1370.4096549990936,,9,1,0.7812976837158203,208.94742699965718,0.0063899988163029775,0.0,0.01157100086857099,0.09739100096339826,1370.8383870016405,0.031579998903907835,209.81489900077577,0.08617431740276515,209.728724683373,,,,,[],1371.0714933185955
sweep_20260627_180326_a1a3c8cb_results.jsonl,E3U.34,E3U,success,uniform,,,3,3,6,2,null,iterative,6,2,100,5,104,0.5,-15.444444444444446,-15.444444444444446,-15.444444444444446,True,True,True,True,True,0.0,0.0,True,True,0.3333333333333333,1266.9368440001563,,12,1,0.7808208465576172,212.2079369983112,0.005570998837356456,0.0,0.010750000001280569,0.08730099762033205,1267.3688850009057,0.028870001187897287,213.0737510015024,0.08499315663357265,212.98875784486881,,,,,[],1267.5863701551862
sweep_20260627_180326_a1a3c8cb_results.jsonl,E3U.35,E3U,success,uniform,,,3,3,6,2,null,iterative,6,2,100,5,105,0.5,-15.444444444444446,-15.444444444444446,-15.444444444444446,True,True,True,True,True,0.0,0.0,True,True,0.3333333333333333,1284.0516890009894,,2,1,0.7848739624023438,212.11964699978125,0.005339999916031957,0.0,0.01128999974753242,0.08659999730298296,1284.422111000822,0.028029999157297425,212.98735000164015,0.08282903945655562,212.9045209621836,,,,,[],1284.6362000364024
sweep_20260627_180326_a1a3c8cb_results.jsonl,E3U.36,E3U,success,uniform,,,3,3,6,2,null,iterative,6,2,100,10,101,0.5,-15.444444444444446,-15.444444444444446,-15.444444444444446,True,True,True,True,True,0.0,0.0,True,True,0.3333333333333333,1319.795053001144,,2,1,0.7681846618652344,210.55601199986995,0.0050600010581547394,0.0,0.011860000086016953,0.0862199995026458,1320.265794000079,0.031499997930950485,211.4188750001631,0.09467833842791151,211.3241966617352,,,,,[],1320.4951123370847
sweep_20260627_180326_a1a3c8cb_results.jsonl,E3U.37,E3U,success,uniform,,,3,3,6,2,null,iterative,6,2,100,10,102,0.5,-15.444444444444446,-15.444444444444446,-15.444444444444446,True,True,True,True,True,0.0,0.0,True,True,0.3333333333333333,1324.1234569995868,,12,1,0.7889270782470703,199.9818989988853,0.005339999916031957,0.0,0.011950000043725595,0.08462000005238224,1324.5086280003306,0.027150001187692396,200.85280200146371,0.0819759243313456,200.77082607713237,,,,,[],1324.7196639258618
sweep_20260627_180326_a1a3c8cb_results.jsonl,E3U.38,E3U,success,uniform,,,3,3,6,2,null,iterative,6,2,100,10,103,0.5,-15.444444444444446,-15.444444444444446,-15.444444444444446,True,True,True,True,True,0.0,0.0,True,True,0.3333333333333333,1249.4395390003774,,9,1,0.7715225219726562,205.60208700044313,0.006689999281661585,0.0,0.014109999028733,0.0995700011117151,1249.8988099996495,0.027669999326462857,206.45486900139076,0.08125947897497099,206.3736095224158,,,,,[],1250.128109477373
sweep_20260627_180326_a1a3c8cb_results.jsonl,E3U.39,E3U,success,uniform,,,3,3,6,2,null,iterative,6,2,100,10,104,0.5,-15.444444444444446,-15.444444444444446,-15.444444444444446,True,True,True,True,True,0.0,0.0,True,True,0.3333333333333333,1352.1112859998539,,12,1,0.8749961853027344,206.6642600002524,0.004830000762012787,0.0,0.01083999995898921,0.08039999920583796,1352.475556999707,0.027490001230034977,207.62171299975307,0.08245681419793982,207.53925618555513,,,,,[],1352.6815738150617
sweep_20260627_180326_a1a3c8cb_results.jsonl,E3U.40,E3U,success,uniform,,,3,3,6,2,null,iterative,6,2,100,10,105,0.5,-15.444444444444446,-15.444444444444446,-15.444444444444446,True,True,True,True,True,0.0,0.0,True,True,0.3333333333333333,1274.4122879994393,,2,1,0.7808208465576172,210.6566929996916,0.0057800007198238745,0.0,0.010940000720438547,0.08049999814829789,1274.836268999934,0.02852000034181401,211.51852600087295,0.08101215462374967,211.4375138462492,,,,,[],1275.043021154488
sweep_20260627_180326_a1a3c8cb_results.jsonl,E3U.41,E3U,success,uniform,,,4,4,8,2,null,iterative,6,2,100,1,101,0.5,-20.375,-20.5,-20.5,True,False,False,False,True,0.006097560975609459,0.125,False,False,0.5,2335.4933749997144,,2,2,3.6783218383789062,197.56913099990925,0.00591000025451649,0.0,0.012540000170702115,0.11814099889306817,2336.2028270003066,0.034470000173314475,201.33151300069585,0.08406016240769532,201.24745283828815,,,,,[],2336.457948162206
sweep_20260627_180326_a1a3c8cb_results.jsonl,E3U.42,E3U,success,uniform,,,4,4,8,2,null,iterative,6,2,100,1,102,0.5,-20.375,-20.5,-20.5,True,False,False,False,True,0.006097560975609459,0.125,False,False,0.5,2422.517433999019,,17,2,3.6716461181640625,200.82367100076226,0.005210000381339341,0.0,0.012430000424501486,0.1214199983223807,2423.2876360001683,0.03474100049061235,204.57505299964396,0.07973588071763515,204.49531711892632,,,,,[],2423.5411728805047
sweep_20260627_180326_a1a3c8cb_results.jsonl,E3U.43,E3U,success,uniform,,,4,4,8,2,null,iterative,6,2,100,1,103,0.5,-20.375,-20.5,-20.5,True,False,False,False,True,0.006097560975609459,0.125,False,False,0.5,2374.9446620004164,,18,2,3.8280487060546875,196.9768090002617,0.005590000000665896,0.0,0.02139000025636051,0.1177200010715751,2375.6597339997825,0.03484000080788974,200.89121099954355,0.08635329322714824,200.8048577063164,,,,,[],2375.925627295146
sweep_20260627_180326_a1a3c8cb_results.jsonl,E3U.44,E3U,success,uniform,,,4,4,8,2,null,iterative,6,2,100,1,104,0.5,-20.375,-20.5,-20.5,True,False,False,False,True,0.006097560975609459,0.125,False,False,0.5,2434.9121829982323,,15,2,3.881692886352539,205.57348600050318,0.0052699997468153015,0.0,0.012599999536178075,0.12505000086093787,2435.685315002047,0.03477099926385563,209.5443090001936,0.08913011333788745,209.45517888685572,,,,,[],2435.9521361147927
sweep_20260627_180326_a1a3c8cb_results.jsonl,E3U.45,E3U,success,uniform,,,4,4,8,2,null,iterative,6,2,100,1,105,0.5,-20.375,-20.5,-20.5,True,False,False,False,True,0.006097560975609459,0.125,False,False,0.5,2451.926065998123,,11,2,3.710508346557617,200.13297899822646,0.007119999281712808,0.0,0.01556999995955266,0.12644099842873402,2452.6636189984856,0.03551000190782361,203.93957099986437,0.09608365508029237,203.84348734478408,,,,,[],2452.9443436531437
sweep_20260627_180326_a1a3c8cb_results.jsonl,E3U.46,E3U,success,uniform,,,4,4,8,2,null,iterative,6,2,100,3,101,0.5,-20.5,-20.5,-20.5,True,True,True,True,True,0.0,0.0,True,True,0.0,2416.7445660004887,,2,2,3.715991973876953,202.28217499970924,0.008310000339406542,0.0,0.01818000055209268,0.15068999891809653,2417.501737998464,0.034840999433072284,206.0835769989353,0.08541002534911968,205.9981669735862,,,,,[],2417.7991690230556
sweep_20260627_180326_a1a3c8cb_results.jsonl,E3U.47,E3U,success,uniform,,,4,4,8,2,null,iterative,6,2,100,3,102,0.5,-20.5,-20.5,-20.5,True,True,True,True,True,0.0,0.0,True,True,0.0,2378.697602001921,,17,2,3.719329833984375,202.52882699969632,0.005739999323850498,0.0,0.013099999705445953,0.12160999904153869,2379.4325340004434,0.036920000638929196,206.33857899883878,0.09042216515808832,206.2481568336807,,,,,[],2379.7003261643113
sweep_20260627_180326_a1a3c8cb_results.jsonl,E3U.48,E3U,success,uniform,,,4,4,8,2,null,iterative,6,2,100,3,103,0.5,-20.5,-20.5,-20.5,True,True,True,True,True,0.0,0.0,True,True,0.0,2277.84635199896,,10,2,3.7288665771484375,196.3801469992177,0.005800000508315861,0.0,0.012720000086119398,0.11835999976028688,2278.5417340019194,0.035400000342633575,200.18478900055925,0.07577542419312522,200.10901357636612,,,,,[],2278.78978942681
sweep_20260627_180326_a1a3c8cb_results.jsonl,E3U.49,E3U,success,uniform,,,4,4,8,2,null,iterative,6,2,100,3,104,0.5,-20.5,-20.5,-20.5,True,True,True,True,True,0.0,0.0,True,True,0.0,2321.374230998117,,12,2,3.762960433959961,204.55034299993713,0.005569998393184505,0.0,0.012360000255284831,0.10914100312220398,2322.068022998792,0.034079999750247225,208.400294999592,0.08699156569491606,208.3133034338971,,,,,[],2322.316165566008
sweep_20260627_180326_a1a3c8cb_results.jsonl,E3U.50,E3U,success,uniform,,,4,4,8,2,null,iterative,6,2,100,3,105,0.5,-20.5,-20.5,-20.5,True,True,True,True,True,0.0,0.0,True,True,0.0,2380.021998000302,,2,2,3.7810802459716797,198.64609399883193,0.00743000055081211,0.0,0.013569999282481149,0.131832000988652,2380.767630000264,0.03509999987727497,202.51110600111133,0.0839317563077202,202.4271742448036,,,,,[],2381.039493757271
sweep_20260627_180326_a1a3c8cb_results.jsonl,E3U.51,E3U,success,uniform,,,4,4,8,2,null,iterative,6,2,100,5,101,0.5,-20.5,-20.5,-20.5,True,True,True,True,True,0.0,0.0,True,True,0.0,2373.7789379993046,,2,2,3.8306713104248047,202.11061499867355,0.005719999535358511,0.0,0.01202000021294225,0.12241100012033712,2374.511239999265,0.03460000152699649,206.03047800068452,0.08919169158616569,205.94128630909836,,,,,[],2374.7751826922467
sweep_20260627_180326_a1a3c8cb_results.jsonl,E3U.52,E3U,success,uniform,,,4,4,8,2,null,iterative,6,2,100,5,102,0.5,-20.5,-20.5,-20.5,True,True,True,True,True,0.0,0.0,True,True,0.0,2452.3916479993204,,17,2,3.9899349212646484,206.4092979999259,0.005769999916083179,0.0,0.012540000170702115,0.1202830007969169,2453.185582000515,0.03733999983523972,210.48928200070804,0.09004907951748464,210.39923292119056,,,,,[],2453.4515640807513
sweep_20260627_180326_a1a3c8cb_results.jsonl,E3U.53,E3U,success,uniform,,,4,4,8,2,null,iterative,6,2,100,5,103,0.5,-20.5,-20.5,-20.5,True,True,True,True,True,0.0,0.0,True,True,0.0,2542.476884998905,,10,2,3.7865638732910156,194.79180100097437,0.005730000339099206,0.0,0.012700000297627412,0.11982199976046104,2543.198838000535,0.033790001907618716,198.66476399874955,0.08639912448415998,198.5783648742654,,,,,[],2543.457279127324
sweep_20260627_180326_a1a3c8cb_results.jsonl,E3U.54,E3U,success,uniform,,,4,4,8,2,null,iterative,6,2,100,5,104,0.5,-20.5,-20.5,-20.5,True,True,True,True,True,0.0,0.0,True,True,0.0,2334.467192000375,,12,2,3.678560256958008,200.72487000106776,0.0054700012697139755,0.0,0.012590000551426783,0.11432199607952498,2335.196284999256,0.03439000101934653,204.4767719999072,0.0733417418814497,204.40343025802576,,,,,[],2335.4363987400575
sweep_20260627_180326_a1a3c8cb_results.jsonl,E3U.55,E3U,success,uniform,,,4,4,8,2,null,iterative,6,2,100,5,105,0.5,-20.5,-20.5,-20.5,True,True,True,True,True,0.0,0.0,True,True,0.0,2441.829825000241,,2,2,3.975391387939453,203.90334100011387,0.00537999949301593,0.0,0.012040000001434237,0.11270999857515562,2442.696608000915,0.04616000114765484,207.98203400045168,0.10330161239835434,207.87873238805332,,,,,[],2442.9761996125308
sweep_20260627_180326_a1a3c8cb_results.jsonl,E3U.56,E3U,success,uniform,,,4,4,8,2,null,iterative,6,2,100,10,101,0.5,-20.5,-20.5,-20.5,True,True,True,True,True,0.0,0.0,True,True,0.0,2367.7807790008956,,2,2,3.7491321563720703,196.0958359995857,0.005660000169882551,0.0,0.01227999928232748,0.12821000018448103,2368.724960999316,0.03705000017362181,199.9273279998306,0.08235984387283679,199.84496815595776,,,,,[],2368.990520842999
sweep_20260627_180326_a1a3c8cb_results.jsonl,E3U.57,E3U,success,uniform,,,4,4,8,2,null,iterative,6,2,100,10,102,0.5,-20.5,-20.5,-20.5,True,True,True,True,True,0.0,0.0,True,True,0.0,2458.08882700112,,17,2,3.7910938262939453,203.31696900029783,0.0055300006351899356,0.0,0.014510000255540945,0.1378799988742685,2458.8827100014896,0.03527000080794096,207.19880199976615,0.09073917317437008,207.10806282659178,,,,,[],2459.166639175237
sweep_20260627_180326_a1a3c8cb_results.jsonl,E3U.58,E3U,success,uniform,,,4,4,8,2,null,iterative,6,2,100,10,103,0.5,-20.5,-20.5,-20.5,True,True,True,True,True,0.0,0.0,True,True,0.0,2461.554318000708,,10,2,3.749847412109375,200.0722089996998,0.006039999789209105,0.0,0.012340000466792844,0.11907999942195602,2462.3400700002094,0.0348109988408396,203.89779100150918,0.07573458970000502,203.82205641180917,,,,,[],2462.588075588428
sweep_20260627_180326_a1a3c8cb_results.jsonl,E3U.59,E3U,success,uniform,,,4,4,8,2,null,iterative,6,2,100,10,104,0.5,-20.5,-20.5,-20.5,True,True,True,True,True,0.0,0.0,True,True,0.0,2395.2490169995144,,12,2,3.9658546447753906,204.706933000125,0.005309999323799275,0.0,0.012749998859362677,0.11529999937920365,2396.1269990013534,0.03701999958138913,208.76878600029158,0.0959983553912025,208.67278764490038,,,,,[],2396.3933773538884
sweep_20260627_180326_a1a3c8cb_results.jsonl,E3U.60,E3U,success,uniform,,,4,4,8,2,null,iterative,6,2,100,10,105,0.5,-20.5,-20.5,-20.5,True,True,True,True,True,0.0,0.0,True,True,0.0,2340.7047820001026,,2,2,3.683805465698242,196.81463900087692,0.005469999450724572,0.0,0.012489999789977446,0.12088000039511826,2341.4351340015855,0.034800001230905764,200.57971099959104,0.08126653301587794,200.49844446657517,,,,,[],2341.690040535468
sweep_20260627_180326_a1a3c8cb_results.jsonl,E3U.61,E3U,success,uniform,,,5,5,10,2,null,iterative,6,2,100,1,101,0.5,-25.48,-25.480000000000004,-25.480000000000004,True,True,True,True,True,0.0,3.552713678800501e-15,True,True,0.20000000000000007,2943.605877000664,,2,2,17.477035522460938,321.7768779995822,0.007459999324055389,0.0,0.01900000097521115,0.16479999976581894,2944.503459999396,0.04133999755140394,339.3494740012102,0.09556047916703392,339.25391352204315,,,,,[],2944.8316204761795
sweep_20260627_180326_a1a3c8cb_results.jsonl,E3U.62,E3U,success,uniform,,,5,5,10,2,null,iterative,6,2,100,1,102,0.5,-25.48,-25.480000000000004,-25.48,True,True,True,True,True,0.0,3.552713678800501e-15,True,True,0.20000000000000007,2784.5911599997635,,10,2,17.277240753173828,319.81004099907295,0.008650000381749123,0.0,0.015240000720950775,0.1395899998897221,2785.3774819996033,0.03773999742406886,337.18324700021185,0.09596524796506856,337.0872817522468,,,,,[],2785.674667245985
sweep_20260627_180326_a1a3c8cb_results.jsonl,E3U.63,E3U,success,uniform,,,5,5,10,2,null,iterative,6,2,100,1,103,0.5,-25.48,-25.480000000000004,-25.480000000000004,True,True,True,True,True,0.0,3.552713678800501e-15,True,True,0.20000000000000007,2711.9131069994182,,11,2,17.290353775024414,319.06894900021143,0.006959999154787511,0.0,0.015230001736199483,0.15582000014546793,2712.6674899991485,0.0382999987778021,336.44391400048335,0.08461122524749953,336.35930277523585,,,,,[],2712.9684112242103
sweep_20260627_180326_a1a3c8cb_results.jsonl,E3U.64,E3U,success,uniform,,,5,5,10,2,null,iterative,6,2,100,1,104,0.5,-25.48,-25.480000000000004,-25.480000000000004,True,True,True,True,True,0.0,3.552713678800501e-15,True,True,0.20000000000000007,2736.870935999832,,9,2,17.460107803344727,313.32448000102886,0.006289999873843044,0.0,0.014029999874765053,0.13261100139061455,2737.6639589983824,0.038240001231315546,330.8830259993556,0.09843819498200901,330.7845878043736,,,,,[],2737.953568195735
sweep_20260627_180326_a1a3c8cb_results.jsonl,E3U.65,E3U,success,uniform,,,5,5,10,2,null,iterative,6,2,100,1,105,0.5,-25.48,-25.480000000000004,-25.480000000000004,True,True,True,True,True,0.0,3.552713678800501e-15,True,True,0.20000000000000007,2858.656656000676,,12,2,17.250776290893555,316.4418400010618,0.008749999324209057,0.0,0.02049999966402538,0.1732500004436588,2859.436998000092,0.03820000165433157,333.7769859990658,0.08436970711045433,333.69261629195535,,,,,[],2859.7620677082887
sweep_20260627_180326_a1a3c8cb_results.jsonl,E3U.66,E3U,success,uniform,,,5,5,10,2,null,iterative,6,2,100,3,101,0.5,-25.479999999999997,-25.480000000000004,-25.480000000000004,True,True,True,True,True,0.0,7.105427357601002e-15,True,True,0.20000000000000007,2833.6053760012874,,2,2,18.332719802856445,330.6039549988782,0.006149999535409734,0.0,0.015020001228549518,0.14340999950945843,2834.4456080012606,0.03870999898936134,349.03794399906474,0.10126919733011164,348.9366748017346,,,,,[],2834.7501671978534
sweep_20260627_180326_a1a3c8cb_results.jsonl,E3U.67,E3U,success,uniform,,,5,5,10,2,null,iterative,6,2,100,3,102,0.5,-25.479999999999997,-25.480000000000004,-25.48,True,True,True,True,True,0.0,7.105427357601002e-15,True,True,0.20000000000000007,2764.64786500037,,7,2,19.58298683166504,320.3512919990317,0.006270000085351057,0.0,0.014740000551682897,0.14893199841026217,2765.6118780014367,0.05886000144528225,340.06906499962497,0.13478616892825812,339.9342788306967,,,,,[],2765.9754661708575
sweep_20260627_180326_a1a3c8cb_results.jsonl,E3U.68,E3U,success,uniform,,,5,5,10,2,null,iterative,6,2,100,3,103,0.5,-25.479999999999997,-25.480000000000004,-25.480000000000004,True,True,True,True,True,0.0,7.105427357601002e-15,True,True,0.20000000000000007,2665.416059000563,,5,2,17.668724060058594,320.6760739994934,0.006880000000819564,0.0,0.014270999599830247,0.13217999912740197,2666.13672099993,0.03729999662027694,338.42253100010566,0.07773294055368751,338.344798059552,,,,,[],2666.405084935832
sweep_20260627_180326_a1a3c8cb_results.jsonl,E3U.69,E3U,success,uniform,,,5,5,10,2,null,iterative,6,2,100,3,104,0.5,-25.479999999999997,-25.480000000000004,-25.480000000000004,True,True,True,True,True,0.0,7.105427357601002e-15,True,True,0.20000000000000007,2713.664692999373,,7,2,18.021345138549805,331.3435180007218,0.005629999577649869,0.0,0.014060000466997735,0.12616999993042555,2714.477485998941,0.05225099994277116,349.4682750006177,0.10341186134610325,349.3648631392716,,,,,[],2714.779008860205
sweep_20260627_180326_a1a3c8cb_results.jsonl,E3U.70,E3U,success,uniform,,,5,5,10,2,null,iterative,6,2,100,3,105,0.5,-25.479999999999997,-25.480000000000004,-25.480000000000004,True,True,True,True,True,0.0,7.105427357601002e-15,True,True,0.20000000000000007,2792.8154460005317,,4,2,17.551898956298828,327.48395599992364,0.006499998562503606,0.0,0.014929999451851472,0.13720000060857274,2793.624997999359,0.03783000101975631,345.1439520013082,0.10809704508574214,345.03585495622247,,,,,[],2793.9295550440875
sweep_20260627_180326_a1a3c8cb_results.jsonl,E3U.71,E3U,success,uniform,,,5,5,10,2,null,iterative,6,2,100,5,101,0.5,-25.479999999999997,-25.480000000000004,-25.480000000000004,True,True,True,True,True,0.0,7.105427357601002e-15,True,True,0.20000000000000007,2770.380504000059,,2,2,17.437458038330078,315.6357070001832,0.0054299998737405986,0.0,0.013839999155607074,0.13283199950819835,2771.115445999385,0.03685999945446383,333.18086300096184,0.10769796244858298,333.07316503851325,,,,,[],2771.4121059598256
sweep_20260627_180326_a1a3c8cb_results.jsonl,E3U.72,E3U,success,uniform,,,5,5,10,2,null,iterative,6,2,100,5,102,0.5,-25.479999999999997,-25.480000000000004,-25.48,True,True,True,True,True,0.0,7.105427357601002e-15,True,True,0.20000000000000007,2832.9959340007917,,7,2,17.699480056762695,332.4235410000256,0.0059799986047437415,0.0,0.014179999197949655,0.13994999972055666,2833.770536000884,0.038610000046901405,350.2214880008978,0.09846694410953205,350.1230210567883,,,,,[],2834.0677229425637
sweep_20260627_180326_a1a3c8cb_results.jsonl,E3U.73,E3U,success,uniform,,,5,5,10,2,null,iterative,6,2,100,5,103,0.5,-25.479999999999997,-25.480000000000004,-25.480000000000004,True,True,True,True,True,0.0,7.105427357601002e-15,True,True,0.20000000000000007,2861.1830940008076,,5,2,17.1968936920166,318.92069799869205,0.00596999961999245,0.0,0.014209999790182337,0.1380400008201832,2861.9946260005236,0.037939998946967535,336.21511300043494,0.09752130972628947,336.11759169070865,,,,,[],2862.288307309427
sweep_20260627_180326_a1a3c8cb_results.jsonl,E3U.74,E3U,success,uniform,,,5,5,10,2,null,iterative,6,2,100,5,104,0.5,-25.479999999999997,-25.480000000000004,-25.480000000000004,True,True,True,True,True,0.0,7.105427357601002e-15,True,True,0.20000000000000007,2841.4050699993822,,7,2,16.936779022216797,317.9635149990645,0.0060300008044578135,0.0,0.01384999995934777,0.14235000162443612,2842.2635730021284,0.039200000173877925,334.9964299995918,0.09613597831048537,334.9002940212813,,,,,[],2842.561138983001
sweep_20260627_180326_a1a3c8cb_results.jsonl,E3U.75,E3U,success,uniform,,,5,5,10,2,null,iterative,6,2,100,5,105,0.5,-25.479999999999997,-25.480000000000004,-25.480000000000004,True,True,True,True,True,0.0,7.105427357601002e-15,True,True,0.20000000000000007,2768.878279999626,,4,2,17.31562614440918,317.1956030000729,0.005799998689326458,0.0,0.013880000551580451,0.14136999925540294,2769.722922001165,0.03963000017392915,334.59879899965017,0.08756985516811255,334.51122914448206,,,,,[],2770.0111718550033
sweep_20260627_180326_a1a3c8cb_results.jsonl,E3U.76,E3U,success,uniform,,,5,5,10,2,null,iterative,6,2,100,10,101,0.5,-25.479999999999997,-25.480000000000004,-25.480000000000004,True,True,True,True,True,0.0,7.105427357601002e-15,True,True,0.20000000000000007,2885.045021001133,,2,2,18.32437515258789,333.8247550000233,0.007030001142993569,0.0,0.013860000763088465,0.1473499996791361,2885.8764530014014,0.03853999987768475,352.2485550001875,0.09942484757630154,352.1491301526112,,,,,[],2886.1826578504406
sweep_20260627_180326_a1a3c8cb_results.jsonl,E3U.77,E3U,success,uniform,,,5,5,10,2,null,iterative,6,2,100,10,102,0.5,-25.479999999999997,-25.480000000000004,-25.48,True,True,True,True,True,0.0,7.105427357601002e-15,True,True,0.20000000000000007,2828.2973790010146,,7,2,17.409801483154297,326.32059100069455,0.006810001650592312,0.0,0.014909999663359486,0.13527000010071788,2829.0521210001316,0.03663000097731128,343.83318700020027,0.10279451635142323,343.73039248384885,,,,,[],2829.348535518875
sweep_20260627_180326_a1a3c8cb_results.jsonl,E3U.78,E3U,success,uniform,,,5,5,10,2,null,iterative,6,2,100,10,103,0.5,-25.479999999999997,-25.480000000000004,-25.480000000000004,True,True,True,True,True,0.0,7.105427357601002e-15,True,True,0.20000000000000007,2684.5270000012533,,5,2,17.28653907775879,317.76591400011966,0.006599999323952943,0.0,0.018509999790694565,0.14436100173043087,2685.2526319999015,0.036639999962062575,335.1358399995661,0.08338692168763373,335.05245307787845,,,,,[],2685.5421299223963
sweep_20260627_180326_a1a3c8cb_results.jsonl,E3U.79,E3U,success,uniform,,,5,5,10,2,null,iterative,6,2,100,10,104,0.5,-25.479999999999997,-25.480000000000004,-25.480000000000004,True,True,True,True,True,0.0,7.105427357601002e-15,True,True,0.20000000000000007,2781.6459700006817,,7,2,17.546892166137695,316.7522410003585,0.006059999577701092,0.0,0.014060000466997735,0.13236999984655995,2782.4325719993794,0.03665000076580327,334.39194799939287,0.09281483289669268,334.2991331664962,,,,,[],2782.714526832933
sweep_20260627_180326_a1a3c8cb_results.jsonl,E3U.80,E3U,success,uniform,,,5,5,10,2,null,iterative,6,2,100,10,105,0.5,-25.479999999999997,-25.480000000000004,-25.480000000000004,True,True,True,True,True,0.0,7.105427357601002e-15,True,True,0.20000000000000007,2669.28062199986,,4,2,17.24553108215332,315.4589770001621,0.006320000466075726,0.0,0.014220000593923032,0.13687999853573274,2670.099343999027,0.037269997847033665,332.7945430010004,0.09003491868497804,332.70450808231544,,,,,[],2670.384068915155
sweep_20260627_180326_a1a3c8cb_results.jsonl,E3U.81,E3U,success,uniform,,,6,6,12,2,null,iterative,6,2,100,1,101,0.5,-30.500000000000007,-30.500000000000007,-30.500000000000007,True,True,True,True,True,0.0,0.0,True,True,0.0,3349.564553000164,,2,2,81.37249946594238,312.4224069997581,0.006379999831551686,0.0,0.01652999890211504,0.1542209975013975,3350.3370260004885,0.041969999074353836,393.9031769987196,0.10827053301909473,393.7949064657005,,,,,[],3350.664397528817
sweep_20260627_180326_a1a3c8cb_results.jsonl,E3U.82,E3U,success,uniform,,,6,6,12,2,null,iterative,6,2,100,1,102,0.5,-30.500000000000007,-30.500000000000007,-30.500000000000007,True,True,True,True,True,0.0,0.0,True,True,0.0,3327.983764000237,,11,2,81.0697078704834,305.7019060015591,0.006469999789260328,0.0,0.01587999940966256,0.16375000086554792,3328.750995999144,0.03997999920102302,386.86408499961544,0.09247112757293507,386.7716138720425,,,,,[],3329.0695471259824
sweep_20260627_180326_a1a3c8cb_results.jsonl,E3U.83,E3U,success,uniform,,,6,6,12,2,null,iterative,6,2,100,1,103,0.5,-30.500000000000007,-30.500000000000007,-30.500000000000007,True,True,True,True,True,0.0,0.0,True,True,0.0,3261.5494719993876,,5,2,82.50689506530762,298.44509299982747,0.006060001396690495,0.0,0.015670000721001998,0.16451999908895232,3262.3782439986826,0.05224999949859921,381.0480669999379,0.09607893480279017,380.9519880651351,,,,,[],3262.7128229341906
sweep_20260627_180326_a1a3c8cb_results.jsonl,E3U.84,E3U,success,uniform,,,6,6,12,2,null,iterative,6,2,100,1,104,0.5,-30.500000000000007,-30.500000000000007,-30.500000000000007,True,True,True,True,True,0.0,0.0,True,True,0.0,3307.3089480003546,,7,2,82.55219459533691,308.14671400003135,0.0062800008890917525,0.0,0.015740000890218653,0.14794100206927396,3308.191229998556,0.04193000131635927,390.80493800065597,0.10602940528769977,390.69890859536827,,,,,[],3308.5091504090087
sweep_20260627_180326_a1a3c8cb_results.jsonl,E3U.85,E3U,success,uniform,,,6,6,12,2,null,iterative,6,2,100,1,105,0.5,-30.500000000000007,-30.500000000000007,-30.500000000000007,True,True,True,True,True,0.0,0.0,True,True,0.0,3308.038151000801,,4,2,79.437255859375,305.5945550004253,0.00622999868937768,0.0,0.020579998817993328,0.16481000056955963,3308.8673429992923,0.0404800011892803,385.12951899974723,0.09770813994691707,385.0318108598003,,,,,[],3309.1971511385054
sweep_20260627_180326_a1a3c8cb_results.jsonl,E3U.86,E3U,success,uniform,,,6,6,12,2,null,iterative,6,2,100,3,101,0.5,-30.500000000000007,-30.500000000000007,-30.500000000000007,True,True,True,True,True,0.0,0.0,True,True,0.0,3284.906597000372,,3,2,79.71334457397461,311.9817860006151,0.006349999239319004,0.0,0.016420000974903814,0.1659299996390473,3285.685848999492,0.041229999624192715,391.79168099872186,0.09655042413214687,391.6951305745897,,,,,[],3286.0123294231016
sweep_20260627_180326_a1a3c8cb_results.jsonl,E3U.87,E3U,success,uniform,,,6,6,12,2,null,iterative,6,2,100,3,102,0.5,-30.500000000000007,-30.500000000000007,-30.500000000000007,True,True,True,True,True,0.0,0.0,True,True,0.0,3265.4482039997674,,94,2,78.56965065002441,298.15178199896764,0.007100001312210225,0.0,0.01585000063641928,0.154630002725753,3266.297266998663,0.04345000161265489,376.8488030000299,0.12737035103782546,376.72143264899205,,,,,[],3266.645667355988
sweep_20260627_180326_a1a3c8cb_results.jsonl,E3U.88,E3U,success,uniform,,,6,6,12,2,null,iterative,6,2,100,3,103,0.5,-30.500000000000007,-30.500000000000007,-30.500000000000007,True,True,True,True,True,0.0,0.0,True,True,0.0,3304.351388000214,,8,2,82.81064033508301,311.79833600072016,0.006680000296910293,0.0,0.01590000101714395,0.15192000137176365,3305.122150999523,0.039909999031806365,394.71858000069915,0.10960366489598528,394.60897633580316,,,,,[],3305.4461646661366
sweep_20260627_180326_a1a3c8cb_results.jsonl,E3U.89,E3U,success,uniform,,,6,6,12,2,null,iterative,6,2,100,3,104,0.5,-30.500000000000007,-30.500000000000007,-30.500000000000007,True,True,True,True,True,0.0,0.0,True,True,0.0,3383.8428029994247,,9,2,79.44321632385254,304.06414000026416,0.0067999990278622136,0.0,0.016879999748198316,0.163401002282626,3384.54220499807,0.03869999818562064,383.5970440013625,0.08968767724581994,383.5073563241167,,,,,[],3384.85767367456
sweep_20260627_180326_a1a3c8cb_results.jsonl,E3U.90,E3U,success,uniform,,,6,6,12,2,null,iterative,6,2,100,3,105,0.5,-30.500000000000007,-30.500000000000007,-30.500000000000007,True,True,True,True,True,0.0,0.0,True,True,0.0,3390.1551429989922,,8,2,82.71384239196777,317.6464349999151,0.006809999831602909,0.0,0.016519999917363748,0.16665000111970585,3391.02206500138,0.04371999966679141,400.4671490001783,0.10687160829547793,400.36027739188285,,,,,[],3391.3626366102108
sweep_20260627_180326_a1a3c8cb_results.jsonl,E3U.91,E3U,success,uniform,,,6,6,12,2,null,iterative,6,2,100,5,101,0.5,-30.500000000000007,-30.500000000000007,-30.500000000000007,True,True,True,True,True,0.0,0.0,True,True,0.0,3373.277018999943,,3,2,78.65428924560547,305.2321539998957,0.006300000677583739,0.0,0.016850000974955037,0.1570109998283442,3374.0485409980465,0.03934999949706253,383.98044499990647,0.09400175440532621,383.88644324550114,,,,,[],3374.36205375343
sweep_20260627_180326_a1a3c8cb_results.jsonl,E3U.92,E3U,success,uniform,,,6,6,12,2,null,iterative,6,2,100,5,102,0.5,-30.500000000000007,-30.500000000000007,-30.500000000000007,True,True,True,True,True,0.0,0.0,True,True,0.0,3383.495480999045,,94,2,82.6261043548584,300.1495580010669,0.009509998562862165,0.0,0.022810001610196196,0.20329000108176842,3384.247433999917,0.04161099968769122,382.89122199967096,0.1155596437456552,382.7756623559253,,,,,[],3384.6402146446053
sweep_20260627_180326_a1a3c8cb_results.jsonl,E3U.93,E3U,success,uniform,,,6,6,12,2,null,iterative,6,2,100,5,103,0.5,-30.500000000000007,-30.500000000000007,-30.500000000000007,True,True,True,True,True,0.0,0.0,True,True,0.0,3381.0983130006207,,8,2,76.74741744995117,300.51285900117364,0.008790000720182434,0.0,0.0210899997910019,0.18943199938803446,3381.9732459978695,0.04138999975111801,377.3727850002615,0.11250854913669173,377.2602764511248,,,,,[],3382.3464565466566
sweep_20260627_180326_a1a3c8cb_results.jsonl,E3U.94,E3U,success,uniform,,,6,6,12,2,null,iterative,6,2,100,5,104,0.5,-30.500000000000007,-30.500000000000007,-30.500000000000007,True,True,True,True,True,0.0,0.0,True,True,0.0,3251.3454889995046,,9,2,80.17325401306152,309.4214180000563,0.0064899995777523145,0.0,0.015890000213403255,0.1457799990021158,3252.101321999362,0.039599999581696466,389.7057740014134,0.11110198829555884,389.5946720131178,,,,,[],3252.4201839860325
sweep_20260627_180326_a1a3c8cb_results.jsonl,E3U.95,E3U,success,uniform,,,6,6,12,2,null,iterative,6,2,100,5,105,0.5,-30.500000000000007,-30.500000000000007,-30.500000000000007,True,True,True,True,True,0.0,0.0,True,True,0.0,3256.1194749996503,,8,2,79.38456535339355,307.31088100037596,0.0066300017351750284,0.0,0.015869998605921865,0.14675000238639768,3256.863777001854,0.03936000030080322,386.7762740010221,0.0808276472525904,386.6954463537695,,,,,[],3257.153214652135
sweep_20260627_180326_a1a3c8cb_results.jsonl,E3U.96,E3U,success,uniform,,,6,6,12,2,null,iterative,6,2,100,10,101,0.5,-30.500000000000007,-30.500000000000007,-30.500000000000007,True,True,True,True,True,0.0,0.0,True,True,0.0,3288.9867600006255,,3,2,80.62386512756348,317.3279430011462,0.006249998477869667,0.0,0.015890000213403255,0.14525000005960464,3289.9024519974773,0.04248100231052376,398.0552800003352,0.10347187162551563,397.9518081287097,,,,,[],3290.2157948701642
sweep_20260627_180326_a1a3c8cb_results.jsonl,E3U.97,E3U,success,uniform,,,6,6,12,2,null,iterative,6,2,100,10,102,0.5,-30.500000000000007,-30.500000000000007,-30.500000000000007,True,True,True,True,True,0.0,0.0,True,True,0.0,3339.826212000844,,94,2,80.2907943725586,308.3188250002422,0.0065900003392016515,0.0,0.015949999578879215,0.14846999874862377,3340.6187250002404,0.04027999966638163,388.7031609992846,0.09354162648378406,388.6096193728008,,,,,[],3340.9235566250572
sweep_20260627_180326_a1a3c8cb_results.jsonl,E3U.98,E3U,success,uniform,,,6,6,12,2,null,iterative,6,2,100,10,103,0.5,-30.500000000000007,-30.500000000000007,-30.500000000000007,True,True,True,True,True,0.0,0.0,True,True,0.0,3412.9898350001895,,8,2,81.58278465270996,310.77420200017514,0.006430000212276354,0.0,0.016099998902063817,0.15257000086421613,3413.8569880014984,0.040779999835649505,392.4735429991415,0.11655634625640232,392.3569866528851,,,,,[],3414.189424347569
sweep_20260627_180326_a1a3c8cb_results.jsonl,E3U.99,E3U,success,uniform,,,6,6,12,2,null,iterative,6,2,100,10,104,0.5,-30.500000000000007,-30.500000000000007,-30.500000000000007,True,True,True,True,True,0.0,0.0,True,True,0.0,3268.2455240010313,,9,2,79.50282096862793,305.213014000401,0.00655999974696897,0.0,0.01714999962132424,0.1528310021967627,3269.0251559997705,0.03982999987783842,384.80825899932825,0.09242403029929847,384.71583496902895,,,,,[],3269.3339510315127
sweep_20260627_180326_a1a3c8cb_results.jsonl,E3U.100,E3U,success,uniform,,,6,6,12,2,null,iterative,6,2,100,10,105,0.5,-30.500000000000007,-30.500000000000007,-30.500000000000007,True,True,True,True,True,0.0,0.0,True,True,0.0,3366.258206000566,,8,2,77.32248306274414,302.6953959997627,0.006390000635292381,0.0,0.015869998605921865,0.1529299988760613,3367.1412089988735,0.04061999970872421,380.11766300041927,0.09978393791243434,380.01787906250684,,,,,[],3367.456802934612
sweep_20260627_180326_a1a3c8cb_results.jsonl,E3U.101,E3U,success,uniform,,,8,8,16,2,null,iterative,6,2,100,1,101,0.5,-40.46875,-40.5,-40.5,True,False,False,False,True,0.0007716049382715858,0.03125,False,False,0.25,4327.130043997386,,2,3,1625.4982948303223,419.7895099987363,0.007680000635446049,0.0,0.020850000510108657,0.22732100114808418,4328.24830699974,0.049251000746153295,2045.4203890003555,0.13258417129691225,2045.2878048290586,,,,,[],4328.685993174076
sweep_20260627_180326_a1a3c8cb_results.jsonl,E3U.102,E3U,success,uniform,,,8,8,16,2,null,iterative,6,2,100,1,102,0.5,-40.46875,-40.5,-40.5,True,False,False,False,True,0.0007716049382715858,0.03125,False,False,0.25,4433.502353998847,,11,3,1729.4926643371582,427.42122399977234,0.007479999112547375,0.0,0.02454999957990367,0.22452999837696552,4434.910848000072,0.05100000089441892,2157.0250160002615,0.11112766333098989,2156.9138883369305,,,,,[],4435.329535661367
sweep_20260627_180326_a1a3c8cb_results.jsonl,E3U.103,E3U,success,uniform,,,8,8,16,2,null,iterative,6,2,100,1,103,0.5,-40.46875,-40.5,-40.5,True,False,False,False,True,0.0007716049382715858,0.03125,False,False,0.25,4266.1821890014835,,5,3,1613.8405799865723,419.1712379997625,0.007480000931536779,0.0,0.019839999367832206,0.2375009989918908,4267.375892999553,0.052669998694909737,2033.1296500007738,0.11783201443904545,2033.0118179863348,,,,,[],4267.811216011978
sweep_20260627_180326_a1a3c8cb_results.jsonl,E3U.104,E3U,success,uniform,,,8,8,16,2,null,iterative,6,2,100,1,104,0.5,-40.46875,-40.5,-40.5,True,False,False,False,True,0.0007716049382715858,0.03125,False,False,0.25,4267.622363997361,,7,3,1606.8620681762695,443.59565600097994,0.009299999874201603,0.0,0.020920000679325312,0.22705100127495825,4268.835946999388,0.05042999873694498,2050.596326000232,0.1386018229823094,2050.4577241772495,,,,,[],4269.282249822936
sweep_20260627_180326_a1a3c8cb_results.jsonl,E3U.105,E3U,success,uniform,,,8,8,16,2,null,iterative,6,2,100,1,105,0.5,-40.46875,-40.5,-40.5,True,False,False,False,True,0.0007716049382715858,0.03125,False,False,0.25,4200.299399000869,,4,3,1536.0164642333984,404.0876799990656,0.007320000804611482,0.0,0.020470000890782103,0.22942099894862622,4201.512363000802,0.04979099685442634,1940.213144000154,0.10899976768996567,1940.104144232464,,,,,[],4201.92836476599
sweep_20260627_180326_a1a3c8cb_results.jsonl,E3U.106,E3U,success,uniform,,,8,8,16,2,null,iterative,6,2,100,3,101,0.5,-40.5,-40.5,-40.5,True,True,True,True,True,0.0,0.0,True,True,0.0,4126.370743000734,,3,3,1651.3044834136963,405.4470439987199,0.0068999997893115506,0.0,0.0198500001715729,0.20304999816289637,4127.422235998893,0.04718999844044447,2056.861386001401,0.10985858898493461,2056.751527412416,,,,,[],4127.809084584442
sweep_20260627_180326_a1a3c8cb_results.jsonl,E3U.107,E3U,success,uniform,,,8,8,16,2,null,iterative,6,2,100,3,102,0.5,-40.5,-40.5,-40.5,True,True,True,True,True,0.0,0.0,True,True,0.0,4144.095229999948,,82,3,1621.100664138794,412.1798960004526,0.007059999916236848,0.0,0.0200100002984982,0.25002099937410094,4145.5018340002425,0.06653099808318075,2033.4107110011246,0.13015086187806446,2033.2805601392465,,,,,[],4145.975606859793
sweep_20260627_180326_a1a3c8cb_results.jsonl,E3U.108,E3U,success,uniform,,,8,8,16,2,null,iterative,6,2,100,3,103,0.5,-40.5,-40.5,-40.5,True,True,True,True,True,0.0,0.0,True,True,0.0,4180.973526003072,,8,3,1628.2639503479004,420.9109540006466,0.007229999027913436,0.0,0.02012999902945012,0.21533199651457835,4182.087159999355,0.048350000724894926,2049.2904420007108,0.11553765216376632,2049.174904348547,,,,,[],4182.493739646816
sweep_20260627_180326_a1a3c8cb_results.jsonl,E3U.109,E3U,success,uniform,,,8,8,16,2,null,iterative,6,2,100,3,104,0.5,-40.5,-40.5,-40.5,True,True,True,True,True,0.0,0.0,True,True,0.0,4284.529708000264,,7,3,1666.1348342895508,424.587216000873,0.007589998858748004,0.0,0.02062099883914925,0.21529999867198057,4285.647361000883,0.04725000144389924,2090.834745000393,0.11269470996921882,2090.722050290424,,,,,[],4286.050816708666
sweep_20260627_180326_a1a3c8cb_results.jsonl,E3U.110,E3U,success,uniform,,,8,8,16,2,null,iterative,6,2,100,3,105,0.5,-40.5,-40.5,-40.5,True,True,True,True,True,0.0,0.0,True,True,0.0,4203.201457998148,,3,3,1611.2594604492188,402.9908169995906,0.0075499992817640305,0.0,0.020310000763856806,0.2128510004695272,4204.431201997068,0.048600000809528865,2014.3652410006325,0.1149635518231662,2014.2502774488094,,,,,[],4204.835476550215
sweep_20260627_180326_a1a3c8cb_results.jsonl,E3U.111,E3U,success,uniform,,,8,8,16,2,null,iterative,6,2,100,5,101,0.5,-40.5,-40.5,-40.5,True,True,True,True,True,0.0,0.0,True,True,0.0,4214.265571999931,,3,3,1618.1294918060303,426.04329000096186,0.009749999662744813,0.0,0.02798000059556216,0.25137100055871997,4215.464446999249,0.050160004320787266,2044.2904859992268,0.11770419223466888,2044.1727818069921,,,,,[],4215.9214121966215
sweep_20260627_180326_a1a3c8cb_results.jsonl,E3U.112,E3U,success,uniform,,,8,8,16,2,null,iterative,6,2,100,5,102,0.5,-40.5,-40.5,-40.5,True,True,True,True,True,0.0,0.0,True,True,0.0,4267.332392000753,,82,3,1609.6110343933105,416.4000989985652,0.007959999493323267,0.0,0.020220000806148164,0.26209099996776786,4269.073168999967,0.06056999882275704,2026.1275379998551,0.11640460797934793,2026.0111333918758,,,,,[],4269.540414607036
sweep_20260627_180326_a1a3c8cb_results.jsonl,E3U.113,E3U,success,uniform,,,8,8,16,2,null,iterative,6,2,100,5,103,0.5,-40.5,-40.5,-40.5,True,True,True,True,True,0.0,0.0,True,True,0.0,4189.772334999361,,8,3,1604.1252613067627,402.4948250007583,0.01016999885905534,0.0,0.028720000045723282,0.2596399972389918,4190.85543899746,0.047210998673108406,2006.7324060000828,0.11231969256186858,2006.620086307521,,,,,[],4191.3134996848385
sweep_20260627_180326_a1a3c8cb_results.jsonl,E3U.114,E3U,success,uniform,,,8,8,16,2,null,iterative,6,2,100,5,104,0.5,-40.5,-40.5,-40.5,True,True,True,True,True,0.0,0.0,True,True,0.0,4277.418345000115,,7,3,1614.2456531524658,407.58073100005277,0.007610000466229394,0.0,0.019949999114032835,0.21701100013160612,4278.622108999116,0.04915000135952141,2021.9541349997598,0.12775084724125918,2021.8263841525186,,,,,[],4279.0435808474285
sweep_20260627_180326_a1a3c8cb_results.jsonl,E3U.115,E3U,success,uniform,,,8,8,16,2,null,iterative,6,2,100,5,105,0.5,-40.5,-40.5,-40.5,True,True,True,True,True,0.0,0.0,True,True,0.0,4383.218233000662,,3,3,1595.4389572143555,410.578410999733,0.007259999620146118,0.0,0.020060000679222867,0.23458199939341284,4384.415356002137,0.05285000224830583,2006.130903999292,0.11353578520356677,2006.0173682140885,,,,,[],4384.8436437892815
sweep_20260627_180326_a1a3c8cb_results.jsonl,E3U.116,E3U,success,uniform,,,8,8,16,2,null,iterative,6,2,100,10,101,0.5,-40.5,-40.5,-40.5,True,True,True,True,True,0.0,0.0,True,True,0.0,4208.201353998447,,3,3,1659.1649055480957,415.9416880011122,0.010929999916697852,0.0,0.022059999537304975,0.23633099954167847,4209.352967000086,0.04848000025958754,2075.2211850012827,0.11459145207481924,2075.106593549208,,,,,[],4209.785359451416
sweep_20260627_180326_a1a3c8cb_results.jsonl,E3U.117,E3U,success,uniform,,,8,8,16,2,null,iterative,6,2,100,10,102,0.5,-40.5,-40.5,-40.5,True,True,True,True,True,0.0,0.0,True,True,0.0,4147.016569000698,,82,3,1713.6449813842773,429.30502999843156,0.007130000085453503,0.0,0.03094000021519605,0.24034099806158338,4148.272053000255,0.05424000119091943,2143.064901998514,0.11489061580505222,2142.950011382709,,,,,[],4148.7195946156135
sweep_20260627_180326_a1a3c8cb_results.jsonl,E3U.118,E3U,success,uniform,,,8,8,16,2,null,iterative,6,2,100,10,103,0.5,-40.5,-40.5,-40.5,True,True,True,True,True,0.0,0.0,True,True,0.0,4186.502364998887,,8,3,1614.0141487121582,402.3785339995811,0.008439999874099158,0.0,0.02060999941022601,0.22247999913815875,4187.552737997976,0.04768999860971235,2016.5029669988144,0.11028428707504645,2016.3926827117393,,,,,[],4187.962242282083
sweep_20260627_180326_a1a3c8cb_results.jsonl,E3U.119,E3U,success,uniform,,,8,8,16,2,null,iterative,6,2,100,10,104,0.5,-40.5,-40.5,-40.5,True,True,True,True,True,0.0,0.0,True,True,0.0,4063.3377820013266,,7,3,1710.2527618408203,419.46813899994595,0.007869999535614625,0.0,0.020670000594691373,0.21378999917942565,4064.468995000425,0.04754000110551715,2129.8505590002605,0.1296581594942836,2129.7209008407663,,,,,[],4064.8885231603344
sweep_20260627_180326_a1a3c8cb_results.jsonl,E3U.120,E3U,success,uniform,,,8,8,16,2,null,iterative,6,2,100,10,105,0.5,-40.5,-40.5,-40.5,True,True,True,True,True,0.0,0.0,True,True,0.0,4118.341496998255,,3,3,1697.0980167388916,432.08257900005265,0.008500001058564521,0.0,0.020760000552400015,0.22469100076705217,4119.535091997022,0.05114100167702418,2129.2954069995176,0.11481126057333313,2129.1805957389442,,,,,[],4119.954995261651
sweep_20260627_180326_a1a3c8cb_results.jsonl,E3U.121,E3U,success,uniform,,,10,10,20,2,null,iterative,6,2,100,1,101,0.5,-50.480000000000004,-50.5,-50.5,True,False,False,False,True,0.0003960396039603094,0.01999999999999602,False,False,0.19999999999999996,5777.4332350018085,,2,4,31723.04058074951,517.5020320002659,0.008030001481529325,0.0,0.025850000383798033,0.3089100009674439,5779.080269001497,0.05872999827261083,32240.663182999924,0.12057025014655665,32240.542612749778,,,,,[],5779.602359252749
sweep_20260627_180326_a1a3c8cb_results.jsonl,E3U.122,E3U,success,uniform,,,10,10,20,2,null,iterative,6,2,100,1,102,0.5,-50.480000000000004,-50.5,-50.5,True,False,False,False,True,0.0003960396039603094,0.01999999999999602,False,False,0.19999999999999996,5811.629981999431,,10,4,31719.987869262695,533.2985019995249,0.00827999974717386,0.0,0.02593999852251727,0.2762200037977891,5813.084017998335,0.056340000810450874,32253.40428399977,0.11791273755079601,32253.28637126222,,,,,[],5813.568710738764
sweep_20260627_180326_a1a3c8cb_results.jsonl,E3U.123,E3U,success,uniform,,,10,10,20,2,null,iterative,6,2,100,1,103,0.5,-50.480000000000004,-50.5,-50.5,True,False,False,False,True,0.0003960396039603094,0.01999999999999602,False,False,0.19999999999999996,5572.567568000522,,10,4,31318.546772003174,531.7496869993192,0.011830001312773675,0.0,0.037310001061996445,0.33521200020913966,5574.024423996889,0.057520001064403914,31850.418736999927,0.12227799743413925,31850.296459002493,,,,,[],5574.588573997971
sweep_20260627_180326_a1a3c8cb_results.jsonl,E3U.124,E3U,success,uniform,,,10,10,20,2,null,iterative,6,2,100,1,104,0.5,-50.480000000000004,-50.5,-50.5,True,False,False,False,True,0.0003960396039603094,0.01999999999999602,False,False,0.19999999999999996,5157.669273998181,,8,4,30514.720678329468,506.3050660010049,0.00827999974717386,0.0,0.02587000017229002,0.2781909988698317,5159.035470001982,0.06524000127683394,31021.140720000403,0.11497566993057262,31021.025744330473,,,,,[],5159.528026671978
sweep_20260627_180326_a1a3c8cb_results.jsonl,E3U.125,E3U,success,uniform,,,10,10,20,2,null,iterative,6,2,100,1,105,0.5,-50.480000000000004,-50.5,-50.5,True,False,False,False,True,0.0003960396039603094,0.01999999999999602,False,False,0.19999999999999996,5174.312638002448,,4,4,30375.189304351807,516.9821710005635,0.008230999810621142,0.0,0.025899998945533298,0.27398000020184554,5175.711641999442,0.05658000191033352,30892.28223899954,0.11076364717155229,30892.17147535237,,,,,[],5176.187096647482
sweep_20260627_180326_a1a3c8cb_results.jsonl,E3U.126,E3U,success,uniform,,,10,10,20,2,null,iterative,6,2,100,3,101,0.5,-50.5,-50.5,-50.5,True,True,True,True,True,0.0,0.0,True,True,0.0,5188.204353000401,,2,4,30180.79113960266,523.78923499964,0.007990000085555948,0.0,0.025400000595254824,0.2776609962893417,5189.587286999085,0.0542800007679034,30704.694750998897,0.11437639659561682,30704.5803746023,,,,,[],5190.066994393419
sweep_20260627_180326_a1a3c8cb_results.jsonl,E3U.127,E3U,success,uniform,,,10,10,20,2,null,iterative,6,2,100,3,102,0.5,-50.5,-50.5,-50.5,True,True,True,True,True,0.0,0.0,True,True,0.0,5215.52733200042,,4,4,29901.705026626587,515.4169260003982,0.007730001016170718,0.0,0.024820001272019,0.275333000899991,5216.888216997177,0.05407999924500473,30417.235934999553,0.11398237256798893,30417.121952626985,,,,,[],5217.364162372178
sweep_20260627_180326_a1a3c8cb_results.jsonl,E3U.128,E3U,success,uniform,,,10,10,20,2,null,iterative,6,2,100,3,103,0.5,-50.5,-50.5,-50.5,True,True,True,True,True,0.0,0.0,True,True,0.0,5155.696916001034,,8,4,30619.30274963379,510.35479300117004,0.007890001143096015,0.0,0.02528999903006479,0.26899000295088626,5157.061841999166,0.05493999742611777,31129.767120000906,0.10957736594718881,31129.65754263496,,,,,[],5157.528529365663
sweep_20260627_180326_a1a3c8cb_results.jsonl,E3U.129,E3U,success,uniform,,,10,10,20,2,null,iterative,6,2,100,3,104,0.5,-50.5,-50.5,-50.5,True,True,True,True,True,0.0,0.0,True,True,0.0,5175.159386000814,,5,4,30424.119234085083,512.8441840006417,0.007900000127847306,0.0,0.025129998903139494,0.2719429994613165,5176.535800999773,0.05640999734168872,30937.073912000415,0.11049391468986869,30936.963418085725,,,,,[],5177.0076779102965
sweep_20260627_180326_a1a3c8cb_results.jsonl,E3U.130,E3U,success,uniform,,,10,10,20,2,null,iterative,6,2,100,3,105,0.5,-50.5,-50.5,-50.5,True,True,True,True,True,0.0,0.0,True,True,0.0,5135.899615001108,,4,4,29902.459859848022,526.2348859996564,0.007610000466229394,0.0,0.027300000510877,0.294541996481712,5137.279761001992,0.055039996368577704,30428.835448999962,0.14070315228309482,30428.69474584768,,,,,[],5137.804956148102
sweep_20260627_180326_a1a3c8cb_results.jsonl,E3U.131,E3U,success,uniform,,,10,10,20,2,null,iterative,6,2,100,5,101,0.5,-50.5,-50.5,-50.5,True,True,True,True,True,0.0,0.0,True,True,0.0,5708.028650997221,,2,4,31481.16445541382,526.115815000594,0.008070001058513299,0.0,0.02547000076447148,0.285403999441769,5709.526056998584,0.0569300027564168,32007.396054999845,0.11578458543226589,32007.280270414412,,,,,[],5710.017715588037
sweep_20260627_180326_a1a3c8cb_results.jsonl,E3U.132,E3U,success,uniform,,,10,10,20,2,null,iterative,6,2,100,5,102,0.5,-50.5,-50.5,-50.5,True,True,True,True,True,0.0,0.0,True,True,0.0,5636.020840001947,,4,4,31457.167148590088,527.275461001409,0.010489999112905934,0.0,0.03623999873525463,0.35952299913333263,5637.518167999588,0.05947999670752324,31984.561580000445,0.11897040894837119,31984.442609591497,,,,,[],5638.102871402225
sweep_20260627_180326_a1a3c8cb_results.jsonl,E3U.133,E3U,success,uniform,,,10,10,20,2,null,iterative,6,2,100,5,103,0.5,-50.5,-50.5,-50.5,True,True,True,True,True,0.0,0.0,True,True,0.0,5639.328305000163,,8,4,30958.950996398926,517.5813559999369,0.007889999324106611,0.0,0.02538999979151413,0.30093200075498316,5640.9613830001035,0.05764000161434524,31476.6503990013,0.11804660243797116,31476.532352398863,,,,,[],5641.471281604026
sweep_20260627_180326_a1a3c8cb_results.jsonl,E3U.134,E3U,success,uniform,,,10,10,20,2,null,iterative,6,2,100,5,104,0.5,-50.5,-50.5,-50.5,True,True,True,True,True,0.0,0.0,True,True,0.0,5525.92491300129,,5,4,30248.739004135132,514.9013940008444,0.008070001058513299,0.0,0.026119998437934555,0.28477100204327144,5527.651462001813,0.07001999802014325,30763.76283299942,0.12243486344232224,30763.640398135976,,,,,[],5528.1628778648155
sweep_20260627_180326_a1a3c8cb_results.jsonl,E3U.135,E3U,success,uniform,,,10,10,20,2,null,iterative,6,2,100,5,105,0.5,-50.5,-50.5,-50.5,True,True,True,True,True,0.0,0.0,True,True,0.0,5532.645712997692,,4,4,31695.411443710327,528.6699270000099,0.008809998689685017,0.0,0.02637999932630919,0.2848919957614271,5534.189889998743,0.05687099837814458,32224.20188400065,0.12051329031237401,32224.081370710337,,,,,[],5534.687356281211
sweep_20260627_180326_a1a3c8cb_results.jsonl,E3U.136,E3U,success,uniform,,,10,10,20,2,null,iterative,6,2,100,10,101,0.5,-50.5,-50.5,-50.5,True,True,True,True,True,0.0,0.0,True,True,0.0,5562.210120002419,,2,4,31058.138608932495,522.5787990002573,0.00838999949337449,0.0,0.026649999199435115,0.30708099620824214,5563.962078998884,0.05868100197403692,31580.835249998927,0.11784206617448945,31580.717407932752,,,,,[],5564.4807230619335
sweep_20260627_180326_a1a3c8cb_results.jsonl,E3U.137,E3U,success,uniform,,,10,10,20,2,null,iterative,6,2,100,10,102,0.5,-50.5,-50.5,-50.5,True,True,True,True,True,0.0,0.0,True,True,0.0,5586.886854001932,,4,4,31585.195779800415,534.8732959992049,0.010209998436039314,0.0,0.02747999860730488,0.3107720003754366,5588.298671000302,0.05560000136028975,32120.20138600019,0.13231020056991838,32120.06907579962,,,,,[],5588.835043199651
sweep_20260627_180326_a1a3c8cb_results.jsonl,E3U.138,E3U,success,uniform,,,10,10,20,2,null,iterative,6,2,100,10,103,0.5,-50.5,-50.5,-50.5,True,True,True,True,True,0.0,0.0,True,True,0.0,5610.093971999959,,8,4,31514.321327209473,518.0478980000771,0.01148999945144169,0.0,0.02666000000317581,0.2878909981518518,5611.57175900189,0.05601000157184899,32032.48875099962,0.11952579006901942,32032.36922520955,,,,,[],5612.073335791138
sweep_20260627_180326_a1a3c8cb_results.jsonl,E3U.139,E3U,success,uniform,,,10,10,20,2,null,iterative,6,2,100,10,104,0.5,-50.5,-50.5,-50.5,True,True,True,True,True,0.0,0.0,True,True,0.0,5467.751434998718,,5,4,31452.476739883423,535.148057000697,0.008039998647291213,0.0,0.02581999979156535,0.2731500026129652,5469.177183000284,0.056580998716526665,31987.757443999726,0.13264711560623255,31987.62479688412,,,,,[],5469.673421115658
sweep_20260627_180326_a1a3c8cb_results.jsonl,E3U.140,E3U,success,uniform,,,10,10,20,2,null,iterative,6,2,100,10,105,0.5,-50.5,-50.5,-50.5,True,True,True,True,True,0.0,0.0,True,True,0.0,5664.106370000809,,4,4,31888.904809951782,525.0189100006537,0.011969999832217582,0.0,0.035930001104134135,0.32886000008147676,5666.437732001214,0.06084000051487237,32414.04030999911,0.11659004667308182,32413.923719952436,,,,,[],5666.991922049419
