duration_s,metrics.all_sub_qubos_feasible,metrics.annealing_energy,metrics.annealing_gap,metrics.annealing_solve_time_ms,metrics.assignments,metrics.beats_annealing,metrics.convergence_final_objective,metrics.convergence_initial_objective,metrics.convergence_iterations_to_final_tol,metrics.convergence_steps_recorded,metrics.energy,metrics.feasible,metrics.final_phi,metrics.load_imbalance,metrics.max_probability,metrics.max_subqubo_convergence_iterations_to_final_tol,metrics.num_cores,metrics.num_entities,metrics.num_feasible_sub_qubos,metrics.num_sub_qubos,metrics.num_variables,metrics.optimal,metrics.optimality_gap,metrics.output_type,metrics.pipeline,metrics.solve_time_ms,metrics.solver_backend,metrics.solver_params,repeat_count,repeat_number,run_id,scenario_file,scenario_id,scenario_name,status,sweep.case,sweep.init_beta,sweep.init_gamma,sweep.layers,sweep.learning_rate,sweep.metadata.distribution,sweep.metadata.instance,sweep.metadata.penalty_multiplier,sweep.num_processes,sweep.penalty,sweep.qubit_max,sweep.qubo.penalty,sweep.random_seed,sweep.sorting_strategy,sweep.steps,sweep.top_k,sweep.workload.weights,validation.annealing_assignments,validation.annealing_backend,validation.annealing_energy,validation.annealing_error,validation.annealing_gap,validation.annealing_is_feasible,validation.annealing_solve_time_ms,validation.beats_annealing,validation.brute_force_error,validation.candidate_assignments,validation.candidate_energy,validation.errors,validation.global_assignments,validation.global_energy,validation.is_optimal,validation.unconstrained_assignments,validation.unconstrained_energy,validation.unconstrained_is_feasible,validation.valid
2.1200761795043945,,,,,"{""1000"": 1, ""1001"": 0}",,,,,,-10.42,True,,,0.2622052758545041,,2,2,,,4,True,0.0,SchedulingOutput,default,609.683233999931,qaoa_pennylane_lightning.gpu_xy_mixer,,1,1,run_20260626_152701_7a132ebd,src/experiments/scenarios/t1_1_minimal_direct.toml,T1.1,Minimal preset direct path,success,,,,,,,,,,,,,,,,,,{},,,,,,,,,"{""1000"": 1, ""1001"": 0}",-10.42,[],"{""1000"": 1, ""1001"": 0}",-10.42,True,"{""1000"": 1, ""1001"": 0}",-10.42,True,True
0.44495558738708496,,,,,"{""1000"": 0, ""1001"": 1, ""1002"": 0}",,,,,,-15.500000000000002,True,,,0.13426479080408618,,2,3,,,6,True,0.0,SchedulingOutput,default,443.20429700019304,qaoa_pennylane_lightning.gpu_xy_mixer,,1,1,run_20260626_152701_7a132ebd,src/experiments/scenarios/t1_2_slightly_larger_direct.toml,T1.2,Three-process direct path,success,,,,,,,,,,,,,,,,,,{},,,,,,,,,"{""1000"": 0, ""1001"": 1, ""1002"": 0}",-15.500000000000002,[],"{""1000"": 1, ""1001"": 0, ""1002"": 1}",-15.500000000000002,True,"{""1000"": 1, ""1001"": 0, ""1002"": 1}",-15.500000000000002,True,True
0.6207225322723389,,,,,"{""1000"": 1, ""1001"": 1, ""1002"": 0, ""1003"": 0}",,,,,,-20.5,True,,,0.06875160686379561,,2,4,,,8,True,0.0,SchedulingOutput,default,615.9804949998033,qaoa_pennylane_lightning.gpu_xy_mixer,,1,1,run_20260626_152701_7a132ebd,src/experiments/scenarios/t1_3_direct_qubit_boundary.toml,T1.3,Direct path at qubit boundary,success,,,,,,,,,,,,,,,,,,{},,,,,,,,,"{""1000"": 1, ""1001"": 1, ""1002"": 0, ""1003"": 0}",-20.5,[],"{""1000"": 1, ""1001"": 1, ""1002"": 0, ""1003"": 0}",-20.5,True,"{""1000"": 1, ""1001"": 1, ""1002"": 0, ""1003"": 0}",-20.5,True,True
3.051896572113037,,,,,"{""1000"": 0, ""1001"": 0, ""1002"": 1, ""1003"": 1}",,,,,,-20.5,True,,,0.06264936633829869,,2,4,,,8,True,0.0,SchedulingOutput,default,1416.560837000361,qaoa_pennylane_lightning.gpu_xy_mixer,,5,1,sweep_20260626_152713_c32d7ee9,src/experiments/scenarios/research_b1_layers_sweep.toml,B1.1,QAOA depth sweep [1/7],success,,,,1,,,,,,,,,,,,,,{},,,,,,,,,"{""1000"": 0, ""1001"": 0, ""1002"": 1, ""1003"": 1}",-20.5,[],"{""1000"": 1, ""1001"": 1, ""1002"": 0, ""1003"": 0}",-20.5,True,"{""1000"": 1, ""1001"": 1, ""1002"": 0, ""1003"": 0}",-20.5,True,True
1.2883739471435547,,,,,"{""1000"": 0, ""1001"": 0, ""1002"": 1, ""1003"": 1}",,,,,,-20.5,True,,,0.06264936633829869,,2,4,,,8,True,0.0,SchedulingOutput,default,1283.5786200002985,qaoa_pennylane_lightning.gpu_xy_mixer,,5,2,sweep_20260626_152713_c32d7ee9,src/experiments/scenarios/research_b1_layers_sweep.toml,B1.1,QAOA depth sweep [1/7],success,,,,1,,,,,,,,,,,,,,{},,,,,,,,,"{""1000"": 0, ""1001"": 0, ""1002"": 1, ""1003"": 1}",-20.5,[],"{""1000"": 1, ""1001"": 1, ""1002"": 0, ""1003"": 0}",-20.5,True,"{""1000"": 1, ""1001"": 1, ""1002"": 0, ""1003"": 0}",-20.5,True,True
1.3465228080749512,,,,,"{""1000"": 0, ""1001"": 0, ""1002"": 1, ""1003"": 1}",,,,,,-20.5,True,,,0.06264936633829869,,2,4,,,8,True,0.0,SchedulingOutput,default,1341.6905409999345,qaoa_pennylane_lightning.gpu_xy_mixer,,5,3,sweep_20260626_152713_c32d7ee9,src/experiments/scenarios/research_b1_layers_sweep.toml,B1.1,QAOA depth sweep [1/7],success,,,,1,,,,,,,,,,,,,,{},,,,,,,,,"{""1000"": 0, ""1001"": 0, ""1002"": 1, ""1003"": 1}",-20.5,[],"{""1000"": 1, ""1001"": 1, ""1002"": 0, ""1003"": 0}",-20.5,True,"{""1000"": 1, ""1001"": 1, ""1002"": 0, ""1003"": 0}",-20.5,True,True
1.1293001174926758,,,,,"{""1000"": 0, ""1001"": 0, ""1002"": 1, ""1003"": 1}",,,,,,-20.5,True,,,0.06264936633829869,,2,4,,,8,True,0.0,SchedulingOutput,default,1124.5332070002405,qaoa_pennylane_lightning.gpu_xy_mixer,,5,4,sweep_20260626_152713_c32d7ee9,src/experiments/scenarios/research_b1_layers_sweep.toml,B1.1,QAOA depth sweep [1/7],success,,,,1,,,,,,,,,,,,,,{},,,,,,,,,"{""1000"": 0, ""1001"": 0, ""1002"": 1, ""1003"": 1}",-20.5,[],"{""1000"": 1, ""1001"": 1, ""1002"": 0, ""1003"": 0}",-20.5,True,"{""1000"": 1, ""1001"": 1, ""1002"": 0, ""1003"": 0}",-20.5,True,True
1.2256107330322266,,,,,"{""1000"": 0, ""1001"": 0, ""1002"": 1, ""1003"": 1}",,,,,,-20.5,True,,,0.06264936633829869,,2,4,,,8,True,0.0,SchedulingOutput,default,1220.9436540001661,qaoa_pennylane_lightning.gpu_xy_mixer,,5,5,sweep_20260626_152713_c32d7ee9,src/experiments/scenarios/research_b1_layers_sweep.toml,B1.1,QAOA depth sweep [1/7],success,,,,1,,,,,,,,,,,,,,{},,,,,,,,,"{""1000"": 0, ""1001"": 0, ""1002"": 1, ""1003"": 1}",-20.5,[],"{""1000"": 1, ""1001"": 1, ""1002"": 0, ""1003"": 0}",-20.5,True,"{""1000"": 1, ""1001"": 1, ""1002"": 0, ""1003"": 0}",-20.5,True,True
1.8812487125396729,,,,,"{""1000"": 0, ""1001"": 0, ""1002"": 1, ""1003"": 1}",,,,,,-20.5,True,,,0.06299326136562224,,2,4,,,8,True,0.0,SchedulingOutput,default,1876.1476579998089,qaoa_pennylane_lightning.gpu_xy_mixer,,5,1,sweep_20260626_152713_c32d7ee9,src/experiments/scenarios/research_b1_layers_sweep.toml,B1.2,QAOA depth sweep [2/7],success,,,,2,,,,,,,,,,,,,,{},,,,,,,,,"{""1000"": 0, ""1001"": 0, ""1002"": 1, ""1003"": 1}",-20.5,[],"{""1000"": 1, ""1001"": 1, ""1002"": 0, ""1003"": 0}",-20.5,True,"{""1000"": 1, ""1001"": 1, ""1002"": 0, ""1003"": 0}",-20.5,True,True
2.071213483810425,,,,,"{""1000"": 0, ""1001"": 0, ""1002"": 1, ""1003"": 1}",,,,,,-20.5,True,,,0.06299326136562224,,2,4,,,8,True,0.0,SchedulingOutput,default,2065.3741599999194,qaoa_pennylane_lightning.gpu_xy_mixer,,5,2,sweep_20260626_152713_c32d7ee9,src/experiments/scenarios/research_b1_layers_sweep.toml,B1.2,QAOA depth sweep [2/7],success,,,,2,,,,,,,,,,,,,,{},,,,,,,,,"{""1000"": 0, ""1001"": 0, ""1002"": 1, ""1003"": 1}",-20.5,[],"{""1000"": 1, ""1001"": 1, ""1002"": 0, ""1003"": 0}",-20.5,True,"{""1000"": 1, ""1001"": 1, ""1002"": 0, ""1003"": 0}",-20.5,True,True
1.985553503036499,,,,,"{""1000"": 0, ""1001"": 0, ""1002"": 1, ""1003"": 1}",,,,,,-20.5,True,,,0.06299326136562224,,2,4,,,8,True,0.0,SchedulingOutput,default,1980.688592000206,qaoa_pennylane_lightning.gpu_xy_mixer,,5,3,sweep_20260626_152713_c32d7ee9,src/experiments/scenarios/research_b1_layers_sweep.toml,B1.2,QAOA depth sweep [2/7],success,,,,2,,,,,,,,,,,,,,{},,,,,,,,,"{""1000"": 0, ""1001"": 0, ""1002"": 1, ""1003"": 1}",-20.5,[],"{""1000"": 1, ""1001"": 1, ""1002"": 0, ""1003"": 0}",-20.5,True,"{""1000"": 1, ""1001"": 1, ""1002"": 0, ""1003"": 0}",-20.5,True,True
1.9015491008758545,,,,,"{""1000"": 0, ""1001"": 0, ""1002"": 1, ""1003"": 1}",,,,,,-20.5,True,,,0.06299326136562224,,2,4,,,8,True,0.0,SchedulingOutput,default,1896.8165659998704,qaoa_pennylane_lightning.gpu_xy_mixer,,5,4,sweep_20260626_152713_c32d7ee9,src/experiments/scenarios/research_b1_layers_sweep.toml,B1.2,QAOA depth sweep [2/7],success,,,,2,,,,,,,,,,,,,,{},,,,,,,,,"{""1000"": 0, ""1001"": 0, ""1002"": 1, ""1003"": 1}",-20.5,[],"{""1000"": 1, ""1001"": 1, ""1002"": 0, ""1003"": 0}",-20.5,True,"{""1000"": 1, ""1001"": 1, ""1002"": 0, ""1003"": 0}",-20.5,True,True
1.8953239917755127,,,,,"{""1000"": 0, ""1001"": 0, ""1002"": 1, ""1003"": 1}",,,,,,-20.5,True,,,0.06299326136562224,,2,4,,,8,True,0.0,SchedulingOutput,default,1890.312313999857,qaoa_pennylane_lightning.gpu_xy_mixer,,5,5,sweep_20260626_152713_c32d7ee9,src/experiments/scenarios/research_b1_layers_sweep.toml,B1.2,QAOA depth sweep [2/7],success,,,,2,,,,,,,,,,,,,,{},,,,,,,,,"{""1000"": 0, ""1001"": 0, ""1002"": 1, ""1003"": 1}",-20.5,[],"{""1000"": 1, ""1001"": 1, ""1002"": 0, ""1003"": 0}",-20.5,True,"{""1000"": 1, ""1001"": 1, ""1002"": 0, ""1003"": 0}",-20.5,True,True
2.4116954803466797,,,,,"{""1000"": 0, ""1001"": 0, ""1002"": 1, ""1003"": 1}",,,,,,-20.5,True,,,0.09174186078484588,,2,4,,,8,True,0.0,SchedulingOutput,default,2406.692672999725,qaoa_pennylane_lightning.gpu_xy_mixer,,5,1,sweep_20260626_152713_c32d7ee9,src/experiments/scenarios/research_b1_layers_sweep.toml,B1.3,QAOA depth sweep [3/7],success,,,,3,,,,,,,,,,,,,,{},,,,,,,,,"{""1000"": 0, ""1001"": 0, ""1002"": 1, ""1003"": 1}",-20.5,[],"{""1000"": 1, ""1001"": 1, ""1002"": 0, ""1003"": 0}",-20.5,True,"{""1000"": 1, ""1001"": 1, ""1002"": 0, ""1003"": 0}",-20.5,True,True
2.3996353149414062,,,,,"{""1000"": 0, ""1001"": 0, ""1002"": 1, ""1003"": 1}",,,,,,-20.5,True,,,0.09174186078484588,,2,4,,,8,True,0.0,SchedulingOutput,default,2394.8604229999546,qaoa_pennylane_lightning.gpu_xy_mixer,,5,2,sweep_20260626_152713_c32d7ee9,src/experiments/scenarios/research_b1_layers_sweep.toml,B1.3,QAOA depth sweep [3/7],success,,,,3,,,,,,,,,,,,,,{},,,,,,,,,"{""1000"": 0, ""1001"": 0, ""1002"": 1, ""1003"": 1}",-20.5,[],"{""1000"": 1, ""1001"": 1, ""1002"": 0, ""1003"": 0}",-20.5,True,"{""1000"": 1, ""1001"": 1, ""1002"": 0, ""1003"": 0}",-20.5,True,True
2.4386887550354004,,,,,"{""1000"": 0, ""1001"": 0, ""1002"": 1, ""1003"": 1}",,,,,,-20.5,True,,,0.09174186078484588,,2,4,,,8,True,0.0,SchedulingOutput,default,2433.7213009998777,qaoa_pennylane_lightning.gpu_xy_mixer,,5,3,sweep_20260626_152713_c32d7ee9,src/experiments/scenarios/research_b1_layers_sweep.toml,B1.3,QAOA depth sweep [3/7],success,,,,3,,,,,,,,,,,,,,{},,,,,,,,,"{""1000"": 0, ""1001"": 0, ""1002"": 1, ""1003"": 1}",-20.5,[],"{""1000"": 1, ""1001"": 1, ""1002"": 0, ""1003"": 0}",-20.5,True,"{""1000"": 1, ""1001"": 1, ""1002"": 0, ""1003"": 0}",-20.5,True,True
2.5145931243896484,,,,,"{""1000"": 0, ""1001"": 0, ""1002"": 1, ""1003"": 1}",,,,,,-20.5,True,,,0.09174186078484588,,2,4,,,8,True,0.0,SchedulingOutput,default,2509.9323419999564,qaoa_pennylane_lightning.gpu_xy_mixer,,5,4,sweep_20260626_152713_c32d7ee9,src/experiments/scenarios/research_b1_layers_sweep.toml,B1.3,QAOA depth sweep [3/7],success,,,,3,,,,,,,,,,,,,,{},,,,,,,,,"{""1000"": 0, ""1001"": 0, ""1002"": 1, ""1003"": 1}",-20.5,[],"{""1000"": 1, ""1001"": 1, ""1002"": 0, ""1003"": 0}",-20.5,True,"{""1000"": 1, ""1001"": 1, ""1002"": 0, ""1003"": 0}",-20.5,True,True
2.6063644886016846,,,,,"{""1000"": 0, ""1001"": 0, ""1002"": 1, ""1003"": 1}",,,,,,-20.5,True,,,0.09174186078484588,,2,4,,,8,True,0.0,SchedulingOutput,default,2600.976171000184,qaoa_pennylane_lightning.gpu_xy_mixer,,5,5,sweep_20260626_152713_c32d7ee9,src/experiments/scenarios/research_b1_layers_sweep.toml,B1.3,QAOA depth sweep [3/7],success,,,,3,,,,,,,,,,,,,,{},,,,,,,,,"{""1000"": 0, ""1001"": 0, ""1002"": 1, ""1003"": 1}",-20.5,[],"{""1000"": 1, ""1001"": 1, ""1002"": 0, ""1003"": 0}",-20.5,True,"{""1000"": 1, ""1001"": 1, ""1002"": 0, ""1003"": 0}",-20.5,True,True
3.236542224884033,,,,,"{""1000"": 1, ""1001"": 1, ""1002"": 0, ""1003"": 0}",,,,,,-20.5,True,,,0.08966307829419887,,2,4,,,8,True,0.0,SchedulingOutput,default,3231.3417640002626,qaoa_pennylane_lightning.gpu_xy_mixer,,5,1,sweep_20260626_152713_c32d7ee9,src/experiments/scenarios/research_b1_layers_sweep.toml,B1.4,QAOA depth sweep [4/7],success,,,,4,,,,,,,,,,,,,,{},,,,,,,,,"{""1000"": 1, ""1001"": 1, ""1002"": 0, ""1003"": 0}",-20.5,[],"{""1000"": 1, ""1001"": 1, ""1002"": 0, ""1003"": 0}",-20.5,True,"{""1000"": 1, ""1001"": 1, ""1002"": 0, ""1003"": 0}",-20.5,True,True
3.219857931137085,,,,,"{""1000"": 1, ""1001"": 1, ""1002"": 0, ""1003"": 0}",,,,,,-20.5,True,,,0.08966307829419887,,2,4,,,8,True,0.0,SchedulingOutput,default,3214.6998879998137,qaoa_pennylane_lightning.gpu_xy_mixer,,5,2,sweep_20260626_152713_c32d7ee9,src/experiments/scenarios/research_b1_layers_sweep.toml,B1.4,QAOA depth sweep [4/7],success,,,,4,,,,,,,,,,,,,,{},,,,,,,,,"{""1000"": 1, ""1001"": 1, ""1002"": 0, ""1003"": 0}",-20.5,[],"{""1000"": 1, ""1001"": 1, ""1002"": 0, ""1003"": 0}",-20.5,True,"{""1000"": 1, ""1001"": 1, ""1002"": 0, ""1003"": 0}",-20.5,True,True
3.2278974056243896,,,,,"{""1000"": 1, ""1001"": 1, ""1002"": 0, ""1003"": 0}",,,,,,-20.5,True,,,0.08966307829419887,,2,4,,,8,True,0.0,SchedulingOutput,default,3223.167526999987,qaoa_pennylane_lightning.gpu_xy_mixer,,5,3,sweep_20260626_152713_c32d7ee9,src/experiments/scenarios/research_b1_layers_sweep.toml,B1.4,QAOA depth sweep [4/7],success,,,,4,,,,,,,,,,,,,,{},,,,,,,,,"{""1000"": 1, ""1001"": 1, ""1002"": 0, ""1003"": 0}",-20.5,[],"{""1000"": 1, ""1001"": 1, ""1002"": 0, ""1003"": 0}",-20.5,True,"{""1000"": 1, ""1001"": 1, ""1002"": 0, ""1003"": 0}",-20.5,True,True
3.10282564163208,,,,,"{""1000"": 1, ""1001"": 1, ""1002"": 0, ""1003"": 0}",,,,,,-20.5,True,,,0.08966307829419887,,2,4,,,8,True,0.0,SchedulingOutput,default,3098.1690760004312,qaoa_pennylane_lightning.gpu_xy_mixer,,5,4,sweep_20260626_152713_c32d7ee9,src/experiments/scenarios/research_b1_layers_sweep.toml,B1.4,QAOA depth sweep [4/7],success,,,,4,,,,,,,,,,,,,,{},,,,,,,,,"{""1000"": 1, ""1001"": 1, ""1002"": 0, ""1003"": 0}",-20.5,[],"{""1000"": 1, ""1001"": 1, ""1002"": 0, ""1003"": 0}",-20.5,True,"{""1000"": 1, ""1001"": 1, ""1002"": 0, ""1003"": 0}",-20.5,True,True
3.08541202545166,,,,,"{""1000"": 1, ""1001"": 1, ""1002"": 0, ""1003"": 0}",,,,,,-20.5,True,,,0.08966307829419887,,2,4,,,8,True,0.0,SchedulingOutput,default,3080.6115679997674,qaoa_pennylane_lightning.gpu_xy_mixer,,5,5,sweep_20260626_152713_c32d7ee9,src/experiments/scenarios/research_b1_layers_sweep.toml,B1.4,QAOA depth sweep [4/7],success,,,,4,,,,,,,,,,,,,,{},,,,,,,,,"{""1000"": 1, ""1001"": 1, ""1002"": 0, ""1003"": 0}",-20.5,[],"{""1000"": 1, ""1001"": 1, ""1002"": 0, ""1003"": 0}",-20.5,True,"{""1000"": 1, ""1001"": 1, ""1002"": 0, ""1003"": 0}",-20.5,True,True
3.7722127437591553,,,,,"{""1000"": 1, ""1001"": 1, ""1002"": 0, ""1003"": 0}",,,,,,-20.5,True,,,0.10998112222687682,,2,4,,,8,True,0.0,SchedulingOutput,default,3767.294154999945,qaoa_pennylane_lightning.gpu_xy_mixer,,5,1,sweep_20260626_152713_c32d7ee9,src/experiments/scenarios/research_b1_layers_sweep.toml,B1.5,QAOA depth sweep [5/7],success,,,,5,,,,,,,,,,,,,,{},,,,,,,,,"{""1000"": 1, ""1001"": 1, ""1002"": 0, ""1003"": 0}",-20.5,[],"{""1000"": 1, ""1001"": 1, ""1002"": 0, ""1003"": 0}",-20.5,True,"{""1000"": 1, ""1001"": 1, ""1002"": 0, ""1003"": 0}",-20.5,True,True
3.7908926010131836,,,,,"{""1000"": 1, ""1001"": 1, ""1002"": 0, ""1003"": 0}",,,,,,-20.5,True,,,0.10998112222687682,,2,4,,,8,True,0.0,SchedulingOutput,default,3786.189827999806,qaoa_pennylane_lightning.gpu_xy_mixer,,5,2,sweep_20260626_152713_c32d7ee9,src/experiments/scenarios/research_b1_layers_sweep.toml,B1.5,QAOA depth sweep [5/7],success,,,,5,,,,,,,,,,,,,,{},,,,,,,,,"{""1000"": 1, ""1001"": 1, ""1002"": 0, ""1003"": 0}",-20.5,[],"{""1000"": 1, ""1001"": 1, ""1002"": 0, ""1003"": 0}",-20.5,True,"{""1000"": 1, ""1001"": 1, ""1002"": 0, ""1003"": 0}",-20.5,True,True
3.7504820823669434,,,,,"{""1000"": 1, ""1001"": 1, ""1002"": 0, ""1003"": 0}",,,,,,-20.5,True,,,0.10998112222687682,,2,4,,,8,True,0.0,SchedulingOutput,default,3745.4766840000957,qaoa_pennylane_lightning.gpu_xy_mixer,,5,3,sweep_20260626_152713_c32d7ee9,src/experiments/scenarios/research_b1_layers_sweep.toml,B1.5,QAOA depth sweep [5/7],success,,,,5,,,,,,,,,,,,,,{},,,,,,,,,"{""1000"": 1, ""1001"": 1, ""1002"": 0, ""1003"": 0}",-20.5,[],"{""1000"": 1, ""1001"": 1, ""1002"": 0, ""1003"": 0}",-20.5,True,"{""1000"": 1, ""1001"": 1, ""1002"": 0, ""1003"": 0}",-20.5,True,True
3.783729076385498,,,,,"{""1000"": 1, ""1001"": 1, ""1002"": 0, ""1003"": 0}",,,,,,-20.5,True,,,0.10998112222687682,,2,4,,,8,True,0.0,SchedulingOutput,default,3778.861913000128,qaoa_pennylane_lightning.gpu_xy_mixer,,5,4,sweep_20260626_152713_c32d7ee9,src/experiments/scenarios/research_b1_layers_sweep.toml,B1.5,QAOA depth sweep [5/7],success,,,,5,,,,,,,,,,,,,,{},,,,,,,,,"{""1000"": 1, ""1001"": 1, ""1002"": 0, ""1003"": 0}",-20.5,[],"{""1000"": 1, ""1001"": 1, ""1002"": 0, ""1003"": 0}",-20.5,True,"{""1000"": 1, ""1001"": 1, ""1002"": 0, ""1003"": 0}",-20.5,True,True
3.725958824157715,,,,,"{""1000"": 1, ""1001"": 1, ""1002"": 0, ""1003"": 0}",,,,,,-20.5,True,,,0.10998112222687682,,2,4,,,8,True,0.0,SchedulingOutput,default,3719.638049000423,qaoa_pennylane_lightning.gpu_xy_mixer,,5,5,sweep_20260626_152713_c32d7ee9,src/experiments/scenarios/research_b1_layers_sweep.toml,B1.5,QAOA depth sweep [5/7],success,,,,5,,,,,,,,,,,,,,{},,,,,,,,,"{""1000"": 1, ""1001"": 1, ""1002"": 0, ""1003"": 0}",-20.5,[],"{""1000"": 1, ""1001"": 1, ""1002"": 0, ""1003"": 0}",-20.5,True,"{""1000"": 1, ""1001"": 1, ""1002"": 0, ""1003"": 0}",-20.5,True,True
4.534608364105225,,,,,"{""1000"": 0, ""1001"": 0, ""1002"": 1, ""1003"": 1}",,,,,,-20.5,True,,,0.09372489570877728,,2,4,,,8,True,0.0,SchedulingOutput,default,4529.940902999897,qaoa_pennylane_lightning.gpu_xy_mixer,,5,1,sweep_20260626_152713_c32d7ee9,src/experiments/scenarios/research_b1_layers_sweep.toml,B1.6,QAOA depth sweep [6/7],success,,,,6,,,,,,,,,,,,,,{},,,,,,,,,"{""1000"": 0, ""1001"": 0, ""1002"": 1, ""1003"": 1}",-20.5,[],"{""1000"": 1, ""1001"": 1, ""1002"": 0, ""1003"": 0}",-20.5,True,"{""1000"": 1, ""1001"": 1, ""1002"": 0, ""1003"": 0}",-20.5,True,True
4.453856706619263,,,,,"{""1000"": 0, ""1001"": 0, ""1002"": 1, ""1003"": 1}",,,,,,-20.5,True,,,0.09372489570877728,,2,4,,,8,True,0.0,SchedulingOutput,default,4448.90816599991,qaoa_pennylane_lightning.gpu_xy_mixer,,5,2,sweep_20260626_152713_c32d7ee9,src/experiments/scenarios/research_b1_layers_sweep.toml,B1.6,QAOA depth sweep [6/7],success,,,,6,,,,,,,,,,,,,,{},,,,,,,,,"{""1000"": 0, ""1001"": 0, ""1002"": 1, ""1003"": 1}",-20.5,[],"{""1000"": 1, ""1001"": 1, ""1002"": 0, ""1003"": 0}",-20.5,True,"{""1000"": 1, ""1001"": 1, ""1002"": 0, ""1003"": 0}",-20.5,True,True
4.338769435882568,,,,,"{""1000"": 0, ""1001"": 0, ""1002"": 1, ""1003"": 1}",,,,,,-20.5,True,,,0.09372489570877728,,2,4,,,8,True,0.0,SchedulingOutput,default,4333.672707999995,qaoa_pennylane_lightning.gpu_xy_mixer,,5,3,sweep_20260626_152713_c32d7ee9,src/experiments/scenarios/research_b1_layers_sweep.toml,B1.6,QAOA depth sweep [6/7],success,,,,6,,,,,,,,,,,,,,{},,,,,,,,,"{""1000"": 0, ""1001"": 0, ""1002"": 1, ""1003"": 1}",-20.5,[],"{""1000"": 1, ""1001"": 1, ""1002"": 0, ""1003"": 0}",-20.5,True,"{""1000"": 1, ""1001"": 1, ""1002"": 0, ""1003"": 0}",-20.5,True,True
4.3988401889801025,,,,,"{""1000"": 0, ""1001"": 0, ""1002"": 1, ""1003"": 1}",,,,,,-20.5,True,,,0.09372489570877728,,2,4,,,8,True,0.0,SchedulingOutput,default,4394.149997000113,qaoa_pennylane_lightning.gpu_xy_mixer,,5,4,sweep_20260626_152713_c32d7ee9,src/experiments/scenarios/research_b1_layers_sweep.toml,B1.6,QAOA depth sweep [6/7],success,,,,6,,,,,,,,,,,,,,{},,,,,,,,,"{""1000"": 0, ""1001"": 0, ""1002"": 1, ""1003"": 1}",-20.5,[],"{""1000"": 1, ""1001"": 1, ""1002"": 0, ""1003"": 0}",-20.5,True,"{""1000"": 1, ""1001"": 1, ""1002"": 0, ""1003"": 0}",-20.5,True,True
4.255873918533325,,,,,"{""1000"": 0, ""1001"": 0, ""1002"": 1, ""1003"": 1}",,,,,,-20.5,True,,,0.09372489570877728,,2,4,,,8,True,0.0,SchedulingOutput,default,4251.127847000134,qaoa_pennylane_lightning.gpu_xy_mixer,,5,5,sweep_20260626_152713_c32d7ee9,src/experiments/scenarios/research_b1_layers_sweep.toml,B1.6,QAOA depth sweep [6/7],success,,,,6,,,,,,,,,,,,,,{},,,,,,,,,"{""1000"": 0, ""1001"": 0, ""1002"": 1, ""1003"": 1}",-20.5,[],"{""1000"": 1, ""1001"": 1, ""1002"": 0, ""1003"": 0}",-20.5,True,"{""1000"": 1, ""1001"": 1, ""1002"": 0, ""1003"": 0}",-20.5,True,True
5.082884073257446,,,,,"{""1000"": 1, ""1001"": 1, ""1002"": 0, ""1003"": 0}",,,,,,-20.5,True,,,0.10226474675123358,,2,4,,,8,True,0.0,SchedulingOutput,default,5078.167944999677,qaoa_pennylane_lightning.gpu_xy_mixer,,5,1,sweep_20260626_152713_c32d7ee9,src/experiments/scenarios/research_b1_layers_sweep.toml,B1.7,QAOA depth sweep [7/7],success,,,,7,,,,,,,,,,,,,,{},,,,,,,,,"{""1000"": 1, ""1001"": 1, ""1002"": 0, ""1003"": 0}",-20.5,[],"{""1000"": 1, ""1001"": 1, ""1002"": 0, ""1003"": 0}",-20.5,True,"{""1000"": 1, ""1001"": 1, ""1002"": 0, ""1003"": 0}",-20.5,True,True
5.157342910766602,,,,,"{""1000"": 1, ""1001"": 1, ""1002"": 0, ""1003"": 0}",,,,,,-20.5,True,,,0.10226474675123358,,2,4,,,8,True,0.0,SchedulingOutput,default,5152.383708999878,qaoa_pennylane_lightning.gpu_xy_mixer,,5,2,sweep_20260626_152713_c32d7ee9,src/experiments/scenarios/research_b1_layers_sweep.toml,B1.7,QAOA depth sweep [7/7],success,,,,7,,,,,,,,,,,,,,{},,,,,,,,,"{""1000"": 1, ""1001"": 1, ""1002"": 0, ""1003"": 0}",-20.5,[],"{""1000"": 1, ""1001"": 1, ""1002"": 0, ""1003"": 0}",-20.5,True,"{""1000"": 1, ""1001"": 1, ""1002"": 0, ""1003"": 0}",-20.5,True,True
5.029078722000122,,,,,"{""1000"": 1, ""1001"": 1, ""1002"": 0, ""1003"": 0}",,,,,,-20.5,True,,,0.10226474675123358,,2,4,,,8,True,0.0,SchedulingOutput,default,5024.135123999713,qaoa_pennylane_lightning.gpu_xy_mixer,,5,3,sweep_20260626_152713_c32d7ee9,src/experiments/scenarios/research_b1_layers_sweep.toml,B1.7,QAOA depth sweep [7/7],success,,,,7,,,,,,,,,,,,,,{},,,,,,,,,"{""1000"": 1, ""1001"": 1, ""1002"": 0, ""1003"": 0}",-20.5,[],"{""1000"": 1, ""1001"": 1, ""1002"": 0, ""1003"": 0}",-20.5,True,"{""1000"": 1, ""1001"": 1, ""1002"": 0, ""1003"": 0}",-20.5,True,True
5.270889759063721,,,,,"{""1000"": 1, ""1001"": 1, ""1002"": 0, ""1003"": 0}",,,,,,-20.5,True,,,0.10226474675123358,,2,4,,,8,True,0.0,SchedulingOutput,default,5265.827011000056,qaoa_pennylane_lightning.gpu_xy_mixer,,5,4,sweep_20260626_152713_c32d7ee9,src/experiments/scenarios/research_b1_layers_sweep.toml,B1.7,QAOA depth sweep [7/7],success,,,,7,,,,,,,,,,,,,,{},,,,,,,,,"{""1000"": 1, ""1001"": 1, ""1002"": 0, ""1003"": 0}",-20.5,[],"{""1000"": 1, ""1001"": 1, ""1002"": 0, ""1003"": 0}",-20.5,True,"{""1000"": 1, ""1001"": 1, ""1002"": 0, ""1003"": 0}",-20.5,True,True
5.038914918899536,,,,,"{""1000"": 1, ""1001"": 1, ""1002"": 0, ""1003"": 0}",,,,,,-20.5,True,,,0.10226474675123358,,2,4,,,8,True,0.0,SchedulingOutput,default,5033.938594000119,qaoa_pennylane_lightning.gpu_xy_mixer,,5,5,sweep_20260626_152713_c32d7ee9,src/experiments/scenarios/research_b1_layers_sweep.toml,B1.7,QAOA depth sweep [7/7],success,,,,7,,,,,,,,,,,,,,{},,,,,,,,,"{""1000"": 1, ""1001"": 1, ""1002"": 0, ""1003"": 0}",-20.5,[],"{""1000"": 1, ""1001"": 1, ""1002"": 0, ""1003"": 0}",-20.5,True,"{""1000"": 1, ""1001"": 1, ""1002"": 0, ""1003"": 0}",-20.5,True,True
4.069782257080078,,,,,"{""1000"": 0, ""1001"": 0, ""1002"": 1, ""1003"": 1}",,,,,,-0.85,True,,,0.05522753914626644,,2,4,,,8,True,0.0,SchedulingOutput,default,2470.648584999708,qaoa_pennylane_lightning.gpu_x_mixer,,5,1,sweep_20260626_152916_694c56fc,src/experiments/scenarios/research_c1_penalty_x_sweep.toml,C1.1,Penalty sensitivity with X mixer [1/5],success,,,,,,,,,,0.0875,,,,,,,,{},,,,,,,,,"{""1000"": 0, ""1001"": 0, ""1002"": 1, ""1003"": 1}",-0.85,[],"{""1000"": 1, ""1001"": 1, ""1002"": 0, ""1003"": 0}",-0.85,True,"{""1000"": 1, ""1001"": 1, ""1002"": 0, ""1003"": 0}",-0.85,True,True
2.1814584732055664,,,,,"{""1000"": 0, ""1001"": 0, ""1002"": 1, ""1003"": 1}",,,,,,-0.85,True,,,0.05522753914626644,,2,4,,,8,True,0.0,SchedulingOutput,default,2176.6466929998387,qaoa_pennylane_lightning.gpu_x_mixer,,5,2,sweep_20260626_152916_694c56fc,src/experiments/scenarios/research_c1_penalty_x_sweep.toml,C1.1,Penalty sensitivity with X mixer [1/5],success,,,,,,,,,,0.0875,,,,,,,,{},,,,,,,,,"{""1000"": 0, ""1001"": 0, ""1002"": 1, ""1003"": 1}",-0.85,[],"{""1000"": 1, ""1001"": 1, ""1002"": 0, ""1003"": 0}",-0.85,True,"{""1000"": 1, ""1001"": 1, ""1002"": 0, ""1003"": 0}",-0.85,True,True
2.2420616149902344,,,,,"{""1000"": 0, ""1001"": 0, ""1002"": 1, ""1003"": 1}",,,,,,-0.85,True,,,0.05522753914626644,,2,4,,,8,True,0.0,SchedulingOutput,default,2237.130392999916,qaoa_pennylane_lightning.gpu_x_mixer,,5,3,sweep_20260626_152916_694c56fc,src/experiments/scenarios/research_c1_penalty_x_sweep.toml,C1.1,Penalty sensitivity with X mixer [1/5],success,,,,,,,,,,0.0875,,,,,,,,{},,,,,,,,,"{""1000"": 0, ""1001"": 0, ""1002"": 1, ""1003"": 1}",-0.85,[],"{""1000"": 1, ""1001"": 1, ""1002"": 0, ""1003"": 0}",-0.85,True,"{""1000"": 1, ""1001"": 1, ""1002"": 0, ""1003"": 0}",-0.85,True,True
2.2251393795013428,,,,,"{""1000"": 0, ""1001"": 0, ""1002"": 1, ""1003"": 1}",,,,,,-0.85,True,,,0.05522753914626644,,2,4,,,8,True,0.0,SchedulingOutput,default,2220.3261569998176,qaoa_pennylane_lightning.gpu_x_mixer,,5,4,sweep_20260626_152916_694c56fc,src/experiments/scenarios/research_c1_penalty_x_sweep.toml,C1.1,Penalty sensitivity with X mixer [1/5],success,,,,,,,,,,0.0875,,,,,,,,{},,,,,,,,,"{""1000"": 0, ""1001"": 0, ""1002"": 1, ""1003"": 1}",-0.85,[],"{""1000"": 1, ""1001"": 1, ""1002"": 0, ""1003"": 0}",-0.85,True,"{""1000"": 1, ""1001"": 1, ""1002"": 0, ""1003"": 0}",-0.85,True,True
2.2592570781707764,,,,,"{""1000"": 0, ""1001"": 0, ""1002"": 1, ""1003"": 1}",,,,,,-0.85,True,,,0.05522753914626644,,2,4,,,8,True,0.0,SchedulingOutput,default,2254.471229000046,qaoa_pennylane_lightning.gpu_x_mixer,,5,5,sweep_20260626_152916_694c56fc,src/experiments/scenarios/research_c1_penalty_x_sweep.toml,C1.1,Penalty sensitivity with X mixer [1/5],success,,,,,,,,,,0.0875,,,,,,,,{},,,,,,,,,"{""1000"": 0, ""1001"": 0, ""1002"": 1, ""1003"": 1}",-0.85,[],"{""1000"": 1, ""1001"": 1, ""1002"": 0, ""1003"": 0}",-0.85,True,"{""1000"": 1, ""1001"": 1, ""1002"": 0, ""1003"": 0}",-0.85,True,True
2.3018486499786377,,,,,"{""1000"": 0, ""1001"": 0, ""1002"": 1, ""1003"": 1}",,,,,,-1.2,True,,,0.08710778525470467,,2,4,,,8,True,0.0,SchedulingOutput,default,2296.956010000031,qaoa_pennylane_lightning.gpu_x_mixer,,5,1,sweep_20260626_152916_694c56fc,src/experiments/scenarios/research_c1_penalty_x_sweep.toml,C1.2,Penalty sensitivity with X mixer [2/5],success,,,,,,,,,,0.175,,,,,,,,{},,,,,,,,,"{""1000"": 0, ""1001"": 0, ""1002"": 1, ""1003"": 1}",-1.2,[],"{""1000"": 1, ""1001"": 1, ""1002"": 0, ""1003"": 0}",-1.2,True,"{""1000"": 1, ""1001"": 1, ""1002"": 0, ""1003"": 0}",-1.2,True,True
2.2851083278656006,,,,,"{""1000"": 0, ""1001"": 0, ""1002"": 1, ""1003"": 1}",,,,,,-1.2,True,,,0.08710778525470467,,2,4,,,8,True,0.0,SchedulingOutput,default,2280.2896950001923,qaoa_pennylane_lightning.gpu_x_mixer,,5,2,sweep_20260626_152916_694c56fc,src/experiments/scenarios/research_c1_penalty_x_sweep.toml,C1.2,Penalty sensitivity with X mixer [2/5],success,,,,,,,,,,0.175,,,,,,,,{},,,,,,,,,"{""1000"": 0, ""1001"": 0, ""1002"": 1, ""1003"": 1}",-1.2,[],"{""1000"": 1, ""1001"": 1, ""1002"": 0, ""1003"": 0}",-1.2,True,"{""1000"": 1, ""1001"": 1, ""1002"": 0, ""1003"": 0}",-1.2,True,True
2.1704022884368896,,,,,"{""1000"": 0, ""1001"": 0, ""1002"": 1, ""1003"": 1}",,,,,,-1.2,True,,,0.08710778525470467,,2,4,,,8,True,0.0,SchedulingOutput,default,2165.1524450003308,qaoa_pennylane_lightning.gpu_x_mixer,,5,3,sweep_20260626_152916_694c56fc,src/experiments/scenarios/research_c1_penalty_x_sweep.toml,C1.2,Penalty sensitivity with X mixer [2/5],success,,,,,,,,,,0.175,,,,,,,,{},,,,,,,,,"{""1000"": 0, ""1001"": 0, ""1002"": 1, ""1003"": 1}",-1.2,[],"{""1000"": 1, ""1001"": 1, ""1002"": 0, ""1003"": 0}",-1.2,True,"{""1000"": 1, ""1001"": 1, ""1002"": 0, ""1003"": 0}",-1.2,True,True
2.3381741046905518,,,,,"{""1000"": 0, ""1001"": 0, ""1002"": 1, ""1003"": 1}",,,,,,-1.2,True,,,0.08710778525470467,,2,4,,,8,True,0.0,SchedulingOutput,default,2332.961738999984,qaoa_pennylane_lightning.gpu_x_mixer,,5,4,sweep_20260626_152916_694c56fc,src/experiments/scenarios/research_c1_penalty_x_sweep.toml,C1.2,Penalty sensitivity with X mixer [2/5],success,,,,,,,,,,0.175,,,,,,,,{},,,,,,,,,"{""1000"": 0, ""1001"": 0, ""1002"": 1, ""1003"": 1}",-1.2,[],"{""1000"": 1, ""1001"": 1, ""1002"": 0, ""1003"": 0}",-1.2,True,"{""1000"": 1, ""1001"": 1, ""1002"": 0, ""1003"": 0}",-1.2,True,True
2.1928677558898926,,,,,"{""1000"": 0, ""1001"": 0, ""1002"": 1, ""1003"": 1}",,,,,,-1.2,True,,,0.08710778525470467,,2,4,,,8,True,0.0,SchedulingOutput,default,2187.97024999958,qaoa_pennylane_lightning.gpu_x_mixer,,5,5,sweep_20260626_152916_694c56fc,src/experiments/scenarios/research_c1_penalty_x_sweep.toml,C1.2,Penalty sensitivity with X mixer [2/5],success,,,,,,,,,,0.175,,,,,,,,{},,,,,,,,,"{""1000"": 0, ""1001"": 0, ""1002"": 1, ""1003"": 1}",-1.2,[],"{""1000"": 1, ""1001"": 1, ""1002"": 0, ""1003"": 0}",-1.2,True,"{""1000"": 1, ""1001"": 1, ""1002"": 0, ""1003"": 0}",-1.2,True,True
2.2532958984375,,,,,"{""1000"": 0, ""1001"": 0, ""1002"": 1, ""1003"": 1}",,,,,,-1.9,True,,,0.08940982622022631,,2,4,,,8,True,0.0,SchedulingOutput,default,2248.380179999913,qaoa_pennylane_lightning.gpu_x_mixer,,5,1,sweep_20260626_152916_694c56fc,src/experiments/scenarios/research_c1_penalty_x_sweep.toml,C1.3,Penalty sensitivity with X mixer [3/5],success,,,,,,,,,,0.35,,,,,,,,{},,,,,,,,,"{""1000"": 0, ""1001"": 0, ""1002"": 1, ""1003"": 1}",-1.9,[],"{""1000"": 1, ""1001"": 1, ""1002"": 0, ""1003"": 0}",-1.9,True,"{""1000"": 1, ""1001"": 1, ""1002"": 0, ""1003"": 0}",-1.9,True,True
2.201462984085083,,,,,"{""1000"": 0, ""1001"": 0, ""1002"": 1, ""1003"": 1}",,,,,,-1.9,True,,,0.08940982622022631,,2,4,,,8,True,0.0,SchedulingOutput,default,2196.7678299997715,qaoa_pennylane_lightning.gpu_x_mixer,,5,2,sweep_20260626_152916_694c56fc,src/experiments/scenarios/research_c1_penalty_x_sweep.toml,C1.3,Penalty sensitivity with X mixer [3/5],success,,,,,,,,,,0.35,,,,,,,,{},,,,,,,,,"{""1000"": 0, ""1001"": 0, ""1002"": 1, ""1003"": 1}",-1.9,[],"{""1000"": 1, ""1001"": 1, ""1002"": 0, ""1003"": 0}",-1.9,True,"{""1000"": 1, ""1001"": 1, ""1002"": 0, ""1003"": 0}",-1.9,True,True
2.3060874938964844,,,,,"{""1000"": 0, ""1001"": 0, ""1002"": 1, ""1003"": 1}",,,,,,-1.9,True,,,0.08940982622022631,,2,4,,,8,True,0.0,SchedulingOutput,default,2301.3534040001105,qaoa_pennylane_lightning.gpu_x_mixer,,5,3,sweep_20260626_152916_694c56fc,src/experiments/scenarios/research_c1_penalty_x_sweep.toml,C1.3,Penalty sensitivity with X mixer [3/5],success,,,,,,,,,,0.35,,,,,,,,{},,,,,,,,,"{""1000"": 0, ""1001"": 0, ""1002"": 1, ""1003"": 1}",-1.9,[],"{""1000"": 1, ""1001"": 1, ""1002"": 0, ""1003"": 0}",-1.9,True,"{""1000"": 1, ""1001"": 1, ""1002"": 0, ""1003"": 0}",-1.9,True,True
2.3792645931243896,,,,,"{""1000"": 0, ""1001"": 0, ""1002"": 1, ""1003"": 1}",,,,,,-1.9,True,,,0.08940982622022631,,2,4,,,8,True,0.0,SchedulingOutput,default,2374.4305660002283,qaoa_pennylane_lightning.gpu_x_mixer,,5,4,sweep_20260626_152916_694c56fc,src/experiments/scenarios/research_c1_penalty_x_sweep.toml,C1.3,Penalty sensitivity with X mixer [3/5],success,,,,,,,,,,0.35,,,,,,,,{},,,,,,,,,"{""1000"": 0, ""1001"": 0, ""1002"": 1, ""1003"": 1}",-1.9,[],"{""1000"": 1, ""1001"": 1, ""1002"": 0, ""1003"": 0}",-1.9,True,"{""1000"": 1, ""1001"": 1, ""1002"": 0, ""1003"": 0}",-1.9,True,True
2.2925267219543457,,,,,"{""1000"": 0, ""1001"": 0, ""1002"": 1, ""1003"": 1}",,,,,,-1.9,True,,,0.08940982622022631,,2,4,,,8,True,0.0,SchedulingOutput,default,2287.5997189999,qaoa_pennylane_lightning.gpu_x_mixer,,5,5,sweep_20260626_152916_694c56fc,src/experiments/scenarios/research_c1_penalty_x_sweep.toml,C1.3,Penalty sensitivity with X mixer [3/5],success,,,,,,,,,,0.35,,,,,,,,{},,,,,,,,,"{""1000"": 0, ""1001"": 0, ""1002"": 1, ""1003"": 1}",-1.9,[],"{""1000"": 1, ""1001"": 1, ""1002"": 0, ""1003"": 0}",-1.9,True,"{""1000"": 1, ""1001"": 1, ""1002"": 0, ""1003"": 0}",-1.9,True,True
2.3263227939605713,,,,,"{""1000"": 1, ""1001"": 1, ""1002"": 0, ""1003"": 0}",,,,,,-3.3,True,,,0.0812126726496711,,2,4,,,8,True,0.0,SchedulingOutput,default,2321.4473709999766,qaoa_pennylane_lightning.gpu_x_mixer,,5,1,sweep_20260626_152916_694c56fc,src/experiments/scenarios/research_c1_penalty_x_sweep.toml,C1.4,Penalty sensitivity with X mixer [4/5],success,,,,,,,,,,0.7,,,,,,,,{},,,,,,,,,"{""1000"": 1, ""1001"": 1, ""1002"": 0, ""1003"": 0}",-3.3,[],"{""1000"": 1, ""1001"": 1, ""1002"": 0, ""1003"": 0}",-3.3,True,"{""1000"": 1, ""1001"": 1, ""1002"": 0, ""1003"": 0}",-3.3,True,True
2.3304638862609863,,,,,"{""1000"": 1, ""1001"": 1, ""1002"": 0, ""1003"": 0}",,,,,,-3.3,True,,,0.0812126726496711,,2,4,,,8,True,0.0,SchedulingOutput,default,2325.622535000093,qaoa_pennylane_lightning.gpu_x_mixer,,5,2,sweep_20260626_152916_694c56fc,src/experiments/scenarios/research_c1_penalty_x_sweep.toml,C1.4,Penalty sensitivity with X mixer [4/5],success,,,,,,,,,,0.7,,,,,,,,{},,,,,,,,,"{""1000"": 1, ""1001"": 1, ""1002"": 0, ""1003"": 0}",-3.3,[],"{""1000"": 1, ""1001"": 1, ""1002"": 0, ""1003"": 0}",-3.3,True,"{""1000"": 1, ""1001"": 1, ""1002"": 0, ""1003"": 0}",-3.3,True,True
2.3681347370147705,,,,,"{""1000"": 1, ""1001"": 1, ""1002"": 0, ""1003"": 0}",,,,,,-3.3,True,,,0.0812126726496711,,2,4,,,8,True,0.0,SchedulingOutput,default,2363.094157999967,qaoa_pennylane_lightning.gpu_x_mixer,,5,3,sweep_20260626_152916_694c56fc,src/experiments/scenarios/research_c1_penalty_x_sweep.toml,C1.4,Penalty sensitivity with X mixer [4/5],success,,,,,,,,,,0.7,,,,,,,,{},,,,,,,,,"{""1000"": 1, ""1001"": 1, ""1002"": 0, ""1003"": 0}",-3.3,[],"{""1000"": 1, ""1001"": 1, ""1002"": 0, ""1003"": 0}",-3.3,True,"{""1000"": 1, ""1001"": 1, ""1002"": 0, ""1003"": 0}",-3.3,True,True
2.2819101810455322,,,,,"{""1000"": 1, ""1001"": 1, ""1002"": 0, ""1003"": 0}",,,,,,-3.3,True,,,0.0812126726496711,,2,4,,,8,True,0.0,SchedulingOutput,default,2277.106885000194,qaoa_pennylane_lightning.gpu_x_mixer,,5,4,sweep_20260626_152916_694c56fc,src/experiments/scenarios/research_c1_penalty_x_sweep.toml,C1.4,Penalty sensitivity with X mixer [4/5],success,,,,,,,,,,0.7,,,,,,,,{},,,,,,,,,"{""1000"": 1, ""1001"": 1, ""1002"": 0, ""1003"": 0}",-3.3,[],"{""1000"": 1, ""1001"": 1, ""1002"": 0, ""1003"": 0}",-3.3,True,"{""1000"": 1, ""1001"": 1, ""1002"": 0, ""1003"": 0}",-3.3,True,True
2.275926351547241,,,,,"{""1000"": 1, ""1001"": 1, ""1002"": 0, ""1003"": 0}",,,,,,-3.3,True,,,0.0812126726496711,,2,4,,,8,True,0.0,SchedulingOutput,default,2271.2176260001797,qaoa_pennylane_lightning.gpu_x_mixer,,5,5,sweep_20260626_152916_694c56fc,src/experiments/scenarios/research_c1_penalty_x_sweep.toml,C1.4,Penalty sensitivity with X mixer [4/5],success,,,,,,,,,,0.7,,,,,,,,{},,,,,,,,,"{""1000"": 1, ""1001"": 1, ""1002"": 0, ""1003"": 0}",-3.3,[],"{""1000"": 1, ""1001"": 1, ""1002"": 0, ""1003"": 0}",-3.3,True,"{""1000"": 1, ""1001"": 1, ""1002"": 0, ""1003"": 0}",-3.3,True,True
2.178468704223633,,,,,"{""1000"": 0, ""1001"": 0, ""1002"": 1, ""1003"": 1}",,,,,,-6.1,True,,,0.07374138343602686,,2,4,,,8,True,0.0,SchedulingOutput,default,2173.705483000049,qaoa_pennylane_lightning.gpu_x_mixer,,5,1,sweep_20260626_152916_694c56fc,src/experiments/scenarios/research_c1_penalty_x_sweep.toml,C1.5,Penalty sensitivity with X mixer [5/5],success,,,,,,,,,,1.4,,,,,,,,{},,,,,,,,,"{""1000"": 0, ""1001"": 0, ""1002"": 1, ""1003"": 1}",-6.1,[],"{""1000"": 1, ""1001"": 1, ""1002"": 0, ""1003"": 0}",-6.1,True,"{""1000"": 1, ""1001"": 1, ""1002"": 0, ""1003"": 0}",-6.1,True,True
2.273322582244873,,,,,"{""1000"": 0, ""1001"": 0, ""1002"": 1, ""1003"": 1}",,,,,,-6.1,True,,,0.07374138343602686,,2,4,,,8,True,0.0,SchedulingOutput,default,2268.213066000044,qaoa_pennylane_lightning.gpu_x_mixer,,5,2,sweep_20260626_152916_694c56fc,src/experiments/scenarios/research_c1_penalty_x_sweep.toml,C1.5,Penalty sensitivity with X mixer [5/5],success,,,,,,,,,,1.4,,,,,,,,{},,,,,,,,,"{""1000"": 0, ""1001"": 0, ""1002"": 1, ""1003"": 1}",-6.1,[],"{""1000"": 1, ""1001"": 1, ""1002"": 0, ""1003"": 0}",-6.1,True,"{""1000"": 1, ""1001"": 1, ""1002"": 0, ""1003"": 0}",-6.1,True,True
2.2748517990112305,,,,,"{""1000"": 0, ""1001"": 0, ""1002"": 1, ""1003"": 1}",,,,,,-6.1,True,,,0.07374138343602686,,2,4,,,8,True,0.0,SchedulingOutput,default,2269.8577999999543,qaoa_pennylane_lightning.gpu_x_mixer,,5,3,sweep_20260626_152916_694c56fc,src/experiments/scenarios/research_c1_penalty_x_sweep.toml,C1.5,Penalty sensitivity with X mixer [5/5],success,,,,,,,,,,1.4,,,,,,,,{},,,,,,,,,"{""1000"": 0, ""1001"": 0, ""1002"": 1, ""1003"": 1}",-6.1,[],"{""1000"": 1, ""1001"": 1, ""1002"": 0, ""1003"": 0}",-6.1,True,"{""1000"": 1, ""1001"": 1, ""1002"": 0, ""1003"": 0}",-6.1,True,True
2.270573377609253,,,,,"{""1000"": 0, ""1001"": 0, ""1002"": 1, ""1003"": 1}",,,,,,-6.1,True,,,0.07374138343602686,,2,4,,,8,True,0.0,SchedulingOutput,default,2265.6523660002676,qaoa_pennylane_lightning.gpu_x_mixer,,5,4,sweep_20260626_152916_694c56fc,src/experiments/scenarios/research_c1_penalty_x_sweep.toml,C1.5,Penalty sensitivity with X mixer [5/5],success,,,,,,,,,,1.4,,,,,,,,{},,,,,,,,,"{""1000"": 0, ""1001"": 0, ""1002"": 1, ""1003"": 1}",-6.1,[],"{""1000"": 1, ""1001"": 1, ""1002"": 0, ""1003"": 0}",-6.1,True,"{""1000"": 1, ""1001"": 1, ""1002"": 0, ""1003"": 0}",-6.1,True,True
2.2962300777435303,,,,,"{""1000"": 0, ""1001"": 0, ""1002"": 1, ""1003"": 1}",,,,,,-6.1,True,,,0.07374138343602686,,2,4,,,8,True,0.0,SchedulingOutput,default,2291.3114110001516,qaoa_pennylane_lightning.gpu_x_mixer,,5,5,sweep_20260626_152916_694c56fc,src/experiments/scenarios/research_c1_penalty_x_sweep.toml,C1.5,Penalty sensitivity with X mixer [5/5],success,,,,,,,,,,1.4,,,,,,,,{},,,,,,,,,"{""1000"": 0, ""1001"": 0, ""1002"": 1, ""1003"": 1}",-6.1,[],"{""1000"": 1, ""1001"": 1, ""1002"": 0, ""1003"": 0}",-6.1,True,"{""1000"": 1, ""1001"": 1, ""1002"": 0, ""1003"": 0}",-6.1,True,True
9.047085523605347,True,,,,"{""1000"": 1, ""1001"": 0, ""1002"": 0, ""1003"": 1, ""1004"": 1, ""1005"": 0, ""1006"": 0, ""1007"": 1}",,,,,,-40.9248,True,"[0.6799999999999999, 0.68]",1.1102230246251565e-16,,,2,8,4,4,16,True,0.0,IterativeSchedulingOutput,iterative,4777.09948500069,,,5,1,sweep_20260626_153039_2c23dc71,src/experiments/scenarios/research_d2_qubit_max_sweep.toml,D2.1,Fixed N sweep qubit_max [1/6],success,,,,,,,,,,,4,,,,,,,{},,,,,,,,,"{""1000"": 1, ""1001"": 0, ""1002"": 0, ""1003"": 1, ""1004"": 1, ""1005"": 0, ""1006"": 0, ""1007"": 1}",-40.9248,[],"{""1000"": 1, ""1001"": 1, ""1002"": 0, ""1003"": 0, ""1004"": 0, ""1005"": 1, ""1006"": 0, ""1007"": 0}",-40.924800000000005,True,"{""1000"": 1, ""1001"": 1, ""1002"": 0, ""1003"": 0, ""1004"": 0, ""1005"": 1, ""1006"": 0, ""1007"": 0}",-40.924800000000005,True,True
7.030764102935791,True,,,,"{""1000"": 1, ""1001"": 0, ""1002"": 0, ""1003"": 1, ""1004"": 1, ""1005"": 0, ""1006"": 0, ""1007"": 1}",,,,,,-40.9248,True,"[0.6799999999999999, 0.68]",1.1102230246251565e-16,,,2,8,4,4,16,True,0.0,IterativeSchedulingOutput,iterative,4377.028193999195,,,5,2,sweep_20260626_153039_2c23dc71,src/experiments/scenarios/research_d2_qubit_max_sweep.toml,D2.1,Fixed N sweep qubit_max [1/6],success,,,,,,,,,,,4,,,,,,,{},,,,,,,,,"{""1000"": 1, ""1001"": 0, ""1002"": 0, ""1003"": 1, ""1004"": 1, ""1005"": 0, ""1006"": 0, ""1007"": 1}",-40.9248,[],"{""1000"": 1, ""1001"": 1, ""1002"": 0, ""1003"": 0, ""1004"": 0, ""1005"": 1, ""1006"": 0, ""1007"": 0}",-40.924800000000005,True,"{""1000"": 1, ""1001"": 1, ""1002"": 0, ""1003"": 0, ""1004"": 0, ""1005"": 1, ""1006"": 0, ""1007"": 0}",-40.924800000000005,True,True
7.193475961685181,True,,,,"{""1000"": 1, ""1001"": 0, ""1002"": 0, ""1003"": 1, ""1004"": 1, ""1005"": 0, ""1006"": 0, ""1007"": 1}",,,,,,-40.9248,True,"[0.6799999999999999, 0.68]",1.1102230246251565e-16,,,2,8,4,4,16,True,0.0,IterativeSchedulingOutput,iterative,4518.3574610000505,,,5,3,sweep_20260626_153039_2c23dc71,src/experiments/scenarios/research_d2_qubit_max_sweep.toml,D2.1,Fixed N sweep qubit_max [1/6],success,,,,,,,,,,,4,,,,,,,{},,,,,,,,,"{""1000"": 1, ""1001"": 0, ""1002"": 0, ""1003"": 1, ""1004"": 1, ""1005"": 0, ""1006"": 0, ""1007"": 1}",-40.9248,[],"{""1000"": 1, ""1001"": 1, ""1002"": 0, ""1003"": 0, ""1004"": 0, ""1005"": 1, ""1006"": 0, ""1007"": 0}",-40.924800000000005,True,"{""1000"": 1, ""1001"": 1, ""1002"": 0, ""1003"": 0, ""1004"": 0, ""1005"": 1, ""1006"": 0, ""1007"": 0}",-40.924800000000005,True,True
7.182000637054443,True,,,,"{""1000"": 1, ""1001"": 0, ""1002"": 0, ""1003"": 1, ""1004"": 1, ""1005"": 0, ""1006"": 0, ""1007"": 1}",,,,,,-40.9248,True,"[0.6799999999999999, 0.68]",1.1102230246251565e-16,,,2,8,4,4,16,True,0.0,IterativeSchedulingOutput,iterative,4547.121745000368,,,5,4,sweep_20260626_153039_2c23dc71,src/experiments/scenarios/research_d2_qubit_max_sweep.toml,D2.1,Fixed N sweep qubit_max [1/6],success,,,,,,,,,,,4,,,,,,,{},,,,,,,,,"{""1000"": 1, ""1001"": 0, ""1002"": 0, ""1003"": 1, ""1004"": 1, ""1005"": 0, ""1006"": 0, ""1007"": 1}",-40.9248,[],"{""1000"": 1, ""1001"": 1, ""1002"": 0, ""1003"": 0, ""1004"": 0, ""1005"": 1, ""1006"": 0, ""1007"": 0}",-40.924800000000005,True,"{""1000"": 1, ""1001"": 1, ""1002"": 0, ""1003"": 0, ""1004"": 0, ""1005"": 1, ""1006"": 0, ""1007"": 0}",-40.924800000000005,True,True
7.155254125595093,True,,,,"{""1000"": 1, ""1001"": 0, ""1002"": 0, ""1003"": 1, ""1004"": 1, ""1005"": 0, ""1006"": 0, ""1007"": 1}",,,,,,-40.9248,True,"[0.6799999999999999, 0.68]",1.1102230246251565e-16,,,2,8,4,4,16,True,0.0,IterativeSchedulingOutput,iterative,4531.8474139999125,,,5,5,sweep_20260626_153039_2c23dc71,src/experiments/scenarios/research_d2_qubit_max_sweep.toml,D2.1,Fixed N sweep qubit_max [1/6],success,,,,,,,,,,,4,,,,,,,{},,,,,,,,,"{""1000"": 1, ""1001"": 0, ""1002"": 0, ""1003"": 1, ""1004"": 1, ""1005"": 0, ""1006"": 0, ""1007"": 1}",-40.9248,[],"{""1000"": 1, ""1001"": 1, ""1002"": 0, ""1003"": 0, ""1004"": 0, ""1005"": 1, ""1006"": 0, ""1007"": 0}",-40.924800000000005,True,"{""1000"": 1, ""1001"": 1, ""1002"": 0, ""1003"": 0, ""1004"": 0, ""1005"": 1, ""1006"": 0, ""1007"": 0}",-40.924800000000005,True,True
6.94365382194519,True,,,,"{""1000"": 0, ""1001"": 1, ""1002"": 1, ""1003"": 0, ""1004"": 0, ""1005"": 1, ""1006"": 1, ""1007"": 0}",,,,,,-40.9248,True,"[0.68, 0.6799999999999999]",1.1102230246251565e-16,,,2,8,3,3,16,True,0.0,IterativeSchedulingOutput,iterative,4394.355590000032,,,5,1,sweep_20260626_153039_2c23dc71,src/experiments/scenarios/research_d2_qubit_max_sweep.toml,D2.2,Fixed N sweep qubit_max [2/6],success,,,,,,,,,,,6,,,,,,,{},,,,,,,,,"{""1000"": 0, ""1001"": 1, ""1002"": 1, ""1003"": 0, ""1004"": 0, ""1005"": 1, ""1006"": 1, ""1007"": 0}",-40.9248,[],"{""1000"": 1, ""1001"": 1, ""1002"": 0, ""1003"": 0, ""1004"": 0, ""1005"": 1, ""1006"": 0, ""1007"": 0}",-40.924800000000005,True,"{""1000"": 1, ""1001"": 1, ""1002"": 0, ""1003"": 0, ""1004"": 0, ""1005"": 1, ""1006"": 0, ""1007"": 0}",-40.924800000000005,True,True
7.238036155700684,True,,,,"{""1000"": 0, ""1001"": 1, ""1002"": 1, ""1003"": 0, ""1004"": 0, ""1005"": 1, ""1006"": 1, ""1007"": 0}",,,,,,-40.9248,True,"[0.68, 0.6799999999999999]",1.1102230246251565e-16,,,2,8,3,3,16,True,0.0,IterativeSchedulingOutput,iterative,4596.427577999748,,,5,2,sweep_20260626_153039_2c23dc71,src/experiments/scenarios/research_d2_qubit_max_sweep.toml,D2.2,Fixed N sweep qubit_max [2/6],success,,,,,,,,,,,6,,,,,,,{},,,,,,,,,"{""1000"": 0, ""1001"": 1, ""1002"": 1, ""1003"": 0, ""1004"": 0, ""1005"": 1, ""1006"": 1, ""1007"": 0}",-40.9248,[],"{""1000"": 1, ""1001"": 1, ""1002"": 0, ""1003"": 0, ""1004"": 0, ""1005"": 1, ""1006"": 0, ""1007"": 0}",-40.924800000000005,True,"{""1000"": 1, ""1001"": 1, ""1002"": 0, ""1003"": 0, ""1004"": 0, ""1005"": 1, ""1006"": 0, ""1007"": 0}",-40.924800000000005,True,True
6.925229787826538,True,,,,"{""1000"": 0, ""1001"": 1, ""1002"": 1, ""1003"": 0, ""1004"": 0, ""1005"": 1, ""1006"": 1, ""1007"": 0}",,,,,,-40.9248,True,"[0.68, 0.6799999999999999]",1.1102230246251565e-16,,,2,8,3,3,16,True,0.0,IterativeSchedulingOutput,iterative,4405.754368000089,,,5,3,sweep_20260626_153039_2c23dc71,src/experiments/scenarios/research_d2_qubit_max_sweep.toml,D2.2,Fixed N sweep qubit_max [2/6],success,,,,,,,,,,,6,,,,,,,{},,,,,,,,,"{""1000"": 0, ""1001"": 1, ""1002"": 1, ""1003"": 0, ""1004"": 0, ""1005"": 1, ""1006"": 1, ""1007"": 0}",-40.9248,[],"{""1000"": 1, ""1001"": 1, ""1002"": 0, ""1003"": 0, ""1004"": 0, ""1005"": 1, ""1006"": 0, ""1007"": 0}",-40.924800000000005,True,"{""1000"": 1, ""1001"": 1, ""1002"": 0, ""1003"": 0, ""1004"": 0, ""1005"": 1, ""1006"": 0, ""1007"": 0}",-40.924800000000005,True,True
7.466723442077637,True,,,,"{""1000"": 0, ""1001"": 1, ""1002"": 1, ""1003"": 0, ""1004"": 0, ""1005"": 1, ""1006"": 1, ""1007"": 0}",,,,,,-40.9248,True,"[0.68, 0.6799999999999999]",1.1102230246251565e-16,,,2,8,3,3,16,True,0.0,IterativeSchedulingOutput,iterative,4727.963863999776,,,5,4,sweep_20260626_153039_2c23dc71,src/experiments/scenarios/research_d2_qubit_max_sweep.toml,D2.2,Fixed N sweep qubit_max [2/6],success,,,,,,,,,,,6,,,,,,,{},,,,,,,,,"{""1000"": 0, ""1001"": 1, ""1002"": 1, ""1003"": 0, ""1004"": 0, ""1005"": 1, ""1006"": 1, ""1007"": 0}",-40.9248,[],"{""1000"": 1, ""1001"": 1, ""1002"": 0, ""1003"": 0, ""1004"": 0, ""1005"": 1, ""1006"": 0, ""1007"": 0}",-40.924800000000005,True,"{""1000"": 1, ""1001"": 1, ""1002"": 0, ""1003"": 0, ""1004"": 0, ""1005"": 1, ""1006"": 0, ""1007"": 0}",-40.924800000000005,True,True
7.188585042953491,True,,,,"{""1000"": 0, ""1001"": 1, ""1002"": 1, ""1003"": 0, ""1004"": 0, ""1005"": 1, ""1006"": 1, ""1007"": 0}",,,,,,-40.9248,True,"[0.68, 0.6799999999999999]",1.1102230246251565e-16,,,2,8,3,3,16,True,0.0,IterativeSchedulingOutput,iterative,4609.538402999988,,,5,5,sweep_20260626_153039_2c23dc71,src/experiments/scenarios/research_d2_qubit_max_sweep.toml,D2.2,Fixed N sweep qubit_max [2/6],success,,,,,,,,,,,6,,,,,,,{},,,,,,,,,"{""1000"": 0, ""1001"": 1, ""1002"": 1, ""1003"": 0, ""1004"": 0, ""1005"": 1, ""1006"": 1, ""1007"": 0}",-40.9248,[],"{""1000"": 1, ""1001"": 1, ""1002"": 0, ""1003"": 0, ""1004"": 0, ""1005"": 1, ""1006"": 0, ""1007"": 0}",-40.924800000000005,True,"{""1000"": 1, ""1001"": 1, ""1002"": 0, ""1003"": 0, ""1004"": 0, ""1005"": 1, ""1006"": 0, ""1007"": 0}",-40.924800000000005,True,True
7.324446201324463,True,,,,"{""1000"": 0, ""1001"": 1, ""1002"": 1, ""1003"": 0, ""1004"": 0, ""1005"": 1, ""1006"": 1, ""1007"": 0}",,,,,,-40.9248,True,"[0.68, 0.6799999999999999]",1.1102230246251565e-16,,,2,8,2,2,16,True,0.0,IterativeSchedulingOutput,iterative,4825.94412699973,,,5,1,sweep_20260626_153039_2c23dc71,src/experiments/scenarios/research_d2_qubit_max_sweep.toml,D2.3,Fixed N sweep qubit_max [3/6],success,,,,,,,,,,,8,,,,,,,{},,,,,,,,,"{""1000"": 0, ""1001"": 1, ""1002"": 1, ""1003"": 0, ""1004"": 0, ""1005"": 1, ""1006"": 1, ""1007"": 0}",-40.9248,[],"{""1000"": 1, ""1001"": 1, ""1002"": 0, ""1003"": 0, ""1004"": 0, ""1005"": 1, ""1006"": 0, ""1007"": 0}",-40.924800000000005,True,"{""1000"": 1, ""1001"": 1, ""1002"": 0, ""1003"": 0, ""1004"": 0, ""1005"": 1, ""1006"": 0, ""1007"": 0}",-40.924800000000005,True,True
7.451605319976807,True,,,,"{""1000"": 0, ""1001"": 1, ""1002"": 1, ""1003"": 0, ""1004"": 0, ""1005"": 1, ""1006"": 1, ""1007"": 0}",,,,,,-40.9248,True,"[0.68, 0.6799999999999999]",1.1102230246251565e-16,,,2,8,2,2,16,True,0.0,IterativeSchedulingOutput,iterative,4879.509653999776,,,5,2,sweep_20260626_153039_2c23dc71,src/experiments/scenarios/research_d2_qubit_max_sweep.toml,D2.3,Fixed N sweep qubit_max [3/6],success,,,,,,,,,,,8,,,,,,,{},,,,,,,,,"{""1000"": 0, ""1001"": 1, ""1002"": 1, ""1003"": 0, ""1004"": 0, ""1005"": 1, ""1006"": 1, ""1007"": 0}",-40.9248,[],"{""1000"": 1, ""1001"": 1, ""1002"": 0, ""1003"": 0, ""1004"": 0, ""1005"": 1, ""1006"": 0, ""1007"": 0}",-40.924800000000005,True,"{""1000"": 1, ""1001"": 1, ""1002"": 0, ""1003"": 0, ""1004"": 0, ""1005"": 1, ""1006"": 0, ""1007"": 0}",-40.924800000000005,True,True
7.652125597000122,True,,,,"{""1000"": 0, ""1001"": 1, ""1002"": 1, ""1003"": 0, ""1004"": 0, ""1005"": 1, ""1006"": 1, ""1007"": 0}",,,,,,-40.9248,True,"[0.68, 0.6799999999999999]",1.1102230246251565e-16,,,2,8,2,2,16,True,0.0,IterativeSchedulingOutput,iterative,5113.233427000523,,,5,3,sweep_20260626_153039_2c23dc71,src/experiments/scenarios/research_d2_qubit_max_sweep.toml,D2.3,Fixed N sweep qubit_max [3/6],success,,,,,,,,,,,8,,,,,,,{},,,,,,,,,"{""1000"": 0, ""1001"": 1, ""1002"": 1, ""1003"": 0, ""1004"": 0, ""1005"": 1, ""1006"": 1, ""1007"": 0}",-40.9248,[],"{""1000"": 1, ""1001"": 1, ""1002"": 0, ""1003"": 0, ""1004"": 0, ""1005"": 1, ""1006"": 0, ""1007"": 0}",-40.924800000000005,True,"{""1000"": 1, ""1001"": 1, ""1002"": 0, ""1003"": 0, ""1004"": 0, ""1005"": 1, ""1006"": 0, ""1007"": 0}",-40.924800000000005,True,True
7.306953430175781,True,,,,"{""1000"": 0, ""1001"": 1, ""1002"": 1, ""1003"": 0, ""1004"": 0, ""1005"": 1, ""1006"": 1, ""1007"": 0}",,,,,,-40.9248,True,"[0.68, 0.6799999999999999]",1.1102230246251565e-16,,,2,8,2,2,16,True,0.0,IterativeSchedulingOutput,iterative,4557.669239999996,,,5,4,sweep_20260626_153039_2c23dc71,src/experiments/scenarios/research_d2_qubit_max_sweep.toml,D2.3,Fixed N sweep qubit_max [3/6],success,,,,,,,,,,,8,,,,,,,{},,,,,,,,,"{""1000"": 0, ""1001"": 1, ""1002"": 1, ""1003"": 0, ""1004"": 0, ""1005"": 1, ""1006"": 1, ""1007"": 0}",-40.9248,[],"{""1000"": 1, ""1001"": 1, ""1002"": 0, ""1003"": 0, ""1004"": 0, ""1005"": 1, ""1006"": 0, ""1007"": 0}",-40.924800000000005,True,"{""1000"": 1, ""1001"": 1, ""1002"": 0, ""1003"": 0, ""1004"": 0, ""1005"": 1, ""1006"": 0, ""1007"": 0}",-40.924800000000005,True,True
6.976361036300659,True,,,,"{""1000"": 0, ""1001"": 1, ""1002"": 1, ""1003"": 0, ""1004"": 0, ""1005"": 1, ""1006"": 1, ""1007"": 0}",,,,,,-40.9248,True,"[0.68, 0.6799999999999999]",1.1102230246251565e-16,,,2,8,2,2,16,True,0.0,IterativeSchedulingOutput,iterative,4508.711150000636,,,5,5,sweep_20260626_153039_2c23dc71,src/experiments/scenarios/research_d2_qubit_max_sweep.toml,D2.3,Fixed N sweep qubit_max [3/6],success,,,,,,,,,,,8,,,,,,,{},,,,,,,,,"{""1000"": 0, ""1001"": 1, ""1002"": 1, ""1003"": 0, ""1004"": 0, ""1005"": 1, ""1006"": 1, ""1007"": 0}",-40.9248,[],"{""1000"": 1, ""1001"": 1, ""1002"": 0, ""1003"": 0, ""1004"": 0, ""1005"": 1, ""1006"": 0, ""1007"": 0}",-40.924800000000005,True,"{""1000"": 1, ""1001"": 1, ""1002"": 0, ""1003"": 0, ""1004"": 0, ""1005"": 1, ""1006"": 0, ""1007"": 0}",-40.924800000000005,True,True
7.343818187713623,True,,,,"{""1000"": 0, ""1001"": 0, ""1002"": 1, ""1003"": 1, ""1004"": 1, ""1005"": 0, ""1006"": 1, ""1007"": 1}",,,,,,-40.924800000000005,True,"[0.68, 0.68]",0.0,,,2,8,2,2,16,True,0.0,IterativeSchedulingOutput,iterative,4807.954238000093,,,5,1,sweep_20260626_153039_2c23dc71,src/experiments/scenarios/research_d2_qubit_max_sweep.toml,D2.4,Fixed N sweep qubit_max [4/6],success,,,,,,,,,,,10,,,,,,,{},,,,,,,,,"{""1000"": 0, ""1001"": 0, ""1002"": 1, ""1003"": 1, ""1004"": 1, ""1005"": 0, ""1006"": 1, ""1007"": 1}",-40.924800000000005,[],"{""1000"": 1, ""1001"": 1, ""1002"": 0, ""1003"": 0, ""1004"": 0, ""1005"": 1, ""1006"": 0, ""1007"": 0}",-40.924800000000005,True,"{""1000"": 1, ""1001"": 1, ""1002"": 0, ""1003"": 0, ""1004"": 0, ""1005"": 1, ""1006"": 0, ""1007"": 0}",-40.924800000000005,True,True
7.262304067611694,True,,,,"{""1000"": 0, ""1001"": 0, ""1002"": 1, ""1003"": 1, ""1004"": 1, ""1005"": 0, ""1006"": 1, ""1007"": 1}",,,,,,-40.924800000000005,True,"[0.68, 0.68]",0.0,,,2,8,2,2,16,True,0.0,IterativeSchedulingOutput,iterative,4810.332586000186,,,5,2,sweep_20260626_153039_2c23dc71,src/experiments/scenarios/research_d2_qubit_max_sweep.toml,D2.4,Fixed N sweep qubit_max [4/6],success,,,,,,,,,,,10,,,,,,,{},,,,,,,,,"{""1000"": 0, ""1001"": 0, ""1002"": 1, ""1003"": 1, ""1004"": 1, ""1005"": 0, ""1006"": 1, ""1007"": 1}",-40.924800000000005,[],"{""1000"": 1, ""1001"": 1, ""1002"": 0, ""1003"": 0, ""1004"": 0, ""1005"": 1, ""1006"": 0, ""1007"": 0}",-40.924800000000005,True,"{""1000"": 1, ""1001"": 1, ""1002"": 0, ""1003"": 0, ""1004"": 0, ""1005"": 1, ""1006"": 0, ""1007"": 0}",-40.924800000000005,True,True
7.081685543060303,True,,,,"{""1000"": 0, ""1001"": 0, ""1002"": 1, ""1003"": 1, ""1004"": 1, ""1005"": 0, ""1006"": 1, ""1007"": 1}",,,,,,-40.924800000000005,True,"[0.68, 0.68]",0.0,,,2,8,2,2,16,True,0.0,IterativeSchedulingOutput,iterative,4655.3769440001815,,,5,3,sweep_20260626_153039_2c23dc71,src/experiments/scenarios/research_d2_qubit_max_sweep.toml,D2.4,Fixed N sweep qubit_max [4/6],success,,,,,,,,,,,10,,,,,,,{},,,,,,,,,"{""1000"": 0, ""1001"": 0, ""1002"": 1, ""1003"": 1, ""1004"": 1, ""1005"": 0, ""1006"": 1, ""1007"": 1}",-40.924800000000005,[],"{""1000"": 1, ""1001"": 1, ""1002"": 0, ""1003"": 0, ""1004"": 0, ""1005"": 1, ""1006"": 0, ""1007"": 0}",-40.924800000000005,True,"{""1000"": 1, ""1001"": 1, ""1002"": 0, ""1003"": 0, ""1004"": 0, ""1005"": 1, ""1006"": 0, ""1007"": 0}",-40.924800000000005,True,True
7.601982355117798,True,,,,"{""1000"": 0, ""1001"": 0, ""1002"": 1, ""1003"": 1, ""1004"": 1, ""1005"": 0, ""1006"": 1, ""1007"": 1}",,,,,,-40.924800000000005,True,"[0.68, 0.68]",0.0,,,2,8,2,2,16,True,0.0,IterativeSchedulingOutput,iterative,5048.974843999986,,,5,4,sweep_20260626_153039_2c23dc71,src/experiments/scenarios/research_d2_qubit_max_sweep.toml,D2.4,Fixed N sweep qubit_max [4/6],success,,,,,,,,,,,10,,,,,,,{},,,,,,,,,"{""1000"": 0, ""1001"": 0, ""1002"": 1, ""1003"": 1, ""1004"": 1, ""1005"": 0, ""1006"": 1, ""1007"": 1}",-40.924800000000005,[],"{""1000"": 1, ""1001"": 1, ""1002"": 0, ""1003"": 0, ""1004"": 0, ""1005"": 1, ""1006"": 0, ""1007"": 0}",-40.924800000000005,True,"{""1000"": 1, ""1001"": 1, ""1002"": 0, ""1003"": 0, ""1004"": 0, ""1005"": 1, ""1006"": 0, ""1007"": 0}",-40.924800000000005,True,True
7.120670557022095,True,,,,"{""1000"": 0, ""1001"": 0, ""1002"": 1, ""1003"": 1, ""1004"": 1, ""1005"": 0, ""1006"": 1, ""1007"": 1}",,,,,,-40.924800000000005,True,"[0.68, 0.68]",0.0,,,2,8,2,2,16,True,0.0,IterativeSchedulingOutput,iterative,4639.925603000393,,,5,5,sweep_20260626_153039_2c23dc71,src/experiments/scenarios/research_d2_qubit_max_sweep.toml,D2.4,Fixed N sweep qubit_max [4/6],success,,,,,,,,,,,10,,,,,,,{},,,,,,,,,"{""1000"": 0, ""1001"": 0, ""1002"": 1, ""1003"": 1, ""1004"": 1, ""1005"": 0, ""1006"": 1, ""1007"": 1}",-40.924800000000005,[],"{""1000"": 1, ""1001"": 1, ""1002"": 0, ""1003"": 0, ""1004"": 0, ""1005"": 1, ""1006"": 0, ""1007"": 0}",-40.924800000000005,True,"{""1000"": 1, ""1001"": 1, ""1002"": 0, ""1003"": 0, ""1004"": 0, ""1005"": 1, ""1006"": 0, ""1007"": 0}",-40.924800000000005,True,True
8.241259336471558,True,,,,"{""1000"": 0, ""1001"": 1, ""1002"": 0, ""1003"": 1, ""1004"": 1, ""1005"": 0, ""1006"": 1, ""1007"": 0}",,,,,,-40.924800000000005,True,"[0.68, 0.6799999999999999]",1.1102230246251565e-16,,,2,8,2,2,16,True,0.0,IterativeSchedulingOutput,iterative,5673.702960000355,,,5,1,sweep_20260626_153039_2c23dc71,src/experiments/scenarios/research_d2_qubit_max_sweep.toml,D2.5,Fixed N sweep qubit_max [5/6],success,,,,,,,,,,,12,,,,,,,{},,,,,,,,,"{""1000"": 0, ""1001"": 1, ""1002"": 0, ""1003"": 1, ""1004"": 1, ""1005"": 0, ""1006"": 1, ""1007"": 0}",-40.924800000000005,[],"{""1000"": 1, ""1001"": 1, ""1002"": 0, ""1003"": 0, ""1004"": 0, ""1005"": 1, ""1006"": 0, ""1007"": 0}",-40.924800000000005,True,"{""1000"": 1, ""1001"": 1, ""1002"": 0, ""1003"": 0, ""1004"": 0, ""1005"": 1, ""1006"": 0, ""1007"": 0}",-40.924800000000005,True,True
8.4744553565979,True,,,,"{""1000"": 0, ""1001"": 1, ""1002"": 0, ""1003"": 1, ""1004"": 1, ""1005"": 0, ""1006"": 1, ""1007"": 0}",,,,,,-40.924800000000005,True,"[0.68, 0.6799999999999999]",1.1102230246251565e-16,,,2,8,2,2,16,True,0.0,IterativeSchedulingOutput,iterative,5945.057904999885,,,5,2,sweep_20260626_153039_2c23dc71,src/experiments/scenarios/research_d2_qubit_max_sweep.toml,D2.5,Fixed N sweep qubit_max [5/6],success,,,,,,,,,,,12,,,,,,,{},,,,,,,,,"{""1000"": 0, ""1001"": 1, ""1002"": 0, ""1003"": 1, ""1004"": 1, ""1005"": 0, ""1006"": 1, ""1007"": 0}",-40.924800000000005,[],"{""1000"": 1, ""1001"": 1, ""1002"": 0, ""1003"": 0, ""1004"": 0, ""1005"": 1, ""1006"": 0, ""1007"": 0}",-40.924800000000005,True,"{""1000"": 1, ""1001"": 1, ""1002"": 0, ""1003"": 0, ""1004"": 0, ""1005"": 1, ""1006"": 0, ""1007"": 0}",-40.924800000000005,True,True
7.952683210372925,True,,,,"{""1000"": 0, ""1001"": 1, ""1002"": 0, ""1003"": 1, ""1004"": 1, ""1005"": 0, ""1006"": 1, ""1007"": 0}",,,,,,-40.924800000000005,True,"[0.68, 0.6799999999999999]",1.1102230246251565e-16,,,2,8,2,2,16,True,0.0,IterativeSchedulingOutput,iterative,5491.662477999853,,,5,3,sweep_20260626_153039_2c23dc71,src/experiments/scenarios/research_d2_qubit_max_sweep.toml,D2.5,Fixed N sweep qubit_max [5/6],success,,,,,,,,,,,12,,,,,,,{},,,,,,,,,"{""1000"": 0, ""1001"": 1, ""1002"": 0, ""1003"": 1, ""1004"": 1, ""1005"": 0, ""1006"": 1, ""1007"": 0}",-40.924800000000005,[],"{""1000"": 1, ""1001"": 1, ""1002"": 0, ""1003"": 0, ""1004"": 0, ""1005"": 1, ""1006"": 0, ""1007"": 0}",-40.924800000000005,True,"{""1000"": 1, ""1001"": 1, ""1002"": 0, ""1003"": 0, ""1004"": 0, ""1005"": 1, ""1006"": 0, ""1007"": 0}",-40.924800000000005,True,True
8.282686710357666,True,,,,"{""1000"": 0, ""1001"": 1, ""1002"": 0, ""1003"": 1, ""1004"": 1, ""1005"": 0, ""1006"": 1, ""1007"": 0}",,,,,,-40.924800000000005,True,"[0.68, 0.6799999999999999]",1.1102230246251565e-16,,,2,8,2,2,16,True,0.0,IterativeSchedulingOutput,iterative,5737.071938000099,,,5,4,sweep_20260626_153039_2c23dc71,src/experiments/scenarios/research_d2_qubit_max_sweep.toml,D2.5,Fixed N sweep qubit_max [5/6],success,,,,,,,,,,,12,,,,,,,{},,,,,,,,,"{""1000"": 0, ""1001"": 1, ""1002"": 0, ""1003"": 1, ""1004"": 1, ""1005"": 0, ""1006"": 1, ""1007"": 0}",-40.924800000000005,[],"{""1000"": 1, ""1001"": 1, ""1002"": 0, ""1003"": 0, ""1004"": 0, ""1005"": 1, ""1006"": 0, ""1007"": 0}",-40.924800000000005,True,"{""1000"": 1, ""1001"": 1, ""1002"": 0, ""1003"": 0, ""1004"": 0, ""1005"": 1, ""1006"": 0, ""1007"": 0}",-40.924800000000005,True,True
7.891819715499878,True,,,,"{""1000"": 0, ""1001"": 1, ""1002"": 0, ""1003"": 1, ""1004"": 1, ""1005"": 0, ""1006"": 1, ""1007"": 0}",,,,,,-40.924800000000005,True,"[0.68, 0.6799999999999999]",1.1102230246251565e-16,,,2,8,2,2,16,True,0.0,IterativeSchedulingOutput,iterative,5392.741150000347,,,5,5,sweep_20260626_153039_2c23dc71,src/experiments/scenarios/research_d2_qubit_max_sweep.toml,D2.5,Fixed N sweep qubit_max [5/6],success,,,,,,,,,,,12,,,,,,,{},,,,,,,,,"{""1000"": 0, ""1001"": 1, ""1002"": 0, ""1003"": 1, ""1004"": 1, ""1005"": 0, ""1006"": 1, ""1007"": 0}",-40.924800000000005,[],"{""1000"": 1, ""1001"": 1, ""1002"": 0, ""1003"": 0, ""1004"": 0, ""1005"": 1, ""1006"": 0, ""1007"": 0}",-40.924800000000005,True,"{""1000"": 1, ""1001"": 1, ""1002"": 0, ""1003"": 0, ""1004"": 0, ""1005"": 1, ""1006"": 0, ""1007"": 0}",-40.924800000000005,True,True
8.547752618789673,,,,,"{""1000"": 0, ""1001"": 0, ""1002"": 1, ""1003"": 1, ""1004"": 1, ""1005"": 1, ""1006"": 1, ""1007"": 1}",,,,,,-40.900600000000004,True,,,0.003961651371584029,,2,8,,,16,False,0.0005913284854171517,SchedulingOutput,default,6929.832589999933,qaoa_pennylane_lightning.gpu_xy_mixer,,5,1,sweep_20260626_153039_2c23dc71,src/experiments/scenarios/research_d2_qubit_max_sweep.toml,D2.6,Fixed N sweep qubit_max [6/6],success,,,,,,,,,,,16,,,,,,,{},,,,,,,,,"{""1000"": 0, ""1001"": 0, ""1002"": 1, ""1003"": 1, ""1004"": 1, ""1005"": 1, ""1006"": 1, ""1007"": 1}",-40.900600000000004,[],"{""1000"": 1, ""1001"": 1, ""1002"": 0, ""1003"": 0, ""1004"": 0, ""1005"": 1, ""1006"": 0, ""1007"": 0}",-40.924800000000005,False,"{""1000"": 1, ""1001"": 1, ""1002"": 0, ""1003"": 0, ""1004"": 0, ""1005"": 1, ""1006"": 0, ""1007"": 0}",-40.924800000000005,True,True
8.493621587753296,,,,,"{""1000"": 0, ""1001"": 0, ""1002"": 1, ""1003"": 1, ""1004"": 1, ""1005"": 1, ""1006"": 1, ""1007"": 1}",,,,,,-40.900600000000004,True,,,0.003961651371584029,,2,8,,,16,False,0.0005913284854171517,SchedulingOutput,default,6892.675337000128,qaoa_pennylane_lightning.gpu_xy_mixer,,5,2,sweep_20260626_153039_2c23dc71,src/experiments/scenarios/research_d2_qubit_max_sweep.toml,D2.6,Fixed N sweep qubit_max [6/6],success,,,,,,,,,,,16,,,,,,,{},,,,,,,,,"{""1000"": 0, ""1001"": 0, ""1002"": 1, ""1003"": 1, ""1004"": 1, ""1005"": 1, ""1006"": 1, ""1007"": 1}",-40.900600000000004,[],"{""1000"": 1, ""1001"": 1, ""1002"": 0, ""1003"": 0, ""1004"": 0, ""1005"": 1, ""1006"": 0, ""1007"": 0}",-40.924800000000005,False,"{""1000"": 1, ""1001"": 1, ""1002"": 0, ""1003"": 0, ""1004"": 0, ""1005"": 1, ""1006"": 0, ""1007"": 0}",-40.924800000000005,True,True
8.668078422546387,,,,,"{""1000"": 0, ""1001"": 0, ""1002"": 1, ""1003"": 1, ""1004"": 1, ""1005"": 1, ""1006"": 1, ""1007"": 1}",,,,,,-40.900600000000004,True,,,0.003961651371584029,,2,8,,,16,False,0.0005913284854171517,SchedulingOutput,default,7049.850456000058,qaoa_pennylane_lightning.gpu_xy_mixer,,5,3,sweep_20260626_153039_2c23dc71,src/experiments/scenarios/research_d2_qubit_max_sweep.toml,D2.6,Fixed N sweep qubit_max [6/6],success,,,,,,,,,,,16,,,,,,,{},,,,,,,,,"{""1000"": 0, ""1001"": 0, ""1002"": 1, ""1003"": 1, ""1004"": 1, ""1005"": 1, ""1006"": 1, ""1007"": 1}",-40.900600000000004,[],"{""1000"": 1, ""1001"": 1, ""1002"": 0, ""1003"": 0, ""1004"": 0, ""1005"": 1, ""1006"": 0, ""1007"": 0}",-40.924800000000005,False,"{""1000"": 1, ""1001"": 1, ""1002"": 0, ""1003"": 0, ""1004"": 0, ""1005"": 1, ""1006"": 0, ""1007"": 0}",-40.924800000000005,True,True
8.668258666992188,,,,,"{""1000"": 0, ""1001"": 0, ""1002"": 1, ""1003"": 1, ""1004"": 1, ""1005"": 1, ""1006"": 1, ""1007"": 1}",,,,,,-40.900600000000004,True,,,0.003961651371584029,,2,8,,,16,False,0.0005913284854171517,SchedulingOutput,default,7004.8823770002855,qaoa_pennylane_lightning.gpu_xy_mixer,,5,4,sweep_20260626_153039_2c23dc71,src/experiments/scenarios/research_d2_qubit_max_sweep.toml,D2.6,Fixed N sweep qubit_max [6/6],success,,,,,,,,,,,16,,,,,,,{},,,,,,,,,"{""1000"": 0, ""1001"": 0, ""1002"": 1, ""1003"": 1, ""1004"": 1, ""1005"": 1, ""1006"": 1, ""1007"": 1}",-40.900600000000004,[],"{""1000"": 1, ""1001"": 1, ""1002"": 0, ""1003"": 0, ""1004"": 0, ""1005"": 1, ""1006"": 0, ""1007"": 0}",-40.924800000000005,False,"{""1000"": 1, ""1001"": 1, ""1002"": 0, ""1003"": 0, ""1004"": 0, ""1005"": 1, ""1006"": 0, ""1007"": 0}",-40.924800000000005,True,True
8.266583919525146,,,,,"{""1000"": 0, ""1001"": 0, ""1002"": 1, ""1003"": 1, ""1004"": 1, ""1005"": 1, ""1006"": 1, ""1007"": 1}",,,,,,-40.900600000000004,True,,,0.003961651371584029,,2,8,,,16,False,0.0005913284854171517,SchedulingOutput,default,6678.367449000234,qaoa_pennylane_lightning.gpu_xy_mixer,,5,5,sweep_20260626_153039_2c23dc71,src/experiments/scenarios/research_d2_qubit_max_sweep.toml,D2.6,Fixed N sweep qubit_max [6/6],success,,,,,,,,,,,16,,,,,,,{},,,,,,,,,"{""1000"": 0, ""1001"": 0, ""1002"": 1, ""1003"": 1, ""1004"": 1, ""1005"": 1, ""1006"": 1, ""1007"": 1}",-40.900600000000004,[],"{""1000"": 1, ""1001"": 1, ""1002"": 0, ""1003"": 0, ""1004"": 0, ""1005"": 1, ""1006"": 0, ""1007"": 0}",-40.924800000000005,False,"{""1000"": 1, ""1001"": 1, ""1002"": 0, ""1003"": 0, ""1004"": 0, ""1005"": 1, ""1006"": 0, ""1007"": 0}",-40.924800000000005,True,True
4.268443822860718,,,,,"{""1000"": 0, ""1001"": 0, ""1002"": 1, ""1003"": 1}",,-20.364999999531094,-20.358570725622187,2,100,-20.5,True,,,0.0626561272853513,,2,4,,,8,True,0.0,SchedulingOutput,default,2001.8565269997453,qaoa_pennylane_lightning.gpu_xy_mixer,"{""device"": ""lightning.gpu"", ""final_beta"": [0.3925431004448733], ""final_gamma"": [0.9435325146601141], ""init_beta"": 0.5, ""init_gamma"": 0.5, ""init_strategy"": ""random"", ""initial_beta"": [0.35942103334157316], ""initial_gamma"": [0.9435325056105539], ""mixer_type"": ""xy"", ""opt_steps"": 100, ""p_layers"": 1, ""random_seed"": 101, ""selection_pool"": ""top_k_probable_states"", ""top_k"": 32}",1,1,sweep_20260626_163548_3b2fdff6,src/experiments/scenarios/research_b1_random_init_sweep.toml,B1R.1,QAOA depth sweep with random initialization [1/35],success,,,,1,,,,,,,,,101,,,,,{},,,,,,,,,"{""1000"": 0, ""1001"": 0, ""1002"": 1, ""1003"": 1}",-20.5,[],"{""1000"": 1, ""1001"": 1, ""1002"": 0, ""1003"": 0}",-20.5,True,"{""1000"": 1, ""1001"": 1, ""1002"": 0, ""1003"": 0}",-20.5,True,True
1.2267017364501953,,,,,"{""1000"": 1, ""1001"": 1, ""1002"": 0, ""1003"": 0}",,-20.3649955981314,-20.187032991025653,5,100,-20.5,True,,,0.06326889419355976,,2,4,,,8,True,0.0,SchedulingOutput,default,1222.0787180003754,qaoa_pennylane_lightning.gpu_xy_mixer,"{""device"": ""lightning.gpu"", ""final_beta"": [0.393464455140732], ""final_gamma"": [0.15999012089731837], ""init_beta"": 0.5, ""init_gamma"": 0.5, ""init_strategy"": ""random"", ""initial_beta"": [0.5859435148402273], ""initial_gamma"": [0.15999114500430367], ""mixer_type"": ""xy"", ""opt_steps"": 100, ""p_layers"": 1, ""random_seed"": 102, ""selection_pool"": ""top_k_probable_states"", ""top_k"": 32}",1,1,sweep_20260626_163548_3b2fdff6,src/experiments/scenarios/research_b1_random_init_sweep.toml,B1R.2,QAOA depth sweep with random initialization [2/35],success,,,,1,,,,,,,,,102,,,,,{},,,,,,,,,"{""1000"": 1, ""1001"": 1, ""1002"": 0, ""1003"": 0}",-20.5,[],"{""1000"": 1, ""1001"": 1, ""1002"": 0, ""1003"": 0}",-20.5,True,"{""1000"": 1, ""1001"": 1, ""1002"": 0, ""1003"": 0}",-20.5,True,True
1.1220834255218506,,,,,"{""1000"": 0, ""1001"": 0, ""1002"": 1, ""1003"": 1}",,-20.36499931104772,-20.222994407308086,13,100,-20.5,True,,,0.0631041673145056,,2,4,,,8,True,0.0,SchedulingOutput,default,1117.662356999972,qaoa_pennylane_lightning.gpu_xy_mixer,"{""device"": ""lightning.gpu"", ""final_beta"": [0.39330107175442597], ""final_gamma"": [0.31268307089203073], ""init_beta"": 0.5, ""init_gamma"": 0.5, ""init_strategy"": ""random"", ""initial_beta"": [0.22431822262604761], ""initial_gamma"": [0.3126832327229475], ""mixer_type"": ""xy"", ""opt_steps"": 100, ""p_layers"": 1, ""random_seed"": 103, ""selection_pool"": ""top_k_probable_states"", ""top_k"": 32}",1,1,sweep_20260626_163548_3b2fdff6,src/experiments/scenarios/research_b1_random_init_sweep.toml,B1R.3,QAOA depth sweep with random initialization [3/35],success,,,,1,,,,,,,,,103,,,,,{},,,,,,,,,"{""1000"": 0, ""1001"": 0, ""1002"": 1, ""1003"": 1}",-20.5,[],"{""1000"": 1, ""1001"": 1, ""1002"": 0, ""1003"": 0}",-20.5,True,"{""1000"": 1, ""1001"": 1, ""1002"": 0, ""1003"": 0}",-20.5,True,True
1.1194689273834229,,,,,"{""1000"": 0, ""1001"": 0, ""1002"": 1, ""1003"": 1}",,-20.36499999964677,-20.048470269362834,7,100,-20.5,True,,,0.06297104794739374,,2,4,,,8,True,0.0,SchedulingOutput,default,1114.9980379996123,qaoa_pennylane_lightning.gpu_xy_mixer,"{""device"": ""lightning.gpu"", ""final_beta"": [0.3922293589690633], ""final_gamma"": [0.8385623728074487], ""init_beta"": 0.5, ""init_gamma"": 0.5, ""init_strategy"": ""random"", ""initial_beta"": [0.6921481486273471], ""initial_gamma"": [0.8385648123695356], ""mixer_type"": ""xy"", ""opt_steps"": 100, ""p_layers"": 1, ""random_seed"": 104, ""selection_pool"": ""top_k_probable_states"", ""top_k"": 32}",1,1,sweep_20260626_163548_3b2fdff6,src/experiments/scenarios/research_b1_random_init_sweep.toml,B1R.4,QAOA depth sweep with random initialization [4/35],success,,,,1,,,,,,,,,104,,,,,{},,,,,,,,,"{""1000"": 0, ""1001"": 0, ""1002"": 1, ""1003"": 1}",-20.5,[],"{""1000"": 1, ""1001"": 1, ""1002"": 0, ""1003"": 0}",-20.5,True,"{""1000"": 1, ""1001"": 1, ""1002"": 0, ""1003"": 0}",-20.5,True,True
1.173172950744629,,,,,"{""1000"": 0, ""1001"": 0, ""1002"": 1, ""1003"": 1}",,-20.364996534077967,-20.19666536181719,5,100,-20.5,True,,,0.06299793494399603,,2,4,,,8,True,0.0,SchedulingOutput,default,1168.6999339999602,qaoa_pennylane_lightning.gpu_xy_mixer,"{""device"": ""lightning.gpu"", ""final_beta"": [1.1776007905851524], ""final_gamma"": [0.6381950680051401], ""init_beta"": 0.5, ""init_gamma"": 0.5, ""init_strategy"": ""random"", ""initial_beta"": [0.9914597754812582], ""initial_gamma"": [0.6381953336015446], ""mixer_type"": ""xy"", ""opt_steps"": 100, ""p_layers"": 1, ""random_seed"": 105, ""selection_pool"": ""top_k_probable_states"", ""top_k"": 32}",1,1,sweep_20260626_163548_3b2fdff6,src/experiments/scenarios/research_b1_random_init_sweep.toml,B1R.5,QAOA depth sweep with random initialization [5/35],success,,,,1,,,,,,,,,105,,,,,{},,,,,,,,,"{""1000"": 0, ""1001"": 0, ""1002"": 1, ""1003"": 1}",-20.5,[],"{""1000"": 1, ""1001"": 1, ""1002"": 0, ""1003"": 0}",-20.5,True,"{""1000"": 1, ""1001"": 1, ""1002"": 0, ""1003"": 0}",-20.5,True,True
1.7312235832214355,,,,,"{""1000"": 1, ""1001"": 1, ""1002"": 0, ""1003"": 0}",,-20.36499923744293,-20.180102068467086,3,100,-20.5,True,,,0.06271892955901671,,2,4,,,8,True,0.0,SchedulingOutput,default,1726.3191679999181,qaoa_pennylane_lightning.gpu_xy_mixer,"{""device"": ""lightning.gpu"", ""final_beta"": [0.6877366246764722, 0.49057921190933285], ""final_gamma"": [0.9435314915992269, 0.002307308605575506], ""init_beta"": 0.5, ""init_gamma"": 0.5, ""init_strategy"": ""random"", ""initial_beta"": [0.7848054119699771, 0.5912781852294118], ""initial_gamma"": [0.9435325056105539, 0.35942103334157316], ""mixer_type"": ""xy"", ""opt_steps"": 100, ""p_layers"": 2, ""random_seed"": 101, ""selection_pool"": ""top_k_probable_states"", ""top_k"": 32}",1,1,sweep_20260626_163548_3b2fdff6,src/experiments/scenarios/research_b1_random_init_sweep.toml,B1R.6,QAOA depth sweep with random initialization [6/35],success,,,,2,,,,,,,,,101,,,,,{},,,,,,,,,"{""1000"": 1, ""1001"": 1, ""1002"": 0, ""1003"": 0}",-20.5,[],"{""1000"": 1, ""1001"": 1, ""1002"": 0, ""1003"": 0}",-20.5,True,"{""1000"": 1, ""1001"": 1, ""1002"": 0, ""1003"": 0}",-20.5,True,True
1.7757971286773682,,,,,"{""1000"": 0, ""1001"": 0, ""1002"": 1, ""1003"": 1}",,-20.36499954651944,-20.34554445003897,8,100,-20.5,True,,,0.06256497164360396,,2,4,,,8,True,0.0,SchedulingOutput,default,1770.9796279996226,qaoa_pennylane_lightning.gpu_xy_mixer,"{""device"": ""lightning.gpu"", ""final_beta"": [0.8403740198614392, 0.3376583082732059], ""final_gamma"": [0.15999209622445973, -0.0024318002016314785], ""init_beta"": 0.5, ""init_gamma"": 0.5, ""init_strategy"": ""random"", ""initial_beta"": [0.8238367771828463, 0.2972602367602962], ""initial_gamma"": [0.15999114500430367, 0.5859435148402273], ""mixer_type"": ""xy"", ""opt_steps"": 100, ""p_layers"": 2, ""random_seed"": 102, ""selection_pool"": ""top_k_probable_states"", ""top_k"": 32}",1,1,sweep_20260626_163548_3b2fdff6,src/experiments/scenarios/research_b1_random_init_sweep.toml,B1R.7,QAOA depth sweep with random initialization [7/35],success,,,,2,,,,,,,,,102,,,,,{},,,,,,,,,"{""1000"": 0, ""1001"": 0, ""1002"": 1, ""1003"": 1}",-20.5,[],"{""1000"": 1, ""1001"": 1, ""1002"": 0, ""1003"": 0}",-20.5,True,"{""1000"": 1, ""1001"": 1, ""1002"": 0, ""1003"": 0}",-20.5,True,True
1.7434711456298828,,,,,"{""1000"": 1, ""1001"": 1, ""1002"": 0, ""1003"": 0}",,-20.364998844703464,-20.26703241976987,7,100,-20.5,True,,,0.06313559029507439,,2,4,,,8,True,0.0,SchedulingOutput,default,1738.9825459999884,qaoa_pennylane_lightning.gpu_xy_mixer,"{""device"": ""lightning.gpu"", ""final_beta"": [0.2501316449094842, 0.9273324202700878], ""final_gamma"": [0.3126814832473021, -0.0003300267009472746], ""init_beta"": 0.5, ""init_gamma"": 0.5, ""init_strategy"": ""random"", ""initial_beta"": [0.18200972809430516, 0.8601786455934323], ""initial_gamma"": [0.3126832327229475, 0.22431822262604761], ""mixer_type"": ""xy"", ""opt_steps"": 100, ""p_layers"": 2, ""random_seed"": 103, ""selection_pool"": ""top_k_probable_states"", ""top_k"": 32}",1,1,sweep_20260626_163548_3b2fdff6,src/experiments/scenarios/research_b1_random_init_sweep.toml,B1R.8,QAOA depth sweep with random initialization [8/35],success,,,,2,,,,,,,,,103,,,,,{},,,,,,,,,"{""1000"": 1, ""1001"": 1, ""1002"": 0, ""1003"": 0}",-20.5,[],"{""1000"": 1, ""1001"": 1, ""1002"": 0, ""1003"": 0}",-20.5,True,"{""1000"": 1, ""1001"": 1, ""1002"": 0, ""1003"": 0}",-20.5,True,True
1.731123924255371,,,,,"{""1000"": 0, ""1001"": 0, ""1002"": 1, ""1003"": 1}",,-20.36499966394711,-20.34620557619374,8,100,-20.5,True,,,0.0628201266357164,,2,4,,,8,True,0.0,SchedulingOutput,default,1726.6097900001114,qaoa_pennylane_lightning.gpu_xy_mixer,"{""device"": ""lightning.gpu"", ""final_beta"": [0.2552327288408122, 0.1371468666406856], ""final_gamma"": [0.8385632649190743, -0.0014370843290800158], ""init_beta"": 0.5, ""init_gamma"": 0.5, ""init_strategy"": ""random"", ""initial_beta"": [0.21608882822682463, 0.12541189794094187], ""initial_gamma"": [0.8385648123695356, 0.6921481486273471], ""mixer_type"": ""xy"", ""opt_steps"": 100, ""p_layers"": 2, ""random_seed"": 104, ""selection_pool"": ""top_k_probable_states"", ""top_k"": 32}",1,1,sweep_20260626_163548_3b2fdff6,src/experiments/scenarios/research_b1_random_init_sweep.toml,B1R.9,QAOA depth sweep with random initialization [9/35],success,,,,2,,,,,,,,,104,,,,,{},,,,,,,,,"{""1000"": 0, ""1001"": 0, ""1002"": 1, ""1003"": 1}",-20.5,[],"{""1000"": 1, ""1001"": 1, ""1002"": 0, ""1003"": 0}",-20.5,True,"{""1000"": 1, ""1001"": 1, ""1002"": 0, ""1003"": 0}",-20.5,True,True
1.9214634895324707,,,,,"{""1000"": 1, ""1001"": 1, ""1002"": 0, ""1003"": 0}",,-20.364995938024336,-20.170928089692026,3,100,-20.5,True,,,0.06302521924189061,,2,4,,,8,True,0.0,SchedulingOutput,default,1916.8476799995915,qaoa_pennylane_lightning.gpu_xy_mixer,"{""device"": ""lightning.gpu"", ""final_beta"": [0.0002164855103162311, 0.39306392194378126], ""final_gamma"": [0.6381922163759675, 2.018175134549094], ""init_beta"": 0.5, ""init_gamma"": 0.5, ""init_strategy"": ""random"", ""initial_beta"": [0.0967294554466237, 0.5067043417697544], ""initial_gamma"": [0.6381953336015446, 0.9914597754812582], ""mixer_type"": ""xy"", ""opt_steps"": 100, ""p_layers"": 2, ""random_seed"": 105, ""selection_pool"": ""top_k_probable_states"", ""top_k"": 32}",1,1,sweep_20260626_163548_3b2fdff6,src/experiments/scenarios/research_b1_random_init_sweep.toml,B1R.10,QAOA depth sweep with random initialization [10/35],success,,,,2,,,,,,,,,105,,,,,{},,,,,,,,,"{""1000"": 1, ""1001"": 1, ""1002"": 0, ""1003"": 0}",-20.5,[],"{""1000"": 1, ""1001"": 1, ""1002"": 0, ""1003"": 0}",-20.5,True,"{""1000"": 1, ""1001"": 1, ""1002"": 0, ""1003"": 0}",-20.5,True,True
2.376603126525879,,,,,"{""1000"": 0, ""1001"": 0, ""1002"": 1, ""1003"": 1}",,-20.364996408132416,-20.240993176307125,11,100,-20.5,True,,,0.06300054752134022,,2,4,,,8,True,0.0,SchedulingOutput,default,2371.989547999874,qaoa_pennylane_lightning.gpu_xy_mixer,"{""device"": ""lightning.gpu"", ""final_beta"": [0.6574569957782267, 0.3424055884424771, 0.9641318443392458], ""final_gamma"": [0.9435330321220305, -0.001628846860885785, -0.000342909518224782], ""init_beta"": 0.5, ""init_gamma"": 0.5, ""init_strategy"": ""random"", ""initial_beta"": [0.5912781852294118, 0.2943285611969282, 0.9227256864229143], ""initial_gamma"": [0.9435325056105539, 0.35942103334157316, 0.7848054119699771], ""mixer_type"": ""xy"", ""opt_steps"": 100, ""p_layers"": 3, ""random_seed"": 101, ""selection_pool"": ""top_k_probable_states"", ""top_k"": 32}",1,1,sweep_20260626_163548_3b2fdff6,src/experiments/scenarios/research_b1_random_init_sweep.toml,B1R.11,QAOA depth sweep with random initialization [11/35],success,,,,3,,,,,,,,,101,,,,,{},,,,,,,,,"{""1000"": 0, ""1001"": 0, ""1002"": 1, ""1003"": 1}",-20.5,[],"{""1000"": 1, ""1001"": 1, ""1002"": 0, ""1003"": 0}",-20.5,True,"{""1000"": 1, ""1001"": 1, ""1002"": 0, ""1003"": 0}",-20.5,True,True
2.344115734100342,,,,,"{""1000"": 0, ""1001"": 0, ""1002"": 1, ""1003"": 1}",,-20.43674260648259,-20.107421556572653,88,100,-20.5,True,,,0.09486822136420701,,2,4,,,8,True,0.0,SchedulingOutput,default,2339.3012930000623,qaoa_pennylane_lightning.gpu_xy_mixer,"{""device"": ""lightning.gpu"", ""final_beta"": [0.3994314059949696, 0.383337544527403, 0.39938444142470614], ""final_gamma"": [0.15999494973889292, -2.7095903632544402, 2.833227793996167], ""init_beta"": 0.5, ""init_gamma"": 0.5, ""init_strategy"": ""random"", ""initial_beta"": [0.2972602367602962, 0.6848995215463021, 0.463884160305983], ""initial_gamma"": [0.15999114500430367, 0.5859435148402273, 0.8238367771828463], ""mixer_type"": ""xy"", ""opt_steps"": 100, ""p_layers"": 3, ""random_seed"": 102, ""selection_pool"": ""top_k_probable_states"", ""top_k"": 32}",1,1,sweep_20260626_163548_3b2fdff6,src/experiments/scenarios/research_b1_random_init_sweep.toml,B1R.12,QAOA depth sweep with random initialization [12/35],success,,,,3,,,,,,,,,102,,,,,{},,,,,,,,,"{""1000"": 0, ""1001"": 0, ""1002"": 1, ""1003"": 1}",-20.5,[],"{""1000"": 1, ""1001"": 1, ""1002"": 0, ""1003"": 0}",-20.5,True,"{""1000"": 1, ""1001"": 1, ""1002"": 0, ""1003"": 0}",-20.5,True,True
2.407463788986206,,,,,"{""1000"": 0, ""1001"": 0, ""1002"": 1, ""1003"": 1}",,-20.36499973095708,-20.258166443595137,2,100,-20.5,True,,,0.06291519404521803,,2,4,,,8,True,0.0,SchedulingOutput,default,2402.818496999771,qaoa_pennylane_lightning.gpu_xy_mixer,"{""device"": ""lightning.gpu"", ""final_beta"": [0.906657520513428, 0.905710612661032, 0.15071311326851647], ""final_gamma"": [0.3126822558334498, 0.0003417022924659779, 7.054310368170757e-05], ""init_beta"": 0.5, ""init_gamma"": 0.5, ""init_strategy"": ""random"", ""initial_beta"": [0.8601786455934323, 0.8575424883803695, 0.10356243358047368], ""initial_gamma"": [0.3126832327229475, 0.22431822262604761, 0.18200972809430516], ""mixer_type"": ""xy"", ""opt_steps"": 100, ""p_layers"": 3, ""random_seed"": 103, ""selection_pool"": ""top_k_probable_states"", ""top_k"": 32}",1,1,sweep_20260626_163548_3b2fdff6,src/experiments/scenarios/research_b1_random_init_sweep.toml,B1R.13,QAOA depth sweep with random initialization [13/35],success,,,,3,,,,,,,,,103,,,,,{},,,,,,,,,"{""1000"": 0, ""1001"": 0, ""1002"": 1, ""1003"": 1}",-20.5,[],"{""1000"": 1, ""1001"": 1, ""1002"": 0, ""1003"": 0}",-20.5,True,"{""1000"": 1, ""1001"": 1, ""1002"": 0, ""1003"": 0}",-20.5,True,True
2.3984298706054688,,,,,"{""1000"": 0, ""1001"": 0, ""1002"": 1, ""1003"": 1}",,-20.36499938853229,-20.332428503229536,4,100,-20.5,True,,,0.06271457960140199,,2,4,,,8,True,0.0,SchedulingOutput,default,2393.5793209998337,qaoa_pennylane_lightning.gpu_xy_mixer,"{""device"": ""lightning.gpu"", ""final_beta"": [0.07194580622833137, 0.35227595863665023, 0.75366107423892], ""final_gamma"": [0.8385691529441022, -0.0027939019854551824, -0.008454399065555736], ""init_beta"": 0.5, ""init_gamma"": 0.5, ""init_strategy"": ""random"", ""initial_beta"": [0.12541189794094187, 0.3750692891554672, 0.7538885181255889], ""initial_gamma"": [0.8385648123695356, 0.6921481486273471, 0.21608882822682463], ""mixer_type"": ""xy"", ""opt_steps"": 100, ""p_layers"": 3, ""random_seed"": 104, ""selection_pool"": ""top_k_probable_states"", ""top_k"": 32}",1,1,sweep_20260626_163548_3b2fdff6,src/experiments/scenarios/research_b1_random_init_sweep.toml,B1R.14,QAOA depth sweep with random initialization [14/35],success,,,,3,,,,,,,,,104,,,,,{},,,,,,,,,"{""1000"": 0, ""1001"": 0, ""1002"": 1, ""1003"": 1}",-20.5,[],"{""1000"": 1, ""1001"": 1, ""1002"": 0, ""1003"": 0}",-20.5,True,"{""1000"": 1, ""1001"": 1, ""1002"": 0, ""1003"": 0}",-20.5,True,True
2.4243574142456055,,,,,"{""1000"": 0, ""1001"": 0, ""1002"": 1, ""1003"": 1}",,-20.428763183854194,-20.333970462420098,99,100,-20.5,True,,,0.08815292911275592,,2,4,,,8,True,0.0,SchedulingOutput,default,2419.840785999895,qaoa_pennylane_lightning.gpu_xy_mixer,"{""device"": ""lightning.gpu"", ""final_beta"": [0.40451713589560906, 0.40251753946703084, 0.37328452820327956], ""final_gamma"": [0.6381977378044765, -2.1561848004042634, 2.2904203708478814], ""init_beta"": 0.5, ""init_gamma"": 0.5, ""init_strategy"": ""random"", ""initial_beta"": [0.5067043417697544, 0.3964389514829554, 0.20601623604664498], ""initial_gamma"": [0.6381953336015446, 0.9914597754812582, 0.0967294554466237], ""mixer_type"": ""xy"", ""opt_steps"": 100, ""p_layers"": 3, ""random_seed"": 105, ""selection_pool"": ""top_k_probable_states"", ""top_k"": 32}",1,1,sweep_20260626_163548_3b2fdff6,src/experiments/scenarios/research_b1_random_init_sweep.toml,B1R.15,QAOA depth sweep with random initialization [15/35],success,,,,3,,,,,,,,,105,,,,,{},,,,,,,,,"{""1000"": 0, ""1001"": 0, ""1002"": 1, ""1003"": 1}",-20.5,[],"{""1000"": 1, ""1001"": 1, ""1002"": 0, ""1003"": 0}",-20.5,True,"{""1000"": 1, ""1001"": 1, ""1002"": 0, ""1003"": 0}",-20.5,True,True
3.11151123046875,,,,,"{""1000"": 1, ""1001"": 1, ""1002"": 0, ""1003"": 0}",,-20.437611710571304,-20.075338600695666,67,100,-20.5,True,,,0.09603486457016534,,2,4,,,8,True,0.0,SchedulingOutput,default,3106.6489059999185,qaoa_pennylane_lightning.gpu_xy_mixer,"{""device"": ""lightning.gpu"", ""final_beta"": [0.39149804595034815, 1.102667723829886, 0.883866602039598, 0.3619791350382533], ""final_gamma"": [0.9435343902524189, -2.8369249429649037, 0.7329958922804378, 1.7678085736943574], ""init_beta"": 0.5, ""init_gamma"": 0.5, ""init_strategy"": ""random"", ""initial_beta"": [0.2943285611969282, 0.9227256864229143, 0.8693315446785694, 0.36413842629052284], ""initial_gamma"": [0.9435325056105539, 0.35942103334157316, 0.7848054119699771, 0.5912781852294118], ""mixer_type"": ""xy"", ""opt_steps"": 100, ""p_layers"": 4, ""random_seed"": 101, ""selection_pool"": ""top_k_probable_states"", ""top_k"": 32}",1,1,sweep_20260626_163548_3b2fdff6,src/experiments/scenarios/research_b1_random_init_sweep.toml,B1R.16,QAOA depth sweep with random initialization [16/35],success,,,,4,,,,,,,,,101,,,,,{},,,,,,,,,"{""1000"": 1, ""1001"": 1, ""1002"": 0, ""1003"": 0}",-20.5,[],"{""1000"": 1, ""1001"": 1, ""1002"": 0, ""1003"": 0}",-20.5,True,"{""1000"": 1, ""1001"": 1, ""1002"": 0, ""1003"": 0}",-20.5,True,True
3.014009475708008,,,,,"{""1000"": 1, ""1001"": 1, ""1002"": 0, ""1003"": 0}",,-20.43762712545746,-20.260354507413737,67,100,-20.5,True,,,0.09787063320782485,,2,4,,,8,True,0.0,SchedulingOutput,default,3009.4078540000737,qaoa_pennylane_lightning.gpu_xy_mixer,"{""device"": ""lightning.gpu"", ""final_beta"": [0.7047951891484363, 0.4442367867318775, 1.2160985699908404, 0.3705866423219919], ""final_gamma"": [0.1599873806924243, 0.24302491631774195, 2.6180443780576863, -2.6437239532524077], ""init_beta"": 0.5, ""init_gamma"": 0.5, ""init_strategy"": ""random"", ""initial_beta"": [0.6848995215463021, 0.463884160305983, 0.8913574298723872, 0.5648732620297581], ""initial_gamma"": [0.15999114500430367, 0.5859435148402273, 0.8238367771828463, 0.2972602367602962], ""mixer_type"": ""xy"", ""opt_steps"": 100, ""p_layers"": 4, ""random_seed"": 102, ""selection_pool"": ""top_k_probable_states"", ""top_k"": 32}",1,1,sweep_20260626_163548_3b2fdff6,src/experiments/scenarios/research_b1_random_init_sweep.toml,B1R.17,QAOA depth sweep with random initialization [17/35],success,,,,4,,,,,,,,,102,,,,,{},,,,,,,,,"{""1000"": 1, ""1001"": 1, ""1002"": 0, ""1003"": 0}",-20.5,[],"{""1000"": 1, ""1001"": 1, ""1002"": 0, ""1003"": 0}",-20.5,True,"{""1000"": 1, ""1001"": 1, ""1002"": 0, ""1003"": 0}",-20.5,True,True
3.141908884048462,,,,,"{""1000"": 1, ""1001"": 1, ""1002"": 0, ""1003"": 0}",,-20.364997250169644,-20.348772485875003,12,100,-20.5,True,,,0.06256501134885849,,2,4,,,8,True,0.0,SchedulingOutput,default,3137.21001399972,qaoa_pennylane_lightning.gpu_xy_mixer,"{""device"": ""lightning.gpu"", ""final_beta"": [0.855674845757466, 0.10905470012132182, 0.29699232021308486, 0.7017084756624089], ""final_gamma"": [0.31268391628130954, -0.00015898240101276347, -0.0017468433481086143, -0.005052767478023692], ""init_beta"": 0.5, ""init_gamma"": 0.5, ""init_strategy"": ""random"", ""initial_beta"": [0.8575424883803695, 0.10356243358047368, 0.28908983713423964, 0.6615717391462898], ""initial_gamma"": [0.3126832327229475, 0.22431822262604761, 0.18200972809430516, 0.8601786455934323], ""mixer_type"": ""xy"", ""opt_steps"": 100, ""p_layers"": 4, ""random_seed"": 103, ""selection_pool"": ""top_k_probable_states"", ""top_k"": 32}",1,1,sweep_20260626_163548_3b2fdff6,src/experiments/scenarios/research_b1_random_init_sweep.toml,B1R.18,QAOA depth sweep with random initialization [18/35],success,,,,4,,,,,,,,,103,,,,,{},,,,,,,,,"{""1000"": 1, ""1001"": 1, ""1002"": 0, ""1003"": 0}",-20.5,[],"{""1000"": 1, ""1001"": 1, ""1002"": 0, ""1003"": 0}",-20.5,True,"{""1000"": 1, ""1001"": 1, ""1002"": 0, ""1003"": 0}",-20.5,True,True
3.1512668132781982,,,,,"{""1000"": 1, ""1001"": 1, ""1002"": 0, ""1003"": 0}",,-20.437819143366408,-20.046495149679593,59,100,-20.5,True,,,0.09732391391379587,,2,4,,,8,True,0.0,SchedulingOutput,default,3146.611731000121,qaoa_pennylane_lightning.gpu_xy_mixer,"{""device"": ""lightning.gpu"", ""final_beta"": [0.40042671573019734, 0.5173440958449371, 0.6371458535067113, 0.41985470766505223], ""final_gamma"": [0.8385588356681497, 2.83302598380315, -0.39410339117943965, -2.248857903455672], ""init_beta"": 0.5, ""init_gamma"": 0.5, ""init_strategy"": ""random"", ""initial_beta"": [0.3750692891554672, 0.7538885181255889, 0.7351879615584447, 0.41288948254051716], ""initial_gamma"": [0.8385648123695356, 0.6921481486273471, 0.21608882822682463, 0.12541189794094187], ""mixer_type"": ""xy"", ""opt_steps"": 100, ""p_layers"": 4, ""random_seed"": 104, ""selection_pool"": ""top_k_probable_states"", ""top_k"": 32}",1,1,sweep_20260626_163548_3b2fdff6,src/experiments/scenarios/research_b1_random_init_sweep.toml,B1R.19,QAOA depth sweep with random initialization [19/35],success,,,,4,,,,,,,,,104,,,,,{},,,,,,,,,"{""1000"": 1, ""1001"": 1, ""1002"": 0, ""1003"": 0}",-20.5,[],"{""1000"": 1, ""1001"": 1, ""1002"": 0, ""1003"": 0}",-20.5,True,"{""1000"": 1, ""1001"": 1, ""1002"": 0, ""1003"": 0}",-20.5,True,True
3.0289065837860107,,,,,"{""1000"": 0, ""1001"": 0, ""1002"": 1, ""1003"": 1}",,-20.437829776766947,-20.32949027313301,62,100,-20.5,True,,,0.09339539251122737,,2,4,,,8,True,0.0,SchedulingOutput,default,3024.0747369998644,qaoa_pennylane_lightning.gpu_xy_mixer,"{""device"": ""lightning.gpu"", ""final_beta"": [0.39414105735037924, 0.36833166881662893, 0.8229150388918443, 0.3749169545130894], ""final_gamma"": [0.638197053893167, 2.7298992028677236, -1.2048443061688994, -1.4208099919230275], ""init_beta"": 0.5, ""init_gamma"": 0.5, ""init_strategy"": ""random"", ""initial_beta"": [0.3964389514829554, 0.20601623604664498, 0.8833688233707825, 0.5404828798832907], ""initial_gamma"": [0.6381953336015446, 0.9914597754812582, 0.0967294554466237, 0.5067043417697544], ""mixer_type"": ""xy"", ""opt_steps"": 100, ""p_layers"": 4, ""random_seed"": 105, ""selection_pool"": ""top_k_probable_states"", ""top_k"": 32}",1,1,sweep_20260626_163548_3b2fdff6,src/experiments/scenarios/research_b1_random_init_sweep.toml,B1R.20,QAOA depth sweep with random initialization [20/35],success,,,,4,,,,,,,,,105,,,,,{},,,,,,,,,"{""1000"": 0, ""1001"": 0, ""1002"": 1, ""1003"": 1}",-20.5,[],"{""1000"": 1, ""1001"": 1, ""1002"": 0, ""1003"": 0}",-20.5,True,"{""1000"": 1, ""1001"": 1, ""1002"": 0, ""1003"": 0}",-20.5,True,True
3.851191520690918,,,,,"{""1000"": 1, ""1001"": 1, ""1002"": 0, ""1003"": 0}",,-20.437577574133122,-20.191969407546203,68,100,-20.5,True,,,0.10472917767142247,,2,4,,,8,True,0.0,SchedulingOutput,default,3846.4044880001893,qaoa_pennylane_lightning.gpu_xy_mixer,"{""device"": ""lightning.gpu"", ""final_beta"": [1.0826605459952132, 0.9202531617283819, 0.2800542708779113, 0.9258499297701728, 0.3066122076415049], ""final_gamma"": [0.9435312582140883, 0.8918153405571627, 2.0873812312125164, -1.8016350308660836, -1.0944715362709372], ""init_beta"": 0.5, ""init_gamma"": 0.5, ""init_strategy"": ""random"", ""initial_beta"": [0.9227256864229143, 0.8693315446785694, 0.36413842629052284, 0.973176814632894, 0.22452433073513123], ""initial_gamma"": [0.9435325056105539, 0.35942103334157316, 0.7848054119699771, 0.5912781852294118, 0.2943285611969282], ""mixer_type"": ""xy"", ""opt_steps"": 100, ""p_layers"": 5, ""random_seed"": 101, ""selection_pool"": ""top_k_probable_states"", ""top_k"": 32}",1,1,sweep_20260626_163548_3b2fdff6,src/experiments/scenarios/research_b1_random_init_sweep.toml,B1R.21,QAOA depth sweep with random initialization [21/35],success,,,,5,,,,,,,,,101,,,,,{},,,,,,,,,"{""1000"": 1, ""1001"": 1, ""1002"": 0, ""1003"": 0}",-20.5,[],"{""1000"": 1, ""1001"": 1, ""1002"": 0, ""1003"": 0}",-20.5,True,"{""1000"": 1, ""1001"": 1, ""1002"": 0, ""1003"": 0}",-20.5,True,True
3.8096957206726074,,,,,"{""1000"": 1, ""1001"": 1, ""1002"": 0, ""1003"": 0}",,-20.435172614639868,-20.07092362397259,85,100,-20.5,True,,,0.09862949801116962,,2,4,,,8,True,0.0,SchedulingOutput,default,3804.9908469997717,qaoa_pennylane_lightning.gpu_xy_mixer,"{""device"": ""lightning.gpu"", ""final_beta"": [0.4435933793503779, 1.0436603597927114, 0.4920647229967413, 1.1680185273502213, 0.39008933897474557], ""final_gamma"": [0.15999089554212728, -1.4021278939990318, 1.151468381178166, -2.0997491883983117, 2.2855789163286784], ""init_beta"": 0.5, ""init_gamma"": 0.5, ""init_strategy"": ""random"", ""initial_beta"": [0.463884160305983, 0.8913574298723872, 0.5648732620297581, 0.9931919916088925, 0.24252156006490633], ""initial_gamma"": [0.15999114500430367, 0.5859435148402273, 0.8238367771828463, 0.2972602367602962, 0.6848995215463021], ""mixer_type"": ""xy"", ""opt_steps"": 100, ""p_layers"": 5, ""random_seed"": 102, ""selection_pool"": ""top_k_probable_states"", ""top_k"": 32}",1,1,sweep_20260626_163548_3b2fdff6,src/experiments/scenarios/research_b1_random_init_sweep.toml,B1R.22,QAOA depth sweep with random initialization [22/35],success,,,,5,,,,,,,,,102,,,,,{},,,,,,,,,"{""1000"": 1, ""1001"": 1, ""1002"": 0, ""1003"": 0}",-20.5,[],"{""1000"": 1, ""1001"": 1, ""1002"": 0, ""1003"": 0}",-20.5,True,"{""1000"": 1, ""1001"": 1, ""1002"": 0, ""1003"": 0}",-20.5,True,True
3.7763545513153076,,,,,"{""1000"": 1, ""1001"": 1, ""1002"": 0, ""1003"": 0}",,-20.43784138781054,-20.1688842792133,61,100,-20.5,True,,,0.0939663092048716,,2,4,,,8,True,0.0,SchedulingOutput,default,3771.470111000326,qaoa_pennylane_lightning.gpu_xy_mixer,"{""device"": ""lightning.gpu"", ""final_beta"": [0.058611880260257675, 0.3379870240135077, 0.39983205734767857, 0.7664544472198536, 0.4043384763620022], ""final_gamma"": [0.3126855170028532, -0.08928796844293878, -2.767253799256019, 1.0565510541721193, 1.4713618410118883], ""init_beta"": 0.5, ""init_gamma"": 0.5, ""init_strategy"": ""random"", ""initial_beta"": [0.10356243358047368, 0.28908983713423964, 0.6615717391462898, 0.7012957636292413, 0.43868000311955313], ""initial_gamma"": [0.3126832327229475, 0.22431822262604761, 0.18200972809430516, 0.8601786455934323, 0.8575424883803695], ""mixer_type"": ""xy"", ""opt_steps"": 100, ""p_layers"": 5, ""random_seed"": 103, ""selection_pool"": ""top_k_probable_states"", ""top_k"": 32}",1,1,sweep_20260626_163548_3b2fdff6,src/experiments/scenarios/research_b1_random_init_sweep.toml,B1R.23,QAOA depth sweep with random initialization [23/35],success,,,,5,,,,,,,,,103,,,,,{},,,,,,,,,"{""1000"": 1, ""1001"": 1, ""1002"": 0, ""1003"": 0}",-20.5,[],"{""1000"": 1, ""1001"": 1, ""1002"": 0, ""1003"": 0}",-20.5,True,"{""1000"": 1, ""1001"": 1, ""1002"": 0, ""1003"": 0}",-20.5,True,True
3.700632095336914,,,,,"{""1000"": 0, ""1001"": 0, ""1002"": 1, ""1003"": 1}",,-20.365169324906354,-20.232615944252824,13,100,-20.5,True,,,0.06546220125702835,,2,4,,,8,True,0.0,SchedulingOutput,default,3696.0913230000187,qaoa_pennylane_lightning.gpu_xy_mixer,"{""device"": ""lightning.gpu"", ""final_beta"": [0.7746963538196838, 0.778230803124509, 0.4308193005040581, 0.6767601008066484, 0.865104097955961], ""final_gamma"": [0.8385639393075229, 1.8774937106672545, 1.3560954359341857, -0.5376139683520228, 0.34983880103465365], ""init_beta"": 0.5, ""init_gamma"": 0.5, ""init_strategy"": ""random"", ""initial_beta"": [0.7538885181255889, 0.7351879615584447, 0.41288948254051716, 0.6449313694549773, 0.8242052996554413], ""initial_gamma"": [0.8385648123695356, 0.6921481486273471, 0.21608882822682463, 0.12541189794094187, 0.3750692891554672], ""mixer_type"": ""xy"", ""opt_steps"": 100, ""p_layers"": 5, ""random_seed"": 104, ""selection_pool"": ""top_k_probable_states"", ""top_k"": 32}",1,1,sweep_20260626_163548_3b2fdff6,src/experiments/scenarios/research_b1_random_init_sweep.toml,B1R.24,QAOA depth sweep with random initialization [24/35],success,,,,5,,,,,,,,,104,,,,,{},,,,,,,,,"{""1000"": 0, ""1001"": 0, ""1002"": 1, ""1003"": 1}",-20.5,[],"{""1000"": 1, ""1001"": 1, ""1002"": 0, ""1003"": 0}",-20.5,True,"{""1000"": 1, ""1001"": 1, ""1002"": 0, ""1003"": 0}",-20.5,True,True
3.9125680923461914,,,,,"{""1000"": 0, ""1001"": 0, ""1002"": 1, ""1003"": 1}",,-20.437708518058688,-20.124875961926946,72,100,-20.5,True,,,0.09356102515203407,,2,4,,,8,True,0.0,SchedulingOutput,default,3907.9765050000788,qaoa_pennylane_lightning.gpu_xy_mixer,"{""device"": ""lightning.gpu"", ""final_beta"": [0.3578075711119337, 0.8439302731383652, 0.4810074374738332, 0.6313838913292206, 0.44316492723779255], ""final_gamma"": [0.6381926544315754, 1.1631748801352682, 1.8519577640296256, -0.857748207460359, -1.9304976084519798], ""init_beta"": 0.5, ""init_gamma"": 0.5, ""init_strategy"": ""random"", ""initial_beta"": [0.20601623604664498, 0.8833688233707825, 0.5404828798832907, 0.6122044605583746, 0.28536158759203756], ""initial_gamma"": [0.6381953336015446, 0.9914597754812582, 0.0967294554466237, 0.5067043417697544, 0.3964389514829554], ""mixer_type"": ""xy"", ""opt_steps"": 100, ""p_layers"": 5, ""random_seed"": 105, ""selection_pool"": ""top_k_probable_states"", ""top_k"": 32}",1,1,sweep_20260626_163548_3b2fdff6,src/experiments/scenarios/research_b1_random_init_sweep.toml,B1R.25,QAOA depth sweep with random initialization [25/35],success,,,,5,,,,,,,,,105,,,,,{},,,,,,,,,"{""1000"": 0, ""1001"": 0, ""1002"": 1, ""1003"": 1}",-20.5,[],"{""1000"": 1, ""1001"": 1, ""1002"": 0, ""1003"": 0}",-20.5,True,"{""1000"": 1, ""1001"": 1, ""1002"": 0, ""1003"": 0}",-20.5,True,True
4.418453693389893,,,,,"{""1000"": 0, ""1001"": 0, ""1002"": 1, ""1003"": 1}",,-20.437683621744675,-20.015105026244104,70,100,-20.5,True,,,0.09425570230524946,,2,4,,,8,True,0.0,SchedulingOutput,default,4413.664030000291,qaoa_pennylane_lightning.gpu_xy_mixer,"{""device"": ""lightning.gpu"", ""final_beta"": [0.9583679892398094, 0.2697493317844781, 1.121744863358399, 0.3524511928505763, 0.8285241683375626, 0.8014948248811258], ""final_gamma"": [0.9435310524460121, 0.5440240779705118, 2.4852179013208398, -2.6584851764990733, 0.09818515153071383, 0.9385124987858744], ""init_beta"": 0.5, ""init_gamma"": 0.5, ""init_strategy"": ""random"", ""initial_beta"": [0.8693315446785694, 0.36413842629052284, 0.973176814632894, 0.22452433073513123, 0.8054958679281221, 0.6808962312808441], ""initial_gamma"": [0.9435325056105539, 0.35942103334157316, 0.7848054119699771, 0.5912781852294118, 0.2943285611969282, 0.9227256864229143], ""mixer_type"": ""xy"", ""opt_steps"": 100, ""p_layers"": 6, ""random_seed"": 101, ""selection_pool"": ""top_k_probable_states"", ""top_k"": 32}",1,1,sweep_20260626_163548_3b2fdff6,src/experiments/scenarios/research_b1_random_init_sweep.toml,B1R.26,QAOA depth sweep with random initialization [26/35],success,,,,6,,,,,,,,,101,,,,,{},,,,,,,,,"{""1000"": 0, ""1001"": 0, ""1002"": 1, ""1003"": 1}",-20.5,[],"{""1000"": 1, ""1001"": 1, ""1002"": 0, ""1003"": 0}",-20.5,True,"{""1000"": 1, ""1001"": 1, ""1002"": 0, ""1003"": 0}",-20.5,True,True
4.312053203582764,,,,,"{""1000"": 1, ""1001"": 1, ""1002"": 0, ""1003"": 0}",,-20.437853760267352,-20.022519593461112,57,100,-20.5,True,,,0.09480409697892625,,2,4,,,8,True,0.0,SchedulingOutput,default,4307.469562999813,qaoa_pennylane_lightning.gpu_xy_mixer,"{""device"": ""lightning.gpu"", ""final_beta"": [0.9750889769974845, 0.6810805459668013, 1.1237626942354886, 0.3002943819185124, 0.07197110357544628, 0.3779733518183734], ""final_gamma"": [0.15999462795787836, -0.6391734514272851, 0.4068963854679041, -2.552902322488061, 1.1229614333335964, 1.5346653011016969], ""init_beta"": 0.5, ""init_gamma"": 0.5, ""init_strategy"": ""random"", ""initial_beta"": [0.8913574298723872, 0.5648732620297581, 0.9931919916088925, 0.24252156006490633, 0.10929626043933605, 0.34554992113891947], ""initial_gamma"": [0.15999114500430367, 0.5859435148402273, 0.8238367771828463, 0.2972602367602962, 0.6848995215463021, 0.463884160305983], ""mixer_type"": ""xy"", ""opt_steps"": 100, ""p_layers"": 6, ""random_seed"": 102, ""selection_pool"": ""top_k_probable_states"", ""top_k"": 32}",1,1,sweep_20260626_163548_3b2fdff6,src/experiments/scenarios/research_b1_random_init_sweep.toml,B1R.27,QAOA depth sweep with random initialization [27/35],success,,,,6,,,,,,,,,102,,,,,{},,,,,,,,,"{""1000"": 1, ""1001"": 1, ""1002"": 0, ""1003"": 0}",-20.5,[],"{""1000"": 1, ""1001"": 1, ""1002"": 0, ""1003"": 0}",-20.5,True,"{""1000"": 1, ""1001"": 1, ""1002"": 0, ""1003"": 0}",-20.5,True,True
4.292360544204712,,,,,"{""1000"": 1, ""1001"": 1, ""1002"": 0, ""1003"": 0}",,-20.437818965268228,-20.13773027872603,46,100,-20.5,True,,,0.0969459417775459,,2,4,,,8,True,0.0,SchedulingOutput,default,4287.921606000054,qaoa_pennylane_lightning.gpu_xy_mixer,"{""device"": ""lightning.gpu"", ""final_beta"": [0.4055935986476261, 0.6914066272881185, 0.5647991099538794, 0.5748311425518722, 0.49962139825680335, 0.8088527918148607], ""final_gamma"": [0.31268103061565444, -2.0865210208939753, -0.9548304729455209, 1.9722225683896715, 1.1610227023086586, 0.7253409011734799], ""init_beta"": 0.5, ""init_gamma"": 0.5, ""init_strategy"": ""random"", ""initial_beta"": [0.28908983713423964, 0.6615717391462898, 0.7012957636292413, 0.43868000311955313, 0.4814066037421443, 0.7399831443414295], ""initial_gamma"": [0.3126832327229475, 0.22431822262604761, 0.18200972809430516, 0.8601786455934323, 0.8575424883803695, 0.10356243358047368], ""mixer_type"": ""xy"", ""opt_steps"": 100, ""p_layers"": 6, ""random_seed"": 103, ""selection_pool"": ""top_k_probable_states"", ""top_k"": 32}",1,1,sweep_20260626_163548_3b2fdff6,src/experiments/scenarios/research_b1_random_init_sweep.toml,B1R.28,QAOA depth sweep with random initialization [28/35],success,,,,6,,,,,,,,,103,,,,,{},,,,,,,,,"{""1000"": 1, ""1001"": 1, ""1002"": 0, ""1003"": 0}",-20.5,[],"{""1000"": 1, ""1001"": 1, ""1002"": 0, ""1003"": 0}",-20.5,True,"{""1000"": 1, ""1001"": 1, ""1002"": 0, ""1003"": 0}",-20.5,True,True
4.3962156772613525,,,,,"{""1000"": 0, ""1001"": 0, ""1002"": 1, ""1003"": 1}",,-20.409719964685106,-20.06043391948481,100,100,-20.5,True,,,0.10640020741782699,,2,4,,,8,True,0.0,SchedulingOutput,default,4391.570546000366,qaoa_pennylane_lightning.gpu_xy_mixer,"{""device"": ""lightning.gpu"", ""final_beta"": [0.8000376147579336, 0.4243037580613454, 0.7126432458668219, 0.9037900487305345, 0.22067772298230828, 0.5054146320882733], ""final_gamma"": [0.8385629874656996, 1.3998871931307528, -1.5659524350940015, -0.530157276487416, -1.115847456014244, 1.4794277943997165], ""init_beta"": 0.5, ""init_gamma"": 0.5, ""init_strategy"": ""random"", ""initial_beta"": [0.7351879615584447, 0.41288948254051716, 0.6449313694549773, 0.8242052996554413, 0.06628266008823458, 0.5382972369838714], ""initial_gamma"": [0.8385648123695356, 0.6921481486273471, 0.21608882822682463, 0.12541189794094187, 0.3750692891554672, 0.7538885181255889], ""mixer_type"": ""xy"", ""opt_steps"": 100, ""p_layers"": 6, ""random_seed"": 104, ""selection_pool"": ""top_k_probable_states"", ""top_k"": 32}",1,1,sweep_20260626_163548_3b2fdff6,src/experiments/scenarios/research_b1_random_init_sweep.toml,B1R.29,QAOA depth sweep with random initialization [29/35],success,,,,6,,,,,,,,,104,,,,,{},,,,,,,,,"{""1000"": 0, ""1001"": 0, ""1002"": 1, ""1003"": 1}",-20.5,[],"{""1000"": 1, ""1001"": 1, ""1002"": 0, ""1003"": 0}",-20.5,True,"{""1000"": 1, ""1001"": 1, ""1002"": 0, ""1003"": 0}",-20.5,True,True
4.358477592468262,,,,,"{""1000"": 0, ""1001"": 0, ""1002"": 1, ""1003"": 1}",,-20.437823647749134,-20.32979510632771,60,100,-20.5,True,,,0.09342218505705928,,2,4,,,8,True,0.0,SchedulingOutput,default,4353.811577000215,qaoa_pennylane_lightning.gpu_xy_mixer,"{""device"": ""lightning.gpu"", ""final_beta"": [0.8189146573235779, 0.4639948688069848, 0.6555248704413016, 0.42256423099419627, 0.4663840334623842, 0.7031525159374301], ""final_gamma"": [0.6381965516008103, 1.0370235287721186, 0.7052336771448635, 2.153082131285726, -2.6058629815258088, 0.17732483296130155], ""init_beta"": 0.5, ""init_gamma"": 0.5, ""init_strategy"": ""random"", ""initial_beta"": [0.8833688233707825, 0.5404828798832907, 0.6122044605583746, 0.28536158759203756, 0.5560590232215329, 0.7336757722912541], ""initial_gamma"": [0.6381953336015446, 0.9914597754812582, 0.0967294554466237, 0.5067043417697544, 0.3964389514829554, 0.20601623604664498], ""mixer_type"": ""xy"", ""opt_steps"": 100, ""p_layers"": 6, ""random_seed"": 105, ""selection_pool"": ""top_k_probable_states"", ""top_k"": 32}",1,1,sweep_20260626_163548_3b2fdff6,src/experiments/scenarios/research_b1_random_init_sweep.toml,B1R.30,QAOA depth sweep with random initialization [30/35],success,,,,6,,,,,,,,,105,,,,,{},,,,,,,,,"{""1000"": 0, ""1001"": 0, ""1002"": 1, ""1003"": 1}",-20.5,[],"{""1000"": 1, ""1001"": 1, ""1002"": 0, ""1003"": 0}",-20.5,True,"{""1000"": 1, ""1001"": 1, ""1002"": 0, ""1003"": 0}",-20.5,True,True
4.96639609336853,,,,,"{""1000"": 1, ""1001"": 1, ""1002"": 0, ""1003"": 0}",,-20.437877609520044,-20.31900312775398,66,100,-20.5,True,,,0.09477514423916682,,2,4,,,8,True,0.0,SchedulingOutput,default,4961.679857000036,qaoa_pennylane_lightning.gpu_xy_mixer,"{""device"": ""lightning.gpu"", ""final_beta"": [0.39583184189711845, 1.1319640297496243, 0.06336052241070321, 0.7958708970067107, 0.749844964683814, 0.4158997169014915, -0.012095720000611718], ""final_gamma"": [0.9435303170300706, -2.7372180109053796, 0.08414625893769617, 0.7888891422076458, 0.5615542134101579, 1.1382631164476165, 1.5367063187233116], ""init_beta"": 0.5, ""init_gamma"": 0.5, ""init_strategy"": ""random"", ""initial_beta"": [0.36413842629052284, 0.973176814632894, 0.22452433073513123, 0.8054958679281221, 0.6808962312808441, 0.47106052122569997, 0.030805470551009684], ""initial_gamma"": [0.9435325056105539, 0.35942103334157316, 0.7848054119699771, 0.5912781852294118, 0.2943285611969282, 0.9227256864229143, 0.8693315446785694], ""mixer_type"": ""xy"", ""opt_steps"": 100, ""p_layers"": 7, ""random_seed"": 101, ""selection_pool"": ""top_k_probable_states"", ""top_k"": 32}",1,1,sweep_20260626_163548_3b2fdff6,src/experiments/scenarios/research_b1_random_init_sweep.toml,B1R.31,QAOA depth sweep with random initialization [31/35],success,,,,7,,,,,,,,,101,,,,,{},,,,,,,,,"{""1000"": 1, ""1001"": 1, ""1002"": 0, ""1003"": 0}",-20.5,[],"{""1000"": 1, ""1001"": 1, ""1002"": 0, ""1003"": 0}",-20.5,True,"{""1000"": 1, ""1001"": 1, ""1002"": 0, ""1003"": 0}",-20.5,True,True
5.202892541885376,,,,,"{""1000"": 1, ""1001"": 1, ""1002"": 0, ""1003"": 0}",,-20.438339522141185,-20.302777044725726,65,100,-20.5,True,,,0.09608282084991392,,2,4,,,8,True,0.0,SchedulingOutput,default,5198.061510999651,qaoa_pennylane_lightning.gpu_xy_mixer,"{""device"": ""lightning.gpu"", ""final_beta"": [0.5103210281919263, 1.0373709930630133, 0.2935038842863887, 0.18971556798372788, 0.36752850305710655, 0.7468938770241885, 0.4084979922191321], ""final_gamma"": [0.15999146824566934, -1.131841688657971, 1.9338953201020828, -0.9269560433787498, -1.632452716028193, 0.8387149085426275, 1.2232024250719942], ""init_beta"": 0.5, ""init_gamma"": 0.5, ""init_strategy"": ""random"", ""initial_beta"": [0.5648732620297581, 0.9931919916088925, 0.24252156006490633, 0.10929626043933605, 0.34554992113891947, 0.7792144992475755, 0.5396525107745467], ""initial_gamma"": [0.15999114500430367, 0.5859435148402273, 0.8238367771828463, 0.2972602367602962, 0.6848995215463021, 0.463884160305983, 0.8913574298723872], ""mixer_type"": ""xy"", ""opt_steps"": 100, ""p_layers"": 7, ""random_seed"": 102, ""selection_pool"": ""top_k_probable_states"", ""top_k"": 32}",1,1,sweep_20260626_163548_3b2fdff6,src/experiments/scenarios/research_b1_random_init_sweep.toml,B1R.32,QAOA depth sweep with random initialization [32/35],success,,,,7,,,,,,,,,102,,,,,{},,,,,,,,,"{""1000"": 1, ""1001"": 1, ""1002"": 0, ""1003"": 0}",-20.5,[],"{""1000"": 1, ""1001"": 1, ""1002"": 0, ""1003"": 0}",-20.5,True,"{""1000"": 1, ""1001"": 1, ""1002"": 0, ""1003"": 0}",-20.5,True,True
4.991879224777222,,,,,"{""1000"": 1, ""1001"": 1, ""1002"": 0, ""1003"": 0}",,-20.437685755142525,-20.296560256934832,70,100,-20.5,True,,,0.09275727894443678,,2,4,,,8,True,0.0,SchedulingOutput,default,4987.22460099998,qaoa_pennylane_lightning.gpu_xy_mixer,"{""device"": ""lightning.gpu"", ""final_beta"": [0.5093843254140592, 0.606486710348513, 0.4780121543769866, 0.6218746956414634, 0.7293481598933962, 0.4281213027095502, 0.9355207347256232], ""final_gamma"": [0.3126855770560353, -0.7303840370436017, -2.256228232301146, 1.9345592819352966, 0.8298000746552747, -0.14166157966166706, 0.7147742022089312], ""init_beta"": 0.5, ""init_gamma"": 0.5, ""init_strategy"": ""random"", ""initial_beta"": [0.6615717391462898, 0.7012957636292413, 0.43868000311955313, 0.4814066037421443, 0.7399831443414295, 0.4389640958981894, 0.9598728385793203], ""initial_gamma"": [0.3126832327229475, 0.22431822262604761, 0.18200972809430516, 0.8601786455934323, 0.8575424883803695, 0.10356243358047368, 0.28908983713423964], ""mixer_type"": ""xy"", ""opt_steps"": 100, ""p_layers"": 7, ""random_seed"": 103, ""selection_pool"": ""top_k_probable_states"", ""top_k"": 32}",1,1,sweep_20260626_163548_3b2fdff6,src/experiments/scenarios/research_b1_random_init_sweep.toml,B1R.33,QAOA depth sweep with random initialization [33/35],success,,,,7,,,,,,,,,103,,,,,{},,,,,,,,,"{""1000"": 1, ""1001"": 1, ""1002"": 0, ""1003"": 0}",-20.5,[],"{""1000"": 1, ""1001"": 1, ""1002"": 0, ""1003"": 0}",-20.5,True,"{""1000"": 1, ""1001"": 1, ""1002"": 0, ""1003"": 0}",-20.5,True,True
5.174433946609497,,,,,"{""1000"": 1, ""1001"": 1, ""1002"": 0, ""1003"": 0}",,-20.43779030274745,-20.10920511722529,61,100,-20.5,True,,,0.09168634111940151,,2,4,,,8,True,0.0,SchedulingOutput,default,5169.555688999935,qaoa_pennylane_lightning.gpu_xy_mixer,"{""device"": ""lightning.gpu"", ""final_beta"": [0.3897227248353897, 0.7548484409483883, 0.857823858998936, 0.36338695098127693, 0.39883879351164336, 0.726954958502527, 0.8266158004291752], ""final_gamma"": [0.8385600839278896, 1.1797856044854726, 1.1187754597399635, 0.4424266516853811, -2.657309534445992, 0.6541082881470937, 0.8472314337884083], ""init_beta"": 0.5, ""init_gamma"": 0.5, ""init_strategy"": ""random"", ""initial_beta"": [0.41288948254051716, 0.6449313694549773, 0.8242052996554413, 0.06628266008823458, 0.5382972369838714, 0.7558726122982411, 0.8253250922683124], ""initial_gamma"": [0.8385648123695356, 0.6921481486273471, 0.21608882822682463, 0.12541189794094187, 0.3750692891554672, 0.7538885181255889, 0.7351879615584447], ""mixer_type"": ""xy"", ""opt_steps"": 100, ""p_layers"": 7, ""random_seed"": 104, ""selection_pool"": ""top_k_probable_states"", ""top_k"": 32}",1,1,sweep_20260626_163548_3b2fdff6,src/experiments/scenarios/research_b1_random_init_sweep.toml,B1R.34,QAOA depth sweep with random initialization [34/35],success,,,,7,,,,,,,,,104,,,,,{},,,,,,,,,"{""1000"": 1, ""1001"": 1, ""1002"": 0, ""1003"": 0}",-20.5,[],"{""1000"": 1, ""1001"": 1, ""1002"": 0, ""1003"": 0}",-20.5,True,"{""1000"": 1, ""1001"": 1, ""1002"": 0, ""1003"": 0}",-20.5,True,True
5.0725085735321045,,,,,"{""1000"": 0, ""1001"": 0, ""1002"": 1, ""1003"": 1}",,-20.43782554752879,-20.118284613128488,61,100,-20.5,True,,,0.09325009530696082,,2,4,,,8,True,0.0,SchedulingOutput,default,5067.592804000014,qaoa_pennylane_lightning.gpu_xy_mixer,"{""device"": ""lightning.gpu"", ""final_beta"": [0.8057668923950824, 0.366885652485985, 0.39443725633441673, 0.78305563234511, 0.7137320435792074, 0.0927738060287643, 0.37880808438552527], ""final_gamma"": [0.6382024308768991, 0.9626148322249499, -2.7799320718690126, 1.027955657100621, 0.47627217948813433, -0.009825445275180103, 1.0749357919557285], ""init_beta"": 0.5, ""init_gamma"": 0.5, ""init_strategy"": ""random"", ""initial_beta"": [0.5404828798832907, 0.6122044605583746, 0.28536158759203756, 0.5560590232215329, 0.7336757722912541, 0.19887510273005216, 0.2647640011800909], ""initial_gamma"": [0.6381953336015446, 0.9914597754812582, 0.0967294554466237, 0.5067043417697544, 0.3964389514829554, 0.20601623604664498, 0.8833688233707825], ""mixer_type"": ""xy"", ""opt_steps"": 100, ""p_layers"": 7, ""random_seed"": 105, ""selection_pool"": ""top_k_probable_states"", ""top_k"": 32}",1,1,sweep_20260626_163548_3b2fdff6,src/experiments/scenarios/research_b1_random_init_sweep.toml,B1R.35,QAOA depth sweep with random initialization [35/35],success,,,,7,,,,,,,,,105,,,,,{},,,,,,,,,"{""1000"": 0, ""1001"": 0, ""1002"": 1, ""1003"": 1}",-20.5,[],"{""1000"": 1, ""1001"": 1, ""1002"": 0, ""1003"": 0}",-20.5,True,"{""1000"": 1, ""1001"": 1, ""1002"": 0, ""1003"": 0}",-20.5,True,True
0.9239187240600586,,,,,"{""1000"": 0, ""1001"": 0, ""1002"": 1, ""1003"": 1}",,-20.36414830644896,-20.20979862661928,10,50,-20.5,True,,,0.07326156500246248,,2,4,,,8,True,0.0,SchedulingOutput,default,919.1870820000076,qaoa_pennylane_lightning.gpu_xy_mixer,"{""device"": ""lightning.gpu"", ""final_beta"": [0.594011120317915, 0.5939262281497858], ""final_gamma"": [0.5000000289223657, 0.14142874001423145], ""init_beta"": 0.5, ""init_gamma"": 0.5, ""init_strategy"": ""fixed"", ""initial_beta"": [0.5, 0.5], ""initial_gamma"": [0.5, 0.5], ""mixer_type"": ""xy"", ""opt_steps"": 50, ""p_layers"": 2, ""random_seed"": null, ""selection_pool"": ""top_k_probable_states"", ""top_k"": 32}",5,1,sweep_20260626_163548_3b2fdff6,src/experiments/scenarios/research_b2_optimizer_sweep.toml,B2.1,QAOA optimizer steps and learning-rate sweep [1/16],success,,,,,0.01,,,,,,,,,,50,,,{},,,,,,,,,"{""1000"": 0, ""1001"": 0, ""1002"": 1, ""1003"": 1}",-20.5,[],"{""1000"": 1, ""1001"": 1, ""1002"": 0, ""1003"": 0}",-20.5,True,"{""1000"": 1, ""1001"": 1, ""1002"": 0, ""1003"": 0}",-20.5,True,True
0.9128251075744629,,,,,"{""1000"": 0, ""1001"": 0, ""1002"": 1, ""1003"": 1}",,-20.36414830644896,-20.20979862661928,10,50,-20.5,True,,,0.07326156500246248,,2,4,,,8,True,0.0,SchedulingOutput,default,908.2430000003114,qaoa_pennylane_lightning.gpu_xy_mixer,"{""device"": ""lightning.gpu"", ""final_beta"": [0.594011120317915, 0.5939262281497858], ""final_gamma"": [0.5000000289223657, 0.14142874001423145], ""init_beta"": 0.5, ""init_gamma"": 0.5, ""init_strategy"": ""fixed"", ""initial_beta"": [0.5, 0.5], ""initial_gamma"": [0.5, 0.5], ""mixer_type"": ""xy"", ""opt_steps"": 50, ""p_layers"": 2, ""random_seed"": null, ""selection_pool"": ""top_k_probable_states"", ""top_k"": 32}",5,2,sweep_20260626_163548_3b2fdff6,src/experiments/scenarios/research_b2_optimizer_sweep.toml,B2.1,QAOA optimizer steps and learning-rate sweep [1/16],success,,,,,0.01,,,,,,,,,,50,,,{},,,,,,,,,"{""1000"": 0, ""1001"": 0, ""1002"": 1, ""1003"": 1}",-20.5,[],"{""1000"": 1, ""1001"": 1, ""1002"": 0, ""1003"": 0}",-20.5,True,"{""1000"": 1, ""1001"": 1, ""1002"": 0, ""1003"": 0}",-20.5,True,True
0.888373613357544,,,,,"{""1000"": 0, ""1001"": 0, ""1002"": 1, ""1003"": 1}",,-20.36414830644896,-20.20979862661928,10,50,-20.5,True,,,0.07326156500246248,,2,4,,,8,True,0.0,SchedulingOutput,default,883.8514789999863,qaoa_pennylane_lightning.gpu_xy_mixer,"{""device"": ""lightning.gpu"", ""final_beta"": [0.594011120317915, 0.5939262281497858], ""final_gamma"": [0.5000000289223657, 0.14142874001423145], ""init_beta"": 0.5, ""init_gamma"": 0.5, ""init_strategy"": ""fixed"", ""initial_beta"": [0.5, 0.5], ""initial_gamma"": [0.5, 0.5], ""mixer_type"": ""xy"", ""opt_steps"": 50, ""p_layers"": 2, ""random_seed"": null, ""selection_pool"": ""top_k_probable_states"", ""top_k"": 32}",5,3,sweep_20260626_163548_3b2fdff6,src/experiments/scenarios/research_b2_optimizer_sweep.toml,B2.1,QAOA optimizer steps and learning-rate sweep [1/16],success,,,,,0.01,,,,,,,,,,50,,,{},,,,,,,,,"{""1000"": 0, ""1001"": 0, ""1002"": 1, ""1003"": 1}",-20.5,[],"{""1000"": 1, ""1001"": 1, ""1002"": 0, ""1003"": 0}",-20.5,True,"{""1000"": 1, ""1001"": 1, ""1002"": 0, ""1003"": 0}",-20.5,True,True
0.9162676334381104,,,,,"{""1000"": 0, ""1001"": 0, ""1002"": 1, ""1003"": 1}",,-20.36414830644896,-20.20979862661928,10,50,-20.5,True,,,0.07326156500246248,,2,4,,,8,True,0.0,SchedulingOutput,default,911.7896000002474,qaoa_pennylane_lightning.gpu_xy_mixer,"{""device"": ""lightning.gpu"", ""final_beta"": [0.594011120317915, 0.5939262281497858], ""final_gamma"": [0.5000000289223657, 0.14142874001423145], ""init_beta"": 0.5, ""init_gamma"": 0.5, ""init_strategy"": ""fixed"", ""initial_beta"": [0.5, 0.5], ""initial_gamma"": [0.5, 0.5], ""mixer_type"": ""xy"", ""opt_steps"": 50, ""p_layers"": 2, ""random_seed"": null, ""selection_pool"": ""top_k_probable_states"", ""top_k"": 32}",5,4,sweep_20260626_163548_3b2fdff6,src/experiments/scenarios/research_b2_optimizer_sweep.toml,B2.1,QAOA optimizer steps and learning-rate sweep [1/16],success,,,,,0.01,,,,,,,,,,50,,,{},,,,,,,,,"{""1000"": 0, ""1001"": 0, ""1002"": 1, ""1003"": 1}",-20.5,[],"{""1000"": 1, ""1001"": 1, ""1002"": 0, ""1003"": 0}",-20.5,True,"{""1000"": 1, ""1001"": 1, ""1002"": 0, ""1003"": 0}",-20.5,True,True
0.9027976989746094,,,,,"{""1000"": 0, ""1001"": 0, ""1002"": 1, ""1003"": 1}",,-20.36414830644896,-20.20979862661928,10,50,-20.5,True,,,0.07326156500246248,,2,4,,,8,True,0.0,SchedulingOutput,default,898.2403009999871,qaoa_pennylane_lightning.gpu_xy_mixer,"{""device"": ""lightning.gpu"", ""final_beta"": [0.594011120317915, 0.5939262281497858], ""final_gamma"": [0.5000000289223657, 0.14142874001423145], ""init_beta"": 0.5, ""init_gamma"": 0.5, ""init_strategy"": ""fixed"", ""initial_beta"": [0.5, 0.5], ""initial_gamma"": [0.5, 0.5], ""mixer_type"": ""xy"", ""opt_steps"": 50, ""p_layers"": 2, ""random_seed"": null, ""selection_pool"": ""top_k_probable_states"", ""top_k"": 32}",5,5,sweep_20260626_163548_3b2fdff6,src/experiments/scenarios/research_b2_optimizer_sweep.toml,B2.1,QAOA optimizer steps and learning-rate sweep [1/16],success,,,,,0.01,,,,,,,,,,50,,,{},,,,,,,,,"{""1000"": 0, ""1001"": 0, ""1002"": 1, ""1003"": 1}",-20.5,[],"{""1000"": 1, ""1001"": 1, ""1002"": 0, ""1003"": 0}",-20.5,True,"{""1000"": 1, ""1001"": 1, ""1002"": 0, ""1003"": 0}",-20.5,True,True
0.8789587020874023,,,,,"{""1000"": 0, ""1001"": 0, ""1002"": 1, ""1003"": 1}",,-20.364419675504287,-20.20979862661928,15,50,-20.5,True,,,0.07086240995361458,,2,4,,,8,True,0.0,SchedulingOutput,default,874.3107220002457,qaoa_pennylane_lightning.gpu_xy_mixer,"{""device"": ""lightning.gpu"", ""final_beta"": [0.5852281108199389, 0.5848927081469475], ""final_gamma"": [0.5000004476652932, 0.03737782997745167], ""init_beta"": 0.5, ""init_gamma"": 0.5, ""init_strategy"": ""fixed"", ""initial_beta"": [0.5, 0.5], ""initial_gamma"": [0.5, 0.5], ""mixer_type"": ""xy"", ""opt_steps"": 50, ""p_layers"": 2, ""random_seed"": null, ""selection_pool"": ""top_k_probable_states"", ""top_k"": 32}",5,1,sweep_20260626_163548_3b2fdff6,src/experiments/scenarios/research_b2_optimizer_sweep.toml,B2.2,QAOA optimizer steps and learning-rate sweep [2/16],success,,,,,0.05,,,,,,,,,,50,,,{},,,,,,,,,"{""1000"": 0, ""1001"": 0, ""1002"": 1, ""1003"": 1}",-20.5,[],"{""1000"": 1, ""1001"": 1, ""1002"": 0, ""1003"": 0}",-20.5,True,"{""1000"": 1, ""1001"": 1, ""1002"": 0, ""1003"": 0}",-20.5,True,True
0.9345753192901611,,,,,"{""1000"": 0, ""1001"": 0, ""1002"": 1, ""1003"": 1}",,-20.364419675504287,-20.20979862661928,15,50,-20.5,True,,,0.07086240995361458,,2,4,,,8,True,0.0,SchedulingOutput,default,929.7563320001245,qaoa_pennylane_lightning.gpu_xy_mixer,"{""device"": ""lightning.gpu"", ""final_beta"": [0.5852281108199389, 0.5848927081469475], ""final_gamma"": [0.5000004476652932, 0.03737782997745167], ""init_beta"": 0.5, ""init_gamma"": 0.5, ""init_strategy"": ""fixed"", ""initial_beta"": [0.5, 0.5], ""initial_gamma"": [0.5, 0.5], ""mixer_type"": ""xy"", ""opt_steps"": 50, ""p_layers"": 2, ""random_seed"": null, ""selection_pool"": ""top_k_probable_states"", ""top_k"": 32}",5,2,sweep_20260626_163548_3b2fdff6,src/experiments/scenarios/research_b2_optimizer_sweep.toml,B2.2,QAOA optimizer steps and learning-rate sweep [2/16],success,,,,,0.05,,,,,,,,,,50,,,{},,,,,,,,,"{""1000"": 0, ""1001"": 0, ""1002"": 1, ""1003"": 1}",-20.5,[],"{""1000"": 1, ""1001"": 1, ""1002"": 0, ""1003"": 0}",-20.5,True,"{""1000"": 1, ""1001"": 1, ""1002"": 0, ""1003"": 0}",-20.5,True,True
0.8625164031982422,,,,,"{""1000"": 0, ""1001"": 0, ""1002"": 1, ""1003"": 1}",,-20.364419675504287,-20.20979862661928,15,50,-20.5,True,,,0.07086240995361458,,2,4,,,8,True,0.0,SchedulingOutput,default,857.8918739999608,qaoa_pennylane_lightning.gpu_xy_mixer,"{""device"": ""lightning.gpu"", ""final_beta"": [0.5852281108199389, 0.5848927081469475], ""final_gamma"": [0.5000004476652932, 0.03737782997745167], ""init_beta"": 0.5, ""init_gamma"": 0.5, ""init_strategy"": ""fixed"", ""initial_beta"": [0.5, 0.5], ""initial_gamma"": [0.5, 0.5], ""mixer_type"": ""xy"", ""opt_steps"": 50, ""p_layers"": 2, ""random_seed"": null, ""selection_pool"": ""top_k_probable_states"", ""top_k"": 32}",5,3,sweep_20260626_163548_3b2fdff6,src/experiments/scenarios/research_b2_optimizer_sweep.toml,B2.2,QAOA optimizer steps and learning-rate sweep [2/16],success,,,,,0.05,,,,,,,,,,50,,,{},,,,,,,,,"{""1000"": 0, ""1001"": 0, ""1002"": 1, ""1003"": 1}",-20.5,[],"{""1000"": 1, ""1001"": 1, ""1002"": 0, ""1003"": 0}",-20.5,True,"{""1000"": 1, ""1001"": 1, ""1002"": 0, ""1003"": 0}",-20.5,True,True
0.9332563877105713,,,,,"{""1000"": 0, ""1001"": 0, ""1002"": 1, ""1003"": 1}",,-20.364419675504287,-20.20979862661928,15,50,-20.5,True,,,0.07086240995361458,,2,4,,,8,True,0.0,SchedulingOutput,default,928.6706389998471,qaoa_pennylane_lightning.gpu_xy_mixer,"{""device"": ""lightning.gpu"", ""final_beta"": [0.5852281108199389, 0.5848927081469475], ""final_gamma"": [0.5000004476652932, 0.03737782997745167], ""init_beta"": 0.5, ""init_gamma"": 0.5, ""init_strategy"": ""fixed"", ""initial_beta"": [0.5, 0.5], ""initial_gamma"": [0.5, 0.5], ""mixer_type"": ""xy"", ""opt_steps"": 50, ""p_layers"": 2, ""random_seed"": null, ""selection_pool"": ""top_k_probable_states"", ""top_k"": 32}",5,4,sweep_20260626_163548_3b2fdff6,src/experiments/scenarios/research_b2_optimizer_sweep.toml,B2.2,QAOA optimizer steps and learning-rate sweep [2/16],success,,,,,0.05,,,,,,,,,,50,,,{},,,,,,,,,"{""1000"": 0, ""1001"": 0, ""1002"": 1, ""1003"": 1}",-20.5,[],"{""1000"": 1, ""1001"": 1, ""1002"": 0, ""1003"": 0}",-20.5,True,"{""1000"": 1, ""1001"": 1, ""1002"": 0, ""1003"": 0}",-20.5,True,True
0.9176645278930664,,,,,"{""1000"": 0, ""1001"": 0, ""1002"": 1, ""1003"": 1}",,-20.364419675504287,-20.20979862661928,15,50,-20.5,True,,,0.07086240995361458,,2,4,,,8,True,0.0,SchedulingOutput,default,913.1412040001123,qaoa_pennylane_lightning.gpu_xy_mixer,"{""device"": ""lightning.gpu"", ""final_beta"": [0.5852281108199389, 0.5848927081469475], ""final_gamma"": [0.5000004476652932, 0.03737782997745167], ""init_beta"": 0.5, ""init_gamma"": 0.5, ""init_strategy"": ""fixed"", ""initial_beta"": [0.5, 0.5], ""initial_gamma"": [0.5, 0.5], ""mixer_type"": ""xy"", ""opt_steps"": 50, ""p_layers"": 2, ""random_seed"": null, ""selection_pool"": ""top_k_probable_states"", ""top_k"": 32}",5,5,sweep_20260626_163548_3b2fdff6,src/experiments/scenarios/research_b2_optimizer_sweep.toml,B2.2,QAOA optimizer steps and learning-rate sweep [2/16],success,,,,,0.05,,,,,,,,,,50,,,{},,,,,,,,,"{""1000"": 0, ""1001"": 0, ""1002"": 1, ""1003"": 1}",-20.5,[],"{""1000"": 1, ""1001"": 1, ""1002"": 0, ""1003"": 0}",-20.5,True,"{""1000"": 1, ""1001"": 1, ""1002"": 0, ""1003"": 0}",-20.5,True,True
0.8525633811950684,,,,,"{""1000"": 0, ""1001"": 0, ""1002"": 1, ""1003"": 1}",,-20.364721096446736,-20.20979862661928,10,50,-20.5,True,,,0.06318135899233655,,2,4,,,8,True,0.0,SchedulingOutput,default,847.8724850001527,qaoa_pennylane_lightning.gpu_xy_mixer,"{""device"": ""lightning.gpu"", ""final_beta"": [0.5889475607362042, 0.5884704065261174], ""final_gamma"": [0.5000020335261386, -0.021013162347517225], ""init_beta"": 0.5, ""init_gamma"": 0.5, ""init_strategy"": ""fixed"", ""initial_beta"": [0.5, 0.5], ""initial_gamma"": [0.5, 0.5], ""mixer_type"": ""xy"", ""opt_steps"": 50, ""p_layers"": 2, ""random_seed"": null, ""selection_pool"": ""top_k_probable_states"", ""top_k"": 32}",5,1,sweep_20260626_163548_3b2fdff6,src/experiments/scenarios/research_b2_optimizer_sweep.toml,B2.3,QAOA optimizer steps and learning-rate sweep [3/16],success,,,,,0.1,,,,,,,,,,50,,,{},,,,,,,,,"{""1000"": 0, ""1001"": 0, ""1002"": 1, ""1003"": 1}",-20.5,[],"{""1000"": 1, ""1001"": 1, ""1002"": 0, ""1003"": 0}",-20.5,True,"{""1000"": 1, ""1001"": 1, ""1002"": 0, ""1003"": 0}",-20.5,True,True
0.9253919124603271,,,,,"{""1000"": 0, ""1001"": 0, ""1002"": 1, ""1003"": 1}",,-20.364721096446736,-20.20979862661928,10,50,-20.5,True,,,0.06318135899233655,,2,4,,,8,True,0.0,SchedulingOutput,default,920.4709360001289,qaoa_pennylane_lightning.gpu_xy_mixer,"{""device"": ""lightning.gpu"", ""final_beta"": [0.5889475607362042, 0.5884704065261174], ""final_gamma"": [0.5000020335261386, -0.021013162347517225], ""init_beta"": 0.5, ""init_gamma"": 0.5, ""init_strategy"": ""fixed"", ""initial_beta"": [0.5, 0.5], ""initial_gamma"": [0.5, 0.5], ""mixer_type"": ""xy"", ""opt_steps"": 50, ""p_layers"": 2, ""random_seed"": null, ""selection_pool"": ""top_k_probable_states"", ""top_k"": 32}",5,2,sweep_20260626_163548_3b2fdff6,src/experiments/scenarios/research_b2_optimizer_sweep.toml,B2.3,QAOA optimizer steps and learning-rate sweep [3/16],success,,,,,0.1,,,,,,,,,,50,,,{},,,,,,,,,"{""1000"": 0, ""1001"": 0, ""1002"": 1, ""1003"": 1}",-20.5,[],"{""1000"": 1, ""1001"": 1, ""1002"": 0, ""1003"": 0}",-20.5,True,"{""1000"": 1, ""1001"": 1, ""1002"": 0, ""1003"": 0}",-20.5,True,True
0.8716297149658203,,,,,"{""1000"": 0, ""1001"": 0, ""1002"": 1, ""1003"": 1}",,-20.364721096446736,-20.20979862661928,10,50,-20.5,True,,,0.06318135899233655,,2,4,,,8,True,0.0,SchedulingOutput,default,866.8870099995729,qaoa_pennylane_lightning.gpu_xy_mixer,"{""device"": ""lightning.gpu"", ""final_beta"": [0.5889475607362042, 0.5884704065261174], ""final_gamma"": [0.5000020335261386, -0.021013162347517225], ""init_beta"": 0.5, ""init_gamma"": 0.5, ""init_strategy"": ""fixed"", ""initial_beta"": [0.5, 0.5], ""initial_gamma"": [0.5, 0.5], ""mixer_type"": ""xy"", ""opt_steps"": 50, ""p_layers"": 2, ""random_seed"": null, ""selection_pool"": ""top_k_probable_states"", ""top_k"": 32}",5,3,sweep_20260626_163548_3b2fdff6,src/experiments/scenarios/research_b2_optimizer_sweep.toml,B2.3,QAOA optimizer steps and learning-rate sweep [3/16],success,,,,,0.1,,,,,,,,,,50,,,{},,,,,,,,,"{""1000"": 0, ""1001"": 0, ""1002"": 1, ""1003"": 1}",-20.5,[],"{""1000"": 1, ""1001"": 1, ""1002"": 0, ""1003"": 0}",-20.5,True,"{""1000"": 1, ""1001"": 1, ""1002"": 0, ""1003"": 0}",-20.5,True,True
0.9452192783355713,,,,,"{""1000"": 0, ""1001"": 0, ""1002"": 1, ""1003"": 1}",,-20.364721096446736,-20.20979862661928,10,50,-20.5,True,,,0.06318135899233655,,2,4,,,8,True,0.0,SchedulingOutput,default,940.6491139998252,qaoa_pennylane_lightning.gpu_xy_mixer,"{""device"": ""lightning.gpu"", ""final_beta"": [0.5889475607362042, 0.5884704065261174], ""final_gamma"": [0.5000020335261386, -0.021013162347517225], ""init_beta"": 0.5, ""init_gamma"": 0.5, ""init_strategy"": ""fixed"", ""initial_beta"": [0.5, 0.5], ""initial_gamma"": [0.5, 0.5], ""mixer_type"": ""xy"", ""opt_steps"": 50, ""p_layers"": 2, ""random_seed"": null, ""selection_pool"": ""top_k_probable_states"", ""top_k"": 32}",5,4,sweep_20260626_163548_3b2fdff6,src/experiments/scenarios/research_b2_optimizer_sweep.toml,B2.3,QAOA optimizer steps and learning-rate sweep [3/16],success,,,,,0.1,,,,,,,,,,50,,,{},,,,,,,,,"{""1000"": 0, ""1001"": 0, ""1002"": 1, ""1003"": 1}",-20.5,[],"{""1000"": 1, ""1001"": 1, ""1002"": 0, ""1003"": 0}",-20.5,True,"{""1000"": 1, ""1001"": 1, ""1002"": 0, ""1003"": 0}",-20.5,True,True
0.9419150352478027,,,,,"{""1000"": 0, ""1001"": 0, ""1002"": 1, ""1003"": 1}",,-20.364721096446736,-20.20979862661928,10,50,-20.5,True,,,0.06318135899233655,,2,4,,,8,True,0.0,SchedulingOutput,default,937.2581640000135,qaoa_pennylane_lightning.gpu_xy_mixer,"{""device"": ""lightning.gpu"", ""final_beta"": [0.5889475607362042, 0.5884704065261174], ""final_gamma"": [0.5000020335261386, -0.021013162347517225], ""init_beta"": 0.5, ""init_gamma"": 0.5, ""init_strategy"": ""fixed"", ""initial_beta"": [0.5, 0.5], ""initial_gamma"": [0.5, 0.5], ""mixer_type"": ""xy"", ""opt_steps"": 50, ""p_layers"": 2, ""random_seed"": null, ""selection_pool"": ""top_k_probable_states"", ""top_k"": 32}",5,5,sweep_20260626_163548_3b2fdff6,src/experiments/scenarios/research_b2_optimizer_sweep.toml,B2.3,QAOA optimizer steps and learning-rate sweep [3/16],success,,,,,0.1,,,,,,,,,,50,,,{},,,,,,,,,"{""1000"": 0, ""1001"": 0, ""1002"": 1, ""1003"": 1}",-20.5,[],"{""1000"": 1, ""1001"": 1, ""1002"": 0, ""1003"": 0}",-20.5,True,"{""1000"": 1, ""1001"": 1, ""1002"": 0, ""1003"": 0}",-20.5,True,True
0.8851664066314697,,,,,"{""1000"": 0, ""1001"": 0, ""1002"": 1, ""1003"": 1}",,-20.361777345796547,-20.20979862661928,15,50,-20.5,True,,,0.07409472775813732,,2,4,,,8,True,0.0,SchedulingOutput,default,880.6672300001992,qaoa_pennylane_lightning.gpu_xy_mixer,"{""device"": ""lightning.gpu"", ""final_beta"": [1.7611582626347515, 1.7840122730187538], ""final_gamma"": [0.5000050720199676, -0.07713989765904321], ""init_beta"": 0.5, ""init_gamma"": 0.5, ""init_strategy"": ""fixed"", ""initial_beta"": [0.5, 0.5], ""initial_gamma"": [0.5, 0.5], ""mixer_type"": ""xy"", ""opt_steps"": 50, ""p_layers"": 2, ""random_seed"": null, ""selection_pool"": ""top_k_probable_states"", ""top_k"": 32}",5,1,sweep_20260626_163548_3b2fdff6,src/experiments/scenarios/research_b2_optimizer_sweep.toml,B2.4,QAOA optimizer steps and learning-rate sweep [4/16],success,,,,,0.5,,,,,,,,,,50,,,{},,,,,,,,,"{""1000"": 0, ""1001"": 0, ""1002"": 1, ""1003"": 1}",-20.5,[],"{""1000"": 1, ""1001"": 1, ""1002"": 0, ""1003"": 0}",-20.5,True,"{""1000"": 1, ""1001"": 1, ""1002"": 0, ""1003"": 0}",-20.5,True,True
0.9367444515228271,,,,,"{""1000"": 0, ""1001"": 0, ""1002"": 1, ""1003"": 1}",,-20.361777345796547,-20.20979862661928,15,50,-20.5,True,,,0.07409472775813732,,2,4,,,8,True,0.0,SchedulingOutput,default,932.2414789999129,qaoa_pennylane_lightning.gpu_xy_mixer,"{""device"": ""lightning.gpu"", ""final_beta"": [1.7611582626347515, 1.7840122730187538], ""final_gamma"": [0.5000050720199676, -0.07713989765904321], ""init_beta"": 0.5, ""init_gamma"": 0.5, ""init_strategy"": ""fixed"", ""initial_beta"": [0.5, 0.5], ""initial_gamma"": [0.5, 0.5], ""mixer_type"": ""xy"", ""opt_steps"": 50, ""p_layers"": 2, ""random_seed"": null, ""selection_pool"": ""top_k_probable_states"", ""top_k"": 32}",5,2,sweep_20260626_163548_3b2fdff6,src/experiments/scenarios/research_b2_optimizer_sweep.toml,B2.4,QAOA optimizer steps and learning-rate sweep [4/16],success,,,,,0.5,,,,,,,,,,50,,,{},,,,,,,,,"{""1000"": 0, ""1001"": 0, ""1002"": 1, ""1003"": 1}",-20.5,[],"{""1000"": 1, ""1001"": 1, ""1002"": 0, ""1003"": 0}",-20.5,True,"{""1000"": 1, ""1001"": 1, ""1002"": 0, ""1003"": 0}",-20.5,True,True
0.8759579658508301,,,,,"{""1000"": 0, ""1001"": 0, ""1002"": 1, ""1003"": 1}",,-20.361777345796547,-20.20979862661928,15,50,-20.5,True,,,0.07409472775813732,,2,4,,,8,True,0.0,SchedulingOutput,default,871.0778019999452,qaoa_pennylane_lightning.gpu_xy_mixer,"{""device"": ""lightning.gpu"", ""final_beta"": [1.7611582626347515, 1.7840122730187538], ""final_gamma"": [0.5000050720199676, -0.07713989765904321], ""init_beta"": 0.5, ""init_gamma"": 0.5, ""init_strategy"": ""fixed"", ""initial_beta"": [0.5, 0.5], ""initial_gamma"": [0.5, 0.5], ""mixer_type"": ""xy"", ""opt_steps"": 50, ""p_layers"": 2, ""random_seed"": null, ""selection_pool"": ""top_k_probable_states"", ""top_k"": 32}",5,3,sweep_20260626_163548_3b2fdff6,src/experiments/scenarios/research_b2_optimizer_sweep.toml,B2.4,QAOA optimizer steps and learning-rate sweep [4/16],success,,,,,0.5,,,,,,,,,,50,,,{},,,,,,,,,"{""1000"": 0, ""1001"": 0, ""1002"": 1, ""1003"": 1}",-20.5,[],"{""1000"": 1, ""1001"": 1, ""1002"": 0, ""1003"": 0}",-20.5,True,"{""1000"": 1, ""1001"": 1, ""1002"": 0, ""1003"": 0}",-20.5,True,True
0.95621657371521,,,,,"{""1000"": 0, ""1001"": 0, ""1002"": 1, ""1003"": 1}",,-20.361777345796547,-20.20979862661928,15,50,-20.5,True,,,0.07409472775813732,,2,4,,,8,True,0.0,SchedulingOutput,default,951.3725040001191,qaoa_pennylane_lightning.gpu_xy_mixer,"{""device"": ""lightning.gpu"", ""final_beta"": [1.7611582626347515, 1.7840122730187538], ""final_gamma"": [0.5000050720199676, -0.07713989765904321], ""init_beta"": 0.5, ""init_gamma"": 0.5, ""init_strategy"": ""fixed"", ""initial_beta"": [0.5, 0.5], ""initial_gamma"": [0.5, 0.5], ""mixer_type"": ""xy"", ""opt_steps"": 50, ""p_layers"": 2, ""random_seed"": null, ""selection_pool"": ""top_k_probable_states"", ""top_k"": 32}",5,4,sweep_20260626_163548_3b2fdff6,src/experiments/scenarios/research_b2_optimizer_sweep.toml,B2.4,QAOA optimizer steps and learning-rate sweep [4/16],success,,,,,0.5,,,,,,,,,,50,,,{},,,,,,,,,"{""1000"": 0, ""1001"": 0, ""1002"": 1, ""1003"": 1}",-20.5,[],"{""1000"": 1, ""1001"": 1, ""1002"": 0, ""1003"": 0}",-20.5,True,"{""1000"": 1, ""1001"": 1, ""1002"": 0, ""1003"": 0}",-20.5,True,True
0.9585366249084473,,,,,"{""1000"": 0, ""1001"": 0, ""1002"": 1, ""1003"": 1}",,-20.361777345796547,-20.20979862661928,15,50,-20.5,True,,,0.07409472775813732,,2,4,,,8,True,0.0,SchedulingOutput,default,953.8090320002084,qaoa_pennylane_lightning.gpu_xy_mixer,"{""device"": ""lightning.gpu"", ""final_beta"": [1.7611582626347515, 1.7840122730187538], ""final_gamma"": [0.5000050720199676, -0.07713989765904321], ""init_beta"": 0.5, ""init_gamma"": 0.5, ""init_strategy"": ""fixed"", ""initial_beta"": [0.5, 0.5], ""initial_gamma"": [0.5, 0.5], ""mixer_type"": ""xy"", ""opt_steps"": 50, ""p_layers"": 2, ""random_seed"": null, ""selection_pool"": ""top_k_probable_states"", ""top_k"": 32}",5,5,sweep_20260626_163548_3b2fdff6,src/experiments/scenarios/research_b2_optimizer_sweep.toml,B2.4,QAOA optimizer steps and learning-rate sweep [4/16],success,,,,,0.5,,,,,,,,,,50,,,{},,,,,,,,,"{""1000"": 0, ""1001"": 0, ""1002"": 1, ""1003"": 1}",-20.5,[],"{""1000"": 1, ""1001"": 1, ""1002"": 0, ""1003"": 0}",-20.5,True,"{""1000"": 1, ""1001"": 1, ""1002"": 0, ""1003"": 0}",-20.5,True,True
1.8253893852233887,,,,,"{""1000"": 0, ""1001"": 0, ""1002"": 1, ""1003"": 1}",,-20.36499602934861,-20.20979862661928,26,100,-20.5,True,,,0.06316128906646408,,2,4,,,8,True,0.0,SchedulingOutput,default,1820.6546719998187,qaoa_pennylane_lightning.gpu_xy_mixer,"{""device"": ""lightning.gpu"", ""final_beta"": [0.5894269552919826, 0.5893287700588266], ""final_gamma"": [0.5000005320944467, -0.003589718239485264], ""init_beta"": 0.5, ""init_gamma"": 0.5, ""init_strategy"": ""fixed"", ""initial_beta"": [0.5, 0.5], ""initial_gamma"": [0.5, 0.5], ""mixer_type"": ""xy"", ""opt_steps"": 100, ""p_layers"": 2, ""random_seed"": null, ""selection_pool"": ""top_k_probable_states"", ""top_k"": 32}",5,1,sweep_20260626_163548_3b2fdff6,src/experiments/scenarios/research_b2_optimizer_sweep.toml,B2.5,QAOA optimizer steps and learning-rate sweep [5/16],success,,,,,0.01,,,,,,,,,,100,,,{},,,,,,,,,"{""1000"": 0, ""1001"": 0, ""1002"": 1, ""1003"": 1}",-20.5,[],"{""1000"": 1, ""1001"": 1, ""1002"": 0, ""1003"": 0}",-20.5,True,"{""1000"": 1, ""1001"": 1, ""1002"": 0, ""1003"": 0}",-20.5,True,True
1.75846266746521,,,,,"{""1000"": 0, ""1001"": 0, ""1002"": 1, ""1003"": 1}",,-20.36499602934861,-20.20979862661928,26,100,-20.5,True,,,0.06316128906646408,,2,4,,,8,True,0.0,SchedulingOutput,default,1753.8673689996358,qaoa_pennylane_lightning.gpu_xy_mixer,"{""device"": ""lightning.gpu"", ""final_beta"": [0.5894269552919826, 0.5893287700588266], ""final_gamma"": [0.5000005320944467, -0.003589718239485264], ""init_beta"": 0.5, ""init_gamma"": 0.5, ""init_strategy"": ""fixed"", ""initial_beta"": [0.5, 0.5], ""initial_gamma"": [0.5, 0.5], ""mixer_type"": ""xy"", ""opt_steps"": 100, ""p_layers"": 2, ""random_seed"": null, ""selection_pool"": ""top_k_probable_states"", ""top_k"": 32}",5,2,sweep_20260626_163548_3b2fdff6,src/experiments/scenarios/research_b2_optimizer_sweep.toml,B2.5,QAOA optimizer steps and learning-rate sweep [5/16],success,,,,,0.01,,,,,,,,,,100,,,{},,,,,,,,,"{""1000"": 0, ""1001"": 0, ""1002"": 1, ""1003"": 1}",-20.5,[],"{""1000"": 1, ""1001"": 1, ""1002"": 0, ""1003"": 0}",-20.5,True,"{""1000"": 1, ""1001"": 1, ""1002"": 0, ""1003"": 0}",-20.5,True,True
1.7811577320098877,,,,,"{""1000"": 0, ""1001"": 0, ""1002"": 1, ""1003"": 1}",,-20.36499602934861,-20.20979862661928,26,100,-20.5,True,,,0.06316128906646408,,2,4,,,8,True,0.0,SchedulingOutput,default,1776.369724000233,qaoa_pennylane_lightning.gpu_xy_mixer,"{""device"": ""lightning.gpu"", ""final_beta"": [0.5894269552919826, 0.5893287700588266], ""final_gamma"": [0.5000005320944467, -0.003589718239485264], ""init_beta"": 0.5, ""init_gamma"": 0.5, ""init_strategy"": ""fixed"", ""initial_beta"": [0.5, 0.5], ""initial_gamma"": [0.5, 0.5], ""mixer_type"": ""xy"", ""opt_steps"": 100, ""p_layers"": 2, ""random_seed"": null, ""selection_pool"": ""top_k_probable_states"", ""top_k"": 32}",5,3,sweep_20260626_163548_3b2fdff6,src/experiments/scenarios/research_b2_optimizer_sweep.toml,B2.5,QAOA optimizer steps and learning-rate sweep [5/16],success,,,,,0.01,,,,,,,,,,100,,,{},,,,,,,,,"{""1000"": 0, ""1001"": 0, ""1002"": 1, ""1003"": 1}",-20.5,[],"{""1000"": 1, ""1001"": 1, ""1002"": 0, ""1003"": 0}",-20.5,True,"{""1000"": 1, ""1001"": 1, ""1002"": 0, ""1003"": 0}",-20.5,True,True
1.8023014068603516,,,,,"{""1000"": 0, ""1001"": 0, ""1002"": 1, ""1003"": 1}",,-20.36499602934861,-20.20979862661928,26,100,-20.5,True,,,0.06316128906646408,,2,4,,,8,True,0.0,SchedulingOutput,default,1797.4759849998918,qaoa_pennylane_lightning.gpu_xy_mixer,"{""device"": ""lightning.gpu"", ""final_beta"": [0.5894269552919826, 0.5893287700588266], ""final_gamma"": [0.5000005320944467, -0.003589718239485264], ""init_beta"": 0.5, ""init_gamma"": 0.5, ""init_strategy"": ""fixed"", ""initial_beta"": [0.5, 0.5], ""initial_gamma"": [0.5, 0.5], ""mixer_type"": ""xy"", ""opt_steps"": 100, ""p_layers"": 2, ""random_seed"": null, ""selection_pool"": ""top_k_probable_states"", ""top_k"": 32}",5,4,sweep_20260626_163548_3b2fdff6,src/experiments/scenarios/research_b2_optimizer_sweep.toml,B2.5,QAOA optimizer steps and learning-rate sweep [5/16],success,,,,,0.01,,,,,,,,,,100,,,{},,,,,,,,,"{""1000"": 0, ""1001"": 0, ""1002"": 1, ""1003"": 1}",-20.5,[],"{""1000"": 1, ""1001"": 1, ""1002"": 0, ""1003"": 0}",-20.5,True,"{""1000"": 1, ""1001"": 1, ""1002"": 0, ""1003"": 0}",-20.5,True,True
1.7999954223632812,,,,,"{""1000"": 0, ""1001"": 0, ""1002"": 1, ""1003"": 1}",,-20.36499602934861,-20.20979862661928,26,100,-20.5,True,,,0.06316128906646408,,2,4,,,8,True,0.0,SchedulingOutput,default,1794.9759379998795,qaoa_pennylane_lightning.gpu_xy_mixer,"{""device"": ""lightning.gpu"", ""final_beta"": [0.5894269552919826, 0.5893287700588266], ""final_gamma"": [0.5000005320944467, -0.003589718239485264], ""init_beta"": 0.5, ""init_gamma"": 0.5, ""init_strategy"": ""fixed"", ""initial_beta"": [0.5, 0.5], ""initial_gamma"": [0.5, 0.5], ""mixer_type"": ""xy"", ""opt_steps"": 100, ""p_layers"": 2, ""random_seed"": null, ""selection_pool"": ""top_k_probable_states"", ""top_k"": 32}",5,5,sweep_20260626_163548_3b2fdff6,src/experiments/scenarios/research_b2_optimizer_sweep.toml,B2.5,QAOA optimizer steps and learning-rate sweep [5/16],success,,,,,0.01,,,,,,,,,,100,,,{},,,,,,,,,"{""1000"": 0, ""1001"": 0, ""1002"": 1, ""1003"": 1}",-20.5,[],"{""1000"": 1, ""1001"": 1, ""1002"": 0, ""1003"": 0}",-20.5,True,"{""1000"": 1, ""1001"": 1, ""1002"": 0, ""1003"": 0}",-20.5,True,True
1.7596564292907715,,,,,"{""1000"": 0, ""1001"": 0, ""1002"": 1, ""1003"": 1}",,-20.364996208513258,-20.20979862661928,15,100,-20.5,True,,,0.06299326136562224,,2,4,,,8,True,0.0,SchedulingOutput,default,1754.78147099966,qaoa_pennylane_lightning.gpu_xy_mixer,"{""device"": ""lightning.gpu"", ""final_beta"": [0.5889702937709493, 0.5886351296664901], ""final_gamma"": [0.49999938334468963, -0.0029085832837752027], ""init_beta"": 0.5, ""init_gamma"": 0.5, ""init_strategy"": ""fixed"", ""initial_beta"": [0.5, 0.5], ""initial_gamma"": [0.5, 0.5], ""mixer_type"": ""xy"", ""opt_steps"": 100, ""p_layers"": 2, ""random_seed"": null, ""selection_pool"": ""top_k_probable_states"", ""top_k"": 32}",5,1,sweep_20260626_163548_3b2fdff6,src/experiments/scenarios/research_b2_optimizer_sweep.toml,B2.6,QAOA optimizer steps and learning-rate sweep [6/16],success,,,,,0.05,,,,,,,,,,100,,,{},,,,,,,,,"{""1000"": 0, ""1001"": 0, ""1002"": 1, ""1003"": 1}",-20.5,[],"{""1000"": 1, ""1001"": 1, ""1002"": 0, ""1003"": 0}",-20.5,True,"{""1000"": 1, ""1001"": 1, ""1002"": 0, ""1003"": 0}",-20.5,True,True
1.7886371612548828,,,,,"{""1000"": 0, ""1001"": 0, ""1002"": 1, ""1003"": 1}",,-20.364996208513258,-20.20979862661928,15,100,-20.5,True,,,0.06299326136562224,,2,4,,,8,True,0.0,SchedulingOutput,default,1784.0183160001288,qaoa_pennylane_lightning.gpu_xy_mixer,"{""device"": ""lightning.gpu"", ""final_beta"": [0.5889702937709493, 0.5886351296664901], ""final_gamma"": [0.49999938334468963, -0.0029085832837752027], ""init_beta"": 0.5, ""init_gamma"": 0.5, ""init_strategy"": ""fixed"", ""initial_beta"": [0.5, 0.5], ""initial_gamma"": [0.5, 0.5], ""mixer_type"": ""xy"", ""opt_steps"": 100, ""p_layers"": 2, ""random_seed"": null, ""selection_pool"": ""top_k_probable_states"", ""top_k"": 32}",5,2,sweep_20260626_163548_3b2fdff6,src/experiments/scenarios/research_b2_optimizer_sweep.toml,B2.6,QAOA optimizer steps and learning-rate sweep [6/16],success,,,,,0.05,,,,,,,,,,100,,,{},,,,,,,,,"{""1000"": 0, ""1001"": 0, ""1002"": 1, ""1003"": 1}",-20.5,[],"{""1000"": 1, ""1001"": 1, ""1002"": 0, ""1003"": 0}",-20.5,True,"{""1000"": 1, ""1001"": 1, ""1002"": 0, ""1003"": 0}",-20.5,True,True
1.7763416767120361,,,,,"{""1000"": 0, ""1001"": 0, ""1002"": 1, ""1003"": 1}",,-20.364996208513258,-20.20979862661928,15,100,-20.5,True,,,0.06299326136562224,,2,4,,,8,True,0.0,SchedulingOutput,default,1771.7756699998972,qaoa_pennylane_lightning.gpu_xy_mixer,"{""device"": ""lightning.gpu"", ""final_beta"": [0.5889702937709493, 0.5886351296664901], ""final_gamma"": [0.49999938334468963, -0.0029085832837752027], ""init_beta"": 0.5, ""init_gamma"": 0.5, ""init_strategy"": ""fixed"", ""initial_beta"": [0.5, 0.5], ""initial_gamma"": [0.5, 0.5], ""mixer_type"": ""xy"", ""opt_steps"": 100, ""p_layers"": 2, ""random_seed"": null, ""selection_pool"": ""top_k_probable_states"", ""top_k"": 32}",5,3,sweep_20260626_163548_3b2fdff6,src/experiments/scenarios/research_b2_optimizer_sweep.toml,B2.6,QAOA optimizer steps and learning-rate sweep [6/16],success,,,,,0.05,,,,,,,,,,100,,,{},,,,,,,,,"{""1000"": 0, ""1001"": 0, ""1002"": 1, ""1003"": 1}",-20.5,[],"{""1000"": 1, ""1001"": 1, ""1002"": 0, ""1003"": 0}",-20.5,True,"{""1000"": 1, ""1001"": 1, ""1002"": 0, ""1003"": 0}",-20.5,True,True
1.7572684288024902,,,,,"{""1000"": 0, ""1001"": 0, ""1002"": 1, ""1003"": 1}",,-20.364996208513258,-20.20979862661928,15,100,-20.5,True,,,0.06299326136562224,,2,4,,,8,True,0.0,SchedulingOutput,default,1752.6791650002451,qaoa_pennylane_lightning.gpu_xy_mixer,"{""device"": ""lightning.gpu"", ""final_beta"": [0.5889702937709493, 0.5886351296664901], ""final_gamma"": [0.49999938334468963, -0.0029085832837752027], ""init_beta"": 0.5, ""init_gamma"": 0.5, ""init_strategy"": ""fixed"", ""initial_beta"": [0.5, 0.5], ""initial_gamma"": [0.5, 0.5], ""mixer_type"": ""xy"", ""opt_steps"": 100, ""p_layers"": 2, ""random_seed"": null, ""selection_pool"": ""top_k_probable_states"", ""top_k"": 32}",5,4,sweep_20260626_163548_3b2fdff6,src/experiments/scenarios/research_b2_optimizer_sweep.toml,B2.6,QAOA optimizer steps and learning-rate sweep [6/16],success,,,,,0.05,,,,,,,,,,100,,,{},,,,,,,,,"{""1000"": 0, ""1001"": 0, ""1002"": 1, ""1003"": 1}",-20.5,[],"{""1000"": 1, ""1001"": 1, ""1002"": 0, ""1003"": 0}",-20.5,True,"{""1000"": 1, ""1001"": 1, ""1002"": 0, ""1003"": 0}",-20.5,True,True
1.7933320999145508,,,,,"{""1000"": 0, ""1001"": 0, ""1002"": 1, ""1003"": 1}",,-20.364996208513258,-20.20979862661928,15,100,-20.5,True,,,0.06299326136562224,,2,4,,,8,True,0.0,SchedulingOutput,default,1788.5094680000293,qaoa_pennylane_lightning.gpu_xy_mixer,"{""device"": ""lightning.gpu"", ""final_beta"": [0.5889702937709493, 0.5886351296664901], ""final_gamma"": [0.49999938334468963, -0.0029085832837752027], ""init_beta"": 0.5, ""init_gamma"": 0.5, ""init_strategy"": ""fixed"", ""initial_beta"": [0.5, 0.5], ""initial_gamma"": [0.5, 0.5], ""mixer_type"": ""xy"", ""opt_steps"": 100, ""p_layers"": 2, ""random_seed"": null, ""selection_pool"": ""top_k_probable_states"", ""top_k"": 32}",5,5,sweep_20260626_163548_3b2fdff6,src/experiments/scenarios/research_b2_optimizer_sweep.toml,B2.6,QAOA optimizer steps and learning-rate sweep [6/16],success,,,,,0.05,,,,,,,,,,100,,,{},,,,,,,,,"{""1000"": 0, ""1001"": 0, ""1002"": 1, ""1003"": 1}",-20.5,[],"{""1000"": 1, ""1001"": 1, ""1002"": 0, ""1003"": 0}",-20.5,True,"{""1000"": 1, ""1001"": 1, ""1002"": 0, ""1003"": 0}",-20.5,True,True
1.8138036727905273,,,,,"{""1000"": 0, ""1001"": 0, ""1002"": 1, ""1003"": 1}",,-20.36499950563462,-20.20979862661928,10,100,-20.5,True,,,0.06302170764776424,,2,4,,,8,True,0.0,SchedulingOutput,default,1809.2138480001267,qaoa_pennylane_lightning.gpu_xy_mixer,"{""device"": ""lightning.gpu"", ""final_beta"": [0.5890304214690636, 0.5885467293593224], ""final_gamma"": [0.5000039176195434, 0.0027112110726384467], ""init_beta"": 0.5, ""init_gamma"": 0.5, ""init_strategy"": ""fixed"", ""initial_beta"": [0.5, 0.5], ""initial_gamma"": [0.5, 0.5], ""mixer_type"": ""xy"", ""opt_steps"": 100, ""p_layers"": 2, ""random_seed"": null, ""selection_pool"": ""top_k_probable_states"", ""top_k"": 32}",5,1,sweep_20260626_163548_3b2fdff6,src/experiments/scenarios/research_b2_optimizer_sweep.toml,B2.7,QAOA optimizer steps and learning-rate sweep [7/16],success,,,,,0.1,,,,,,,,,,100,,,{},,,,,,,,,"{""1000"": 0, ""1001"": 0, ""1002"": 1, ""1003"": 1}",-20.5,[],"{""1000"": 1, ""1001"": 1, ""1002"": 0, ""1003"": 0}",-20.5,True,"{""1000"": 1, ""1001"": 1, ""1002"": 0, ""1003"": 0}",-20.5,True,True
1.7801575660705566,,,,,"{""1000"": 0, ""1001"": 0, ""1002"": 1, ""1003"": 1}",,-20.36499950563462,-20.20979862661928,10,100,-20.5,True,,,0.06302170764776424,,2,4,,,8,True,0.0,SchedulingOutput,default,1775.6684219998533,qaoa_pennylane_lightning.gpu_xy_mixer,"{""device"": ""lightning.gpu"", ""final_beta"": [0.5890304214690636, 0.5885467293593224], ""final_gamma"": [0.5000039176195434, 0.0027112110726384467], ""init_beta"": 0.5, ""init_gamma"": 0.5, ""init_strategy"": ""fixed"", ""initial_beta"": [0.5, 0.5], ""initial_gamma"": [0.5, 0.5], ""mixer_type"": ""xy"", ""opt_steps"": 100, ""p_layers"": 2, ""random_seed"": null, ""selection_pool"": ""top_k_probable_states"", ""top_k"": 32}",5,2,sweep_20260626_163548_3b2fdff6,src/experiments/scenarios/research_b2_optimizer_sweep.toml,B2.7,QAOA optimizer steps and learning-rate sweep [7/16],success,,,,,0.1,,,,,,,,,,100,,,{},,,,,,,,,"{""1000"": 0, ""1001"": 0, ""1002"": 1, ""1003"": 1}",-20.5,[],"{""1000"": 1, ""1001"": 1, ""1002"": 0, ""1003"": 0}",-20.5,True,"{""1000"": 1, ""1001"": 1, ""1002"": 0, ""1003"": 0}",-20.5,True,True
1.7601332664489746,,,,,"{""1000"": 0, ""1001"": 0, ""1002"": 1, ""1003"": 1}",,-20.36499950563462,-20.20979862661928,10,100,-20.5,True,,,0.06302170764776424,,2,4,,,8,True,0.0,SchedulingOutput,default,1755.4592739998043,qaoa_pennylane_lightning.gpu_xy_mixer,"{""device"": ""lightning.gpu"", ""final_beta"": [0.5890304214690636, 0.5885467293593224], ""final_gamma"": [0.5000039176195434, 0.0027112110726384467], ""init_beta"": 0.5, ""init_gamma"": 0.5, ""init_strategy"": ""fixed"", ""initial_beta"": [0.5, 0.5], ""initial_gamma"": [0.5, 0.5], ""mixer_type"": ""xy"", ""opt_steps"": 100, ""p_layers"": 2, ""random_seed"": null, ""selection_pool"": ""top_k_probable_states"", ""top_k"": 32}",5,3,sweep_20260626_163548_3b2fdff6,src/experiments/scenarios/research_b2_optimizer_sweep.toml,B2.7,QAOA optimizer steps and learning-rate sweep [7/16],success,,,,,0.1,,,,,,,,,,100,,,{},,,,,,,,,"{""1000"": 0, ""1001"": 0, ""1002"": 1, ""1003"": 1}",-20.5,[],"{""1000"": 1, ""1001"": 1, ""1002"": 0, ""1003"": 0}",-20.5,True,"{""1000"": 1, ""1001"": 1, ""1002"": 0, ""1003"": 0}",-20.5,True,True
1.762662649154663,,,,,"{""1000"": 0, ""1001"": 0, ""1002"": 1, ""1003"": 1}",,-20.36499950563462,-20.20979862661928,10,100,-20.5,True,,,0.06302170764776424,,2,4,,,8,True,0.0,SchedulingOutput,default,1757.7954489997865,qaoa_pennylane_lightning.gpu_xy_mixer,"{""device"": ""lightning.gpu"", ""final_beta"": [0.5890304214690636, 0.5885467293593224], ""final_gamma"": [0.5000039176195434, 0.0027112110726384467], ""init_beta"": 0.5, ""init_gamma"": 0.5, ""init_strategy"": ""fixed"", ""initial_beta"": [0.5, 0.5], ""initial_gamma"": [0.5, 0.5], ""mixer_type"": ""xy"", ""opt_steps"": 100, ""p_layers"": 2, ""random_seed"": null, ""selection_pool"": ""top_k_probable_states"", ""top_k"": 32}",5,4,sweep_20260626_163548_3b2fdff6,src/experiments/scenarios/research_b2_optimizer_sweep.toml,B2.7,QAOA optimizer steps and learning-rate sweep [7/16],success,,,,,0.1,,,,,,,,,,100,,,{},,,,,,,,,"{""1000"": 0, ""1001"": 0, ""1002"": 1, ""1003"": 1}",-20.5,[],"{""1000"": 1, ""1001"": 1, ""1002"": 0, ""1003"": 0}",-20.5,True,"{""1000"": 1, ""1001"": 1, ""1002"": 0, ""1003"": 0}",-20.5,True,True
1.798177719116211,,,,,"{""1000"": 0, ""1001"": 0, ""1002"": 1, ""1003"": 1}",,-20.36499950563462,-20.20979862661928,10,100,-20.5,True,,,0.06302170764776424,,2,4,,,8,True,0.0,SchedulingOutput,default,1792.9880320002667,qaoa_pennylane_lightning.gpu_xy_mixer,"{""device"": ""lightning.gpu"", ""final_beta"": [0.5890304214690636, 0.5885467293593224], ""final_gamma"": [0.5000039176195434, 0.0027112110726384467], ""init_beta"": 0.5, ""init_gamma"": 0.5, ""init_strategy"": ""fixed"", ""initial_beta"": [0.5, 0.5], ""initial_gamma"": [0.5, 0.5], ""mixer_type"": ""xy"", ""opt_steps"": 100, ""p_layers"": 2, ""random_seed"": null, ""selection_pool"": ""top_k_probable_states"", ""top_k"": 32}",5,5,sweep_20260626_163548_3b2fdff6,src/experiments/scenarios/research_b2_optimizer_sweep.toml,B2.7,QAOA optimizer steps and learning-rate sweep [7/16],success,,,,,0.1,,,,,,,,,,100,,,{},,,,,,,,,"{""1000"": 0, ""1001"": 0, ""1002"": 1, ""1003"": 1}",-20.5,[],"{""1000"": 1, ""1001"": 1, ""1002"": 0, ""1003"": 0}",-20.5,True,"{""1000"": 1, ""1001"": 1, ""1002"": 0, ""1003"": 0}",-20.5,True,True
1.870140552520752,,,,,"{""1000"": 0, ""1001"": 0, ""1002"": 1, ""1003"": 1}",,-20.36497669109198,-20.20979862661928,28,100,-20.5,True,,,0.0644285711855589,,2,4,,,8,True,0.0,SchedulingOutput,default,1865.4890620000515,qaoa_pennylane_lightning.gpu_xy_mixer,"{""device"": ""lightning.gpu"", ""final_beta"": [1.7559989040069484, 1.7801995624631854], ""final_gamma"": [0.500001362619668, -0.006373820895932448], ""init_beta"": 0.5, ""init_gamma"": 0.5, ""init_strategy"": ""fixed"", ""initial_beta"": [0.5, 0.5], ""initial_gamma"": [0.5, 0.5], ""mixer_type"": ""xy"", ""opt_steps"": 100, ""p_layers"": 2, ""random_seed"": null, ""selection_pool"": ""top_k_probable_states"", ""top_k"": 32}",5,1,sweep_20260626_163548_3b2fdff6,src/experiments/scenarios/research_b2_optimizer_sweep.toml,B2.8,QAOA optimizer steps and learning-rate sweep [8/16],success,,,,,0.5,,,,,,,,,,100,,,{},,,,,,,,,"{""1000"": 0, ""1001"": 0, ""1002"": 1, ""1003"": 1}",-20.5,[],"{""1000"": 1, ""1001"": 1, ""1002"": 0, ""1003"": 0}",-20.5,True,"{""1000"": 1, ""1001"": 1, ""1002"": 0, ""1003"": 0}",-20.5,True,True
1.7555363178253174,,,,,"{""1000"": 0, ""1001"": 0, ""1002"": 1, ""1003"": 1}",,-20.36497669109198,-20.20979862661928,28,100,-20.5,True,,,0.0644285711855589,,2,4,,,8,True,0.0,SchedulingOutput,default,1751.007390000268,qaoa_pennylane_lightning.gpu_xy_mixer,"{""device"": ""lightning.gpu"", ""final_beta"": [1.7559989040069484, 1.7801995624631854], ""final_gamma"": [0.500001362619668, -0.006373820895932448], ""init_beta"": 0.5, ""init_gamma"": 0.5, ""init_strategy"": ""fixed"", ""initial_beta"": [0.5, 0.5], ""initial_gamma"": [0.5, 0.5], ""mixer_type"": ""xy"", ""opt_steps"": 100, ""p_layers"": 2, ""random_seed"": null, ""selection_pool"": ""top_k_probable_states"", ""top_k"": 32}",5,2,sweep_20260626_163548_3b2fdff6,src/experiments/scenarios/research_b2_optimizer_sweep.toml,B2.8,QAOA optimizer steps and learning-rate sweep [8/16],success,,,,,0.5,,,,,,,,,,100,,,{},,,,,,,,,"{""1000"": 0, ""1001"": 0, ""1002"": 1, ""1003"": 1}",-20.5,[],"{""1000"": 1, ""1001"": 1, ""1002"": 0, ""1003"": 0}",-20.5,True,"{""1000"": 1, ""1001"": 1, ""1002"": 0, ""1003"": 0}",-20.5,True,True
1.787519931793213,,,,,"{""1000"": 0, ""1001"": 0, ""1002"": 1, ""1003"": 1}",,-20.36497669109198,-20.20979862661928,28,100,-20.5,True,,,0.0644285711855589,,2,4,,,8,True,0.0,SchedulingOutput,default,1782.5617109997438,qaoa_pennylane_lightning.gpu_xy_mixer,"{""device"": ""lightning.gpu"", ""final_beta"": [1.7559989040069484, 1.7801995624631854], ""final_gamma"": [0.500001362619668, -0.006373820895932448], ""init_beta"": 0.5, ""init_gamma"": 0.5, ""init_strategy"": ""fixed"", ""initial_beta"": [0.5, 0.5], ""initial_gamma"": [0.5, 0.5], ""mixer_type"": ""xy"", ""opt_steps"": 100, ""p_layers"": 2, ""random_seed"": null, ""selection_pool"": ""top_k_probable_states"", ""top_k"": 32}",5,3,sweep_20260626_163548_3b2fdff6,src/experiments/scenarios/research_b2_optimizer_sweep.toml,B2.8,QAOA optimizer steps and learning-rate sweep [8/16],success,,,,,0.5,,,,,,,,,,100,,,{},,,,,,,,,"{""1000"": 0, ""1001"": 0, ""1002"": 1, ""1003"": 1}",-20.5,[],"{""1000"": 1, ""1001"": 1, ""1002"": 0, ""1003"": 0}",-20.5,True,"{""1000"": 1, ""1001"": 1, ""1002"": 0, ""1003"": 0}",-20.5,True,True
1.758232831954956,,,,,"{""1000"": 0, ""1001"": 0, ""1002"": 1, ""1003"": 1}",,-20.36497669109198,-20.20979862661928,28,100,-20.5,True,,,0.0644285711855589,,2,4,,,8,True,0.0,SchedulingOutput,default,1753.6772080002265,qaoa_pennylane_lightning.gpu_xy_mixer,"{""device"": ""lightning.gpu"", ""final_beta"": [1.7559989040069484, 1.7801995624631854], ""final_gamma"": [0.500001362619668, -0.006373820895932448], ""init_beta"": 0.5, ""init_gamma"": 0.5, ""init_strategy"": ""fixed"", ""initial_beta"": [0.5, 0.5], ""initial_gamma"": [0.5, 0.5], ""mixer_type"": ""xy"", ""opt_steps"": 100, ""p_layers"": 2, ""random_seed"": null, ""selection_pool"": ""top_k_probable_states"", ""top_k"": 32}",5,4,sweep_20260626_163548_3b2fdff6,src/experiments/scenarios/research_b2_optimizer_sweep.toml,B2.8,QAOA optimizer steps and learning-rate sweep [8/16],success,,,,,0.5,,,,,,,,,,100,,,{},,,,,,,,,"{""1000"": 0, ""1001"": 0, ""1002"": 1, ""1003"": 1}",-20.5,[],"{""1000"": 1, ""1001"": 1, ""1002"": 0, ""1003"": 0}",-20.5,True,"{""1000"": 1, ""1001"": 1, ""1002"": 0, ""1003"": 0}",-20.5,True,True
1.7528529167175293,,,,,"{""1000"": 0, ""1001"": 0, ""1002"": 1, ""1003"": 1}",,-20.36497669109198,-20.20979862661928,28,100,-20.5,True,,,0.0644285711855589,,2,4,,,8,True,0.0,SchedulingOutput,default,1747.9236809999747,qaoa_pennylane_lightning.gpu_xy_mixer,"{""device"": ""lightning.gpu"", ""final_beta"": [1.7559989040069484, 1.7801995624631854], ""final_gamma"": [0.500001362619668, -0.006373820895932448], ""init_beta"": 0.5, ""init_gamma"": 0.5, ""init_strategy"": ""fixed"", ""initial_beta"": [0.5, 0.5], ""initial_gamma"": [0.5, 0.5], ""mixer_type"": ""xy"", ""opt_steps"": 100, ""p_layers"": 2, ""random_seed"": null, ""selection_pool"": ""top_k_probable_states"", ""top_k"": 32}",5,5,sweep_20260626_163548_3b2fdff6,src/experiments/scenarios/research_b2_optimizer_sweep.toml,B2.8,QAOA optimizer steps and learning-rate sweep [8/16],success,,,,,0.5,,,,,,,,,,100,,,{},,,,,,,,,"{""1000"": 0, ""1001"": 0, ""1002"": 1, ""1003"": 1}",-20.5,[],"{""1000"": 1, ""1001"": 1, ""1002"": 0, ""1003"": 0}",-20.5,True,"{""1000"": 1, ""1001"": 1, ""1002"": 0, ""1003"": 0}",-20.5,True,True
3.652172327041626,,,,,"{""1000"": 0, ""1001"": 0, ""1002"": 1, ""1003"": 1}",,-20.364999999849246,-20.20979862661928,26,200,-20.5,True,,,0.06250320609220503,,2,4,,,8,True,0.0,SchedulingOutput,default,3647.2995409999385,qaoa_pennylane_lightning.gpu_xy_mixer,"{""device"": ""lightning.gpu"", ""final_beta"": [0.5890965061252489, 0.5889975329363498], ""final_gamma"": [0.500000469733842, -5.107150755914037e-05], ""init_beta"": 0.5, ""init_gamma"": 0.5, ""init_strategy"": ""fixed"", ""initial_beta"": [0.5, 0.5], ""initial_gamma"": [0.5, 0.5], ""mixer_type"": ""xy"", ""opt_steps"": 200, ""p_layers"": 2, ""random_seed"": null, ""selection_pool"": ""top_k_probable_states"", ""top_k"": 32}",5,1,sweep_20260626_163548_3b2fdff6,src/experiments/scenarios/research_b2_optimizer_sweep.toml,B2.9,QAOA optimizer steps and learning-rate sweep [9/16],success,,,,,0.01,,,,,,,,,,200,,,{},,,,,,,,,"{""1000"": 0, ""1001"": 0, ""1002"": 1, ""1003"": 1}",-20.5,[],"{""1000"": 1, ""1001"": 1, ""1002"": 0, ""1003"": 0}",-20.5,True,"{""1000"": 1, ""1001"": 1, ""1002"": 0, ""1003"": 0}",-20.5,True,True
3.6745684146881104,,,,,"{""1000"": 0, ""1001"": 0, ""1002"": 1, ""1003"": 1}",,-20.364999999849246,-20.20979862661928,26,200,-20.5,True,,,0.06250320609220503,,2,4,,,8,True,0.0,SchedulingOutput,default,3670.033326999601,qaoa_pennylane_lightning.gpu_xy_mixer,"{""device"": ""lightning.gpu"", ""final_beta"": [0.5890965061252489, 0.5889975329363498], ""final_gamma"": [0.500000469733842, -5.107150755914037e-05], ""init_beta"": 0.5, ""init_gamma"": 0.5, ""init_strategy"": ""fixed"", ""initial_beta"": [0.5, 0.5], ""initial_gamma"": [0.5, 0.5], ""mixer_type"": ""xy"", ""opt_steps"": 200, ""p_layers"": 2, ""random_seed"": null, ""selection_pool"": ""top_k_probable_states"", ""top_k"": 32}",5,2,sweep_20260626_163548_3b2fdff6,src/experiments/scenarios/research_b2_optimizer_sweep.toml,B2.9,QAOA optimizer steps and learning-rate sweep [9/16],success,,,,,0.01,,,,,,,,,,200,,,{},,,,,,,,,"{""1000"": 0, ""1001"": 0, ""1002"": 1, ""1003"": 1}",-20.5,[],"{""1000"": 1, ""1001"": 1, ""1002"": 0, ""1003"": 0}",-20.5,True,"{""1000"": 1, ""1001"": 1, ""1002"": 0, ""1003"": 0}",-20.5,True,True
3.6149444580078125,,,,,"{""1000"": 0, ""1001"": 0, ""1002"": 1, ""1003"": 1}",,-20.364999999849246,-20.20979862661928,26,200,-20.5,True,,,0.06250320609220503,,2,4,,,8,True,0.0,SchedulingOutput,default,3610.1244040000893,qaoa_pennylane_lightning.gpu_xy_mixer,"{""device"": ""lightning.gpu"", ""final_beta"": [0.5890965061252489, 0.5889975329363498], ""final_gamma"": [0.500000469733842, -5.107150755914037e-05], ""init_beta"": 0.5, ""init_gamma"": 0.5, ""init_strategy"": ""fixed"", ""initial_beta"": [0.5, 0.5], ""initial_gamma"": [0.5, 0.5], ""mixer_type"": ""xy"", ""opt_steps"": 200, ""p_layers"": 2, ""random_seed"": null, ""selection_pool"": ""top_k_probable_states"", ""top_k"": 32}",5,3,sweep_20260626_163548_3b2fdff6,src/experiments/scenarios/research_b2_optimizer_sweep.toml,B2.9,QAOA optimizer steps and learning-rate sweep [9/16],success,,,,,0.01,,,,,,,,,,200,,,{},,,,,,,,,"{""1000"": 0, ""1001"": 0, ""1002"": 1, ""1003"": 1}",-20.5,[],"{""1000"": 1, ""1001"": 1, ""1002"": 0, ""1003"": 0}",-20.5,True,"{""1000"": 1, ""1001"": 1, ""1002"": 0, ""1003"": 0}",-20.5,True,True
3.5081987380981445,,,,,"{""1000"": 0, ""1001"": 0, ""1002"": 1, ""1003"": 1}",,-20.364999999849246,-20.20979862661928,26,200,-20.5,True,,,0.06250320609220503,,2,4,,,8,True,0.0,SchedulingOutput,default,3503.4367850003036,qaoa_pennylane_lightning.gpu_xy_mixer,"{""device"": ""lightning.gpu"", ""final_beta"": [0.5890965061252489, 0.5889975329363498], ""final_gamma"": [0.500000469733842, -5.107150755914037e-05], ""init_beta"": 0.5, ""init_gamma"": 0.5, ""init_strategy"": ""fixed"", ""initial_beta"": [0.5, 0.5], ""initial_gamma"": [0.5, 0.5], ""mixer_type"": ""xy"", ""opt_steps"": 200, ""p_layers"": 2, ""random_seed"": null, ""selection_pool"": ""top_k_probable_states"", ""top_k"": 32}",5,4,sweep_20260626_163548_3b2fdff6,src/experiments/scenarios/research_b2_optimizer_sweep.toml,B2.9,QAOA optimizer steps and learning-rate sweep [9/16],success,,,,,0.01,,,,,,,,,,200,,,{},,,,,,,,,"{""1000"": 0, ""1001"": 0, ""1002"": 1, ""1003"": 1}",-20.5,[],"{""1000"": 1, ""1001"": 1, ""1002"": 0, ""1003"": 0}",-20.5,True,"{""1000"": 1, ""1001"": 1, ""1002"": 0, ""1003"": 0}",-20.5,True,True
3.603895425796509,,,,,"{""1000"": 0, ""1001"": 0, ""1002"": 1, ""1003"": 1}",,-20.364999999849246,-20.20979862661928,26,200,-20.5,True,,,0.06250320609220503,,2,4,,,8,True,0.0,SchedulingOutput,default,3599.0344820002065,qaoa_pennylane_lightning.gpu_xy_mixer,"{""device"": ""lightning.gpu"", ""final_beta"": [0.5890965061252489, 0.5889975329363498], ""final_gamma"": [0.500000469733842, -5.107150755914037e-05], ""init_beta"": 0.5, ""init_gamma"": 0.5, ""init_strategy"": ""fixed"", ""initial_beta"": [0.5, 0.5], ""initial_gamma"": [0.5, 0.5], ""mixer_type"": ""xy"", ""opt_steps"": 200, ""p_layers"": 2, ""random_seed"": null, ""selection_pool"": ""top_k_probable_states"", ""top_k"": 32}",5,5,sweep_20260626_163548_3b2fdff6,src/experiments/scenarios/research_b2_optimizer_sweep.toml,B2.9,QAOA optimizer steps and learning-rate sweep [9/16],success,,,,,0.01,,,,,,,,,,200,,,{},,,,,,,,,"{""1000"": 0, ""1001"": 0, ""1002"": 1, ""1003"": 1}",-20.5,[],"{""1000"": 1, ""1001"": 1, ""1002"": 0, ""1003"": 0}",-20.5,True,"{""1000"": 1, ""1001"": 1, ""1002"": 0, ""1003"": 0}",-20.5,True,True
3.646148204803467,,,,,"{""1000"": 0, ""1001"": 0, ""1002"": 1, ""1003"": 1}",,-20.364999999935463,-20.20979862661928,15,200,-20.5,True,,,0.06250146232975277,,2,4,,,8,True,0.0,SchedulingOutput,default,3641.5764439998384,qaoa_pennylane_lightning.gpu_xy_mixer,"{""device"": ""lightning.gpu"", ""final_beta"": [0.5892153550719508, 0.5888804277071322], ""final_gamma"": [0.5000014840026598, -1.0382936645296364e-05], ""init_beta"": 0.5, ""init_gamma"": 0.5, ""init_strategy"": ""fixed"", ""initial_beta"": [0.5, 0.5], ""initial_gamma"": [0.5, 0.5], ""mixer_type"": ""xy"", ""opt_steps"": 200, ""p_layers"": 2, ""random_seed"": null, ""selection_pool"": ""top_k_probable_states"", ""top_k"": 32}",5,1,sweep_20260626_163548_3b2fdff6,src/experiments/scenarios/research_b2_optimizer_sweep.toml,B2.10,QAOA optimizer steps and learning-rate sweep [10/16],success,,,,,0.05,,,,,,,,,,200,,,{},,,,,,,,,"{""1000"": 0, ""1001"": 0, ""1002"": 1, ""1003"": 1}",-20.5,[],"{""1000"": 1, ""1001"": 1, ""1002"": 0, ""1003"": 0}",-20.5,True,"{""1000"": 1, ""1001"": 1, ""1002"": 0, ""1003"": 0}",-20.5,True,True
3.675786256790161,,,,,"{""1000"": 0, ""1001"": 0, ""1002"": 1, ""1003"": 1}",,-20.364999999935463,-20.20979862661928,15,200,-20.5,True,,,0.06250146232975277,,2,4,,,8,True,0.0,SchedulingOutput,default,3670.9833400000207,qaoa_pennylane_lightning.gpu_xy_mixer,"{""device"": ""lightning.gpu"", ""final_beta"": [0.5892153550719508, 0.5888804277071322], ""final_gamma"": [0.5000014840026598, -1.0382936645296364e-05], ""init_beta"": 0.5, ""init_gamma"": 0.5, ""init_strategy"": ""fixed"", ""initial_beta"": [0.5, 0.5], ""initial_gamma"": [0.5, 0.5], ""mixer_type"": ""xy"", ""opt_steps"": 200, ""p_layers"": 2, ""random_seed"": null, ""selection_pool"": ""top_k_probable_states"", ""top_k"": 32}",5,2,sweep_20260626_163548_3b2fdff6,src/experiments/scenarios/research_b2_optimizer_sweep.toml,B2.10,QAOA optimizer steps and learning-rate sweep [10/16],success,,,,,0.05,,,,,,,,,,200,,,{},,,,,,,,,"{""1000"": 0, ""1001"": 0, ""1002"": 1, ""1003"": 1}",-20.5,[],"{""1000"": 1, ""1001"": 1, ""1002"": 0, ""1003"": 0}",-20.5,True,"{""1000"": 1, ""1001"": 1, ""1002"": 0, ""1003"": 0}",-20.5,True,True
3.487253427505493,,,,,"{""1000"": 0, ""1001"": 0, ""1002"": 1, ""1003"": 1}",,-20.364999999935463,-20.20979862661928,15,200,-20.5,True,,,0.06250146232975277,,2,4,,,8,True,0.0,SchedulingOutput,default,3482.4732440001753,qaoa_pennylane_lightning.gpu_xy_mixer,"{""device"": ""lightning.gpu"", ""final_beta"": [0.5892153550719508, 0.5888804277071322], ""final_gamma"": [0.5000014840026598, -1.0382936645296364e-05], ""init_beta"": 0.5, ""init_gamma"": 0.5, ""init_strategy"": ""fixed"", ""initial_beta"": [0.5, 0.5], ""initial_gamma"": [0.5, 0.5], ""mixer_type"": ""xy"", ""opt_steps"": 200, ""p_layers"": 2, ""random_seed"": null, ""selection_pool"": ""top_k_probable_states"", ""top_k"": 32}",5,3,sweep_20260626_163548_3b2fdff6,src/experiments/scenarios/research_b2_optimizer_sweep.toml,B2.10,QAOA optimizer steps and learning-rate sweep [10/16],success,,,,,0.05,,,,,,,,,,200,,,{},,,,,,,,,"{""1000"": 0, ""1001"": 0, ""1002"": 1, ""1003"": 1}",-20.5,[],"{""1000"": 1, ""1001"": 1, ""1002"": 0, ""1003"": 0}",-20.5,True,"{""1000"": 1, ""1001"": 1, ""1002"": 0, ""1003"": 0}",-20.5,True,True
3.684478998184204,,,,,"{""1000"": 0, ""1001"": 0, ""1002"": 1, ""1003"": 1}",,-20.364999999935463,-20.20979862661928,15,200,-20.5,True,,,0.06250146232975277,,2,4,,,8,True,0.0,SchedulingOutput,default,3679.7890739999275,qaoa_pennylane_lightning.gpu_xy_mixer,"{""device"": ""lightning.gpu"", ""final_beta"": [0.5892153550719508, 0.5888804277071322], ""final_gamma"": [0.5000014840026598, -1.0382936645296364e-05], ""init_beta"": 0.5, ""init_gamma"": 0.5, ""init_strategy"": ""fixed"", ""initial_beta"": [0.5, 0.5], ""initial_gamma"": [0.5, 0.5], ""mixer_type"": ""xy"", ""opt_steps"": 200, ""p_layers"": 2, ""random_seed"": null, ""selection_pool"": ""top_k_probable_states"", ""top_k"": 32}",5,4,sweep_20260626_163548_3b2fdff6,src/experiments/scenarios/research_b2_optimizer_sweep.toml,B2.10,QAOA optimizer steps and learning-rate sweep [10/16],success,,,,,0.05,,,,,,,,,,200,,,{},,,,,,,,,"{""1000"": 0, ""1001"": 0, ""1002"": 1, ""1003"": 1}",-20.5,[],"{""1000"": 1, ""1001"": 1, ""1002"": 0, ""1003"": 0}",-20.5,True,"{""1000"": 1, ""1001"": 1, ""1002"": 0, ""1003"": 0}",-20.5,True,True
3.493161678314209,,,,,"{""1000"": 0, ""1001"": 0, ""1002"": 1, ""1003"": 1}",,-20.364999999935463,-20.20979862661928,15,200,-20.5,True,,,0.06250146232975277,,2,4,,,8,True,0.0,SchedulingOutput,default,3488.4886219997497,qaoa_pennylane_lightning.gpu_xy_mixer,"{""device"": ""lightning.gpu"", ""final_beta"": [0.5892153550719508, 0.5888804277071322], ""final_gamma"": [0.5000014840026598, -1.0382936645296364e-05], ""init_beta"": 0.5, ""init_gamma"": 0.5, ""init_strategy"": ""fixed"", ""initial_beta"": [0.5, 0.5], ""initial_gamma"": [0.5, 0.5], ""mixer_type"": ""xy"", ""opt_steps"": 200, ""p_layers"": 2, ""random_seed"": null, ""selection_pool"": ""top_k_probable_states"", ""top_k"": 32}",5,5,sweep_20260626_163548_3b2fdff6,src/experiments/scenarios/research_b2_optimizer_sweep.toml,B2.10,QAOA optimizer steps and learning-rate sweep [10/16],success,,,,,0.05,,,,,,,,,,200,,,{},,,,,,,,,"{""1000"": 0, ""1001"": 0, ""1002"": 1, ""1003"": 1}",-20.5,[],"{""1000"": 1, ""1001"": 1, ""1002"": 0, ""1003"": 0}",-20.5,True,"{""1000"": 1, ""1001"": 1, ""1002"": 0, ""1003"": 0}",-20.5,True,True
3.539803981781006,,,,,"{""1000"": 0, ""1001"": 0, ""1002"": 1, ""1003"": 1}",,-20.36499999991166,-20.20979862661928,10,200,-20.5,True,,,0.06250366609613767,,2,4,,,8,True,0.0,SchedulingOutput,default,3535.3061569999227,qaoa_pennylane_lightning.gpu_xy_mixer,"{""device"": ""lightning.gpu"", ""final_beta"": [0.5892922228169561, 0.5888086882891039], ""final_gamma"": [0.5000070404922723, 1.888080300136383e-05], ""init_beta"": 0.5, ""init_gamma"": 0.5, ""init_strategy"": ""fixed"", ""initial_beta"": [0.5, 0.5], ""initial_gamma"": [0.5, 0.5], ""mixer_type"": ""xy"", ""opt_steps"": 200, ""p_layers"": 2, ""random_seed"": null, ""selection_pool"": ""top_k_probable_states"", ""top_k"": 32}",5,1,sweep_20260626_163548_3b2fdff6,src/experiments/scenarios/research_b2_optimizer_sweep.toml,B2.11,QAOA optimizer steps and learning-rate sweep [11/16],success,,,,,0.1,,,,,,,,,,200,,,{},,,,,,,,,"{""1000"": 0, ""1001"": 0, ""1002"": 1, ""1003"": 1}",-20.5,[],"{""1000"": 1, ""1001"": 1, ""1002"": 0, ""1003"": 0}",-20.5,True,"{""1000"": 1, ""1001"": 1, ""1002"": 0, ""1003"": 0}",-20.5,True,True
3.4936203956604004,,,,,"{""1000"": 0, ""1001"": 0, ""1002"": 1, ""1003"": 1}",,-20.36499999991166,-20.20979862661928,10,200,-20.5,True,,,0.06250366609613767,,2,4,,,8,True,0.0,SchedulingOutput,default,3489.066923000337,qaoa_pennylane_lightning.gpu_xy_mixer,"{""device"": ""lightning.gpu"", ""final_beta"": [0.5892922228169561, 0.5888086882891039], ""final_gamma"": [0.5000070404922723, 1.888080300136383e-05], ""init_beta"": 0.5, ""init_gamma"": 0.5, ""init_strategy"": ""fixed"", ""initial_beta"": [0.5, 0.5], ""initial_gamma"": [0.5, 0.5], ""mixer_type"": ""xy"", ""opt_steps"": 200, ""p_layers"": 2, ""random_seed"": null, ""selection_pool"": ""top_k_probable_states"", ""top_k"": 32}",5,2,sweep_20260626_163548_3b2fdff6,src/experiments/scenarios/research_b2_optimizer_sweep.toml,B2.11,QAOA optimizer steps and learning-rate sweep [11/16],success,,,,,0.1,,,,,,,,,,200,,,{},,,,,,,,,"{""1000"": 0, ""1001"": 0, ""1002"": 1, ""1003"": 1}",-20.5,[],"{""1000"": 1, ""1001"": 1, ""1002"": 0, ""1003"": 0}",-20.5,True,"{""1000"": 1, ""1001"": 1, ""1002"": 0, ""1003"": 0}",-20.5,True,True
3.487652063369751,,,,,"{""1000"": 0, ""1001"": 0, ""1002"": 1, ""1003"": 1}",,-20.36499999991166,-20.20979862661928,10,200,-20.5,True,,,0.06250366609613767,,2,4,,,8,True,0.0,SchedulingOutput,default,3483.091284999773,qaoa_pennylane_lightning.gpu_xy_mixer,"{""device"": ""lightning.gpu"", ""final_beta"": [0.5892922228169561, 0.5888086882891039], ""final_gamma"": [0.5000070404922723, 1.888080300136383e-05], ""init_beta"": 0.5, ""init_gamma"": 0.5, ""init_strategy"": ""fixed"", ""initial_beta"": [0.5, 0.5], ""initial_gamma"": [0.5, 0.5], ""mixer_type"": ""xy"", ""opt_steps"": 200, ""p_layers"": 2, ""random_seed"": null, ""selection_pool"": ""top_k_probable_states"", ""top_k"": 32}",5,3,sweep_20260626_163548_3b2fdff6,src/experiments/scenarios/research_b2_optimizer_sweep.toml,B2.11,QAOA optimizer steps and learning-rate sweep [11/16],success,,,,,0.1,,,,,,,,,,200,,,{},,,,,,,,,"{""1000"": 0, ""1001"": 0, ""1002"": 1, ""1003"": 1}",-20.5,[],"{""1000"": 1, ""1001"": 1, ""1002"": 0, ""1003"": 0}",-20.5,True,"{""1000"": 1, ""1001"": 1, ""1002"": 0, ""1003"": 0}",-20.5,True,True
3.5602376461029053,,,,,"{""1000"": 0, ""1001"": 0, ""1002"": 1, ""1003"": 1}",,-20.36499999991166,-20.20979862661928,10,200,-20.5,True,,,0.06250366609613767,,2,4,,,8,True,0.0,SchedulingOutput,default,3555.611106000015,qaoa_pennylane_lightning.gpu_xy_mixer,"{""device"": ""lightning.gpu"", ""final_beta"": [0.5892922228169561, 0.5888086882891039], ""final_gamma"": [0.5000070404922723, 1.888080300136383e-05], ""init_beta"": 0.5, ""init_gamma"": 0.5, ""init_strategy"": ""fixed"", ""initial_beta"": [0.5, 0.5], ""initial_gamma"": [0.5, 0.5], ""mixer_type"": ""xy"", ""opt_steps"": 200, ""p_layers"": 2, ""random_seed"": null, ""selection_pool"": ""top_k_probable_states"", ""top_k"": 32}",5,4,sweep_20260626_163548_3b2fdff6,src/experiments/scenarios/research_b2_optimizer_sweep.toml,B2.11,QAOA optimizer steps and learning-rate sweep [11/16],success,,,,,0.1,,,,,,,,,,200,,,{},,,,,,,,,"{""1000"": 0, ""1001"": 0, ""1002"": 1, ""1003"": 1}",-20.5,[],"{""1000"": 1, ""1001"": 1, ""1002"": 0, ""1003"": 0}",-20.5,True,"{""1000"": 1, ""1001"": 1, ""1002"": 0, ""1003"": 0}",-20.5,True,True
3.5854475498199463,,,,,"{""1000"": 0, ""1001"": 0, ""1002"": 1, ""1003"": 1}",,-20.36499999991166,-20.20979862661928,10,200,-20.5,True,,,0.06250366609613767,,2,4,,,8,True,0.0,SchedulingOutput,default,3580.411637999987,qaoa_pennylane_lightning.gpu_xy_mixer,"{""device"": ""lightning.gpu"", ""final_beta"": [0.5892922228169561, 0.5888086882891039], ""final_gamma"": [0.5000070404922723, 1.888080300136383e-05], ""init_beta"": 0.5, ""init_gamma"": 0.5, ""init_strategy"": ""fixed"", ""initial_beta"": [0.5, 0.5], ""initial_gamma"": [0.5, 0.5], ""mixer_type"": ""xy"", ""opt_steps"": 200, ""p_layers"": 2, ""random_seed"": null, ""selection_pool"": ""top_k_probable_states"", ""top_k"": 32}",5,5,sweep_20260626_163548_3b2fdff6,src/experiments/scenarios/research_b2_optimizer_sweep.toml,B2.11,QAOA optimizer steps and learning-rate sweep [11/16],success,,,,,0.1,,,,,,,,,,200,,,{},,,,,,,,,"{""1000"": 0, ""1001"": 0, ""1002"": 1, ""1003"": 1}",-20.5,[],"{""1000"": 1, ""1001"": 1, ""1002"": 0, ""1003"": 0}",-20.5,True,"{""1000"": 1, ""1001"": 1, ""1002"": 0, ""1003"": 0}",-20.5,True,True
3.8329360485076904,,,,,"{""1000"": 0, ""1001"": 0, ""1002"": 1, ""1003"": 1}",,-20.36446220158366,-20.20979862661928,28,200,-20.5,True,,,0.06251651379513788,,2,4,,,8,True,0.0,SchedulingOutput,default,3827.223901999787,qaoa_pennylane_lightning.gpu_xy_mixer,"{""device"": ""lightning.gpu"", ""final_beta"": [1.755042176429999, 1.7792660710198964], ""final_gamma"": [0.5000151903991866, 3.744568789869033e-05], ""init_beta"": 0.5, ""init_gamma"": 0.5, ""init_strategy"": ""fixed"", ""initial_beta"": [0.5, 0.5], ""initial_gamma"": [0.5, 0.5], ""mixer_type"": ""xy"", ""opt_steps"": 200, ""p_layers"": 2, ""random_seed"": null, ""selection_pool"": ""top_k_probable_states"", ""top_k"": 32}",5,1,sweep_20260626_163548_3b2fdff6,src/experiments/scenarios/research_b2_optimizer_sweep.toml,B2.12,QAOA optimizer steps and learning-rate sweep [12/16],success,,,,,0.5,,,,,,,,,,200,,,{},,,,,,,,,"{""1000"": 0, ""1001"": 0, ""1002"": 1, ""1003"": 1}",-20.5,[],"{""1000"": 1, ""1001"": 1, ""1002"": 0, ""1003"": 0}",-20.5,True,"{""1000"": 1, ""1001"": 1, ""1002"": 0, ""1003"": 0}",-20.5,True,True
3.5421576499938965,,,,,"{""1000"": 0, ""1001"": 0, ""1002"": 1, ""1003"": 1}",,-20.36446220158366,-20.20979862661928,28,200,-20.5,True,,,0.06251651379513788,,2,4,,,8,True,0.0,SchedulingOutput,default,3537.3952230002033,qaoa_pennylane_lightning.gpu_xy_mixer,"{""device"": ""lightning.gpu"", ""final_beta"": [1.755042176429999, 1.7792660710198964], ""final_gamma"": [0.5000151903991866, 3.744568789869033e-05], ""init_beta"": 0.5, ""init_gamma"": 0.5, ""init_strategy"": ""fixed"", ""initial_beta"": [0.5, 0.5], ""initial_gamma"": [0.5, 0.5], ""mixer_type"": ""xy"", ""opt_steps"": 200, ""p_layers"": 2, ""random_seed"": null, ""selection_pool"": ""top_k_probable_states"", ""top_k"": 32}",5,2,sweep_20260626_163548_3b2fdff6,src/experiments/scenarios/research_b2_optimizer_sweep.toml,B2.12,QAOA optimizer steps and learning-rate sweep [12/16],success,,,,,0.5,,,,,,,,,,200,,,{},,,,,,,,,"{""1000"": 0, ""1001"": 0, ""1002"": 1, ""1003"": 1}",-20.5,[],"{""1000"": 1, ""1001"": 1, ""1002"": 0, ""1003"": 0}",-20.5,True,"{""1000"": 1, ""1001"": 1, ""1002"": 0, ""1003"": 0}",-20.5,True,True
3.6434121131896973,,,,,"{""1000"": 0, ""1001"": 0, ""1002"": 1, ""1003"": 1}",,-20.36446220158366,-20.20979862661928,28,200,-20.5,True,,,0.06251651379513788,,2,4,,,8,True,0.0,SchedulingOutput,default,3638.728735999848,qaoa_pennylane_lightning.gpu_xy_mixer,"{""device"": ""lightning.gpu"", ""final_beta"": [1.755042176429999, 1.7792660710198964], ""final_gamma"": [0.5000151903991866, 3.744568789869033e-05], ""init_beta"": 0.5, ""init_gamma"": 0.5, ""init_strategy"": ""fixed"", ""initial_beta"": [0.5, 0.5], ""initial_gamma"": [0.5, 0.5], ""mixer_type"": ""xy"", ""opt_steps"": 200, ""p_layers"": 2, ""random_seed"": null, ""selection_pool"": ""top_k_probable_states"", ""top_k"": 32}",5,3,sweep_20260626_163548_3b2fdff6,src/experiments/scenarios/research_b2_optimizer_sweep.toml,B2.12,QAOA optimizer steps and learning-rate sweep [12/16],success,,,,,0.5,,,,,,,,,,200,,,{},,,,,,,,,"{""1000"": 0, ""1001"": 0, ""1002"": 1, ""1003"": 1}",-20.5,[],"{""1000"": 1, ""1001"": 1, ""1002"": 0, ""1003"": 0}",-20.5,True,"{""1000"": 1, ""1001"": 1, ""1002"": 0, ""1003"": 0}",-20.5,True,True
3.625588893890381,,,,,"{""1000"": 0, ""1001"": 0, ""1002"": 1, ""1003"": 1}",,-20.36446220158366,-20.20979862661928,28,200,-20.5,True,,,0.06251651379513788,,2,4,,,8,True,0.0,SchedulingOutput,default,3620.844775000023,qaoa_pennylane_lightning.gpu_xy_mixer,"{""device"": ""lightning.gpu"", ""final_beta"": [1.755042176429999, 1.7792660710198964], ""final_gamma"": [0.5000151903991866, 3.744568789869033e-05], ""init_beta"": 0.5, ""init_gamma"": 0.5, ""init_strategy"": ""fixed"", ""initial_beta"": [0.5, 0.5], ""initial_gamma"": [0.5, 0.5], ""mixer_type"": ""xy"", ""opt_steps"": 200, ""p_layers"": 2, ""random_seed"": null, ""selection_pool"": ""top_k_probable_states"", ""top_k"": 32}",5,4,sweep_20260626_163548_3b2fdff6,src/experiments/scenarios/research_b2_optimizer_sweep.toml,B2.12,QAOA optimizer steps and learning-rate sweep [12/16],success,,,,,0.5,,,,,,,,,,200,,,{},,,,,,,,,"{""1000"": 0, ""1001"": 0, ""1002"": 1, ""1003"": 1}",-20.5,[],"{""1000"": 1, ""1001"": 1, ""1002"": 0, ""1003"": 0}",-20.5,True,"{""1000"": 1, ""1001"": 1, ""1002"": 0, ""1003"": 0}",-20.5,True,True
3.5871171951293945,,,,,"{""1000"": 0, ""1001"": 0, ""1002"": 1, ""1003"": 1}",,-20.36446220158366,-20.20979862661928,28,200,-20.5,True,,,0.06251651379513788,,2,4,,,8,True,0.0,SchedulingOutput,default,3582.572044000244,qaoa_pennylane_lightning.gpu_xy_mixer,"{""device"": ""lightning.gpu"", ""final_beta"": [1.755042176429999, 1.7792660710198964], ""final_gamma"": [0.5000151903991866, 3.744568789869033e-05], ""init_beta"": 0.5, ""init_gamma"": 0.5, ""init_strategy"": ""fixed"", ""initial_beta"": [0.5, 0.5], ""initial_gamma"": [0.5, 0.5], ""mixer_type"": ""xy"", ""opt_steps"": 200, ""p_layers"": 2, ""random_seed"": null, ""selection_pool"": ""top_k_probable_states"", ""top_k"": 32}",5,5,sweep_20260626_163548_3b2fdff6,src/experiments/scenarios/research_b2_optimizer_sweep.toml,B2.12,QAOA optimizer steps and learning-rate sweep [12/16],success,,,,,0.5,,,,,,,,,,200,,,{},,,,,,,,,"{""1000"": 0, ""1001"": 0, ""1002"": 1, ""1003"": 1}",-20.5,[],"{""1000"": 1, ""1001"": 1, ""1002"": 0, ""1003"": 0}",-20.5,True,"{""1000"": 1, ""1001"": 1, ""1002"": 0, ""1003"": 0}",-20.5,True,True
9.025967836380005,,,,,"{""1000"": 0, ""1001"": 0, ""1002"": 1, ""1003"": 1}",,-20.36500000000003,-20.20979862661928,26,500,-20.5,True,,,0.0625000000008724,,2,4,,,8,True,0.0,SchedulingOutput,default,9021.401753000191,qaoa_pennylane_lightning.gpu_xy_mixer,"{""device"": ""lightning.gpu"", ""final_beta"": [0.5890981073118945, 0.5889991377851502], ""final_gamma"": [0.5000013158570896, -3.032962300399262e-12], ""init_beta"": 0.5, ""init_gamma"": 0.5, ""init_strategy"": ""fixed"", ""initial_beta"": [0.5, 0.5], ""initial_gamma"": [0.5, 0.5], ""mixer_type"": ""xy"", ""opt_steps"": 500, ""p_layers"": 2, ""random_seed"": null, ""selection_pool"": ""top_k_probable_states"", ""top_k"": 32}",5,1,sweep_20260626_163548_3b2fdff6,src/experiments/scenarios/research_b2_optimizer_sweep.toml,B2.13,QAOA optimizer steps and learning-rate sweep [13/16],success,,,,,0.01,,,,,,,,,,500,,,{},,,,,,,,,"{""1000"": 0, ""1001"": 0, ""1002"": 1, ""1003"": 1}",-20.5,[],"{""1000"": 1, ""1001"": 1, ""1002"": 0, ""1003"": 0}",-20.5,True,"{""1000"": 1, ""1001"": 1, ""1002"": 0, ""1003"": 0}",-20.5,True,True
9.154979705810547,,,,,"{""1000"": 0, ""1001"": 0, ""1002"": 1, ""1003"": 1}",,-20.36500000000003,-20.20979862661928,26,500,-20.5,True,,,0.0625000000008724,,2,4,,,8,True,0.0,SchedulingOutput,default,9150.402172000213,qaoa_pennylane_lightning.gpu_xy_mixer,"{""device"": ""lightning.gpu"", ""final_beta"": [0.5890981073118945, 0.5889991377851502], ""final_gamma"": [0.5000013158570896, -3.032962300399262e-12], ""init_beta"": 0.5, ""init_gamma"": 0.5, ""init_strategy"": ""fixed"", ""initial_beta"": [0.5, 0.5], ""initial_gamma"": [0.5, 0.5], ""mixer_type"": ""xy"", ""opt_steps"": 500, ""p_layers"": 2, ""random_seed"": null, ""selection_pool"": ""top_k_probable_states"", ""top_k"": 32}",5,2,sweep_20260626_163548_3b2fdff6,src/experiments/scenarios/research_b2_optimizer_sweep.toml,B2.13,QAOA optimizer steps and learning-rate sweep [13/16],success,,,,,0.01,,,,,,,,,,500,,,{},,,,,,,,,"{""1000"": 0, ""1001"": 0, ""1002"": 1, ""1003"": 1}",-20.5,[],"{""1000"": 1, ""1001"": 1, ""1002"": 0, ""1003"": 0}",-20.5,True,"{""1000"": 1, ""1001"": 1, ""1002"": 0, ""1003"": 0}",-20.5,True,True
8.924937725067139,,,,,"{""1000"": 0, ""1001"": 0, ""1002"": 1, ""1003"": 1}",,-20.36500000000003,-20.20979862661928,26,500,-20.5,True,,,0.0625000000008724,,2,4,,,8,True,0.0,SchedulingOutput,default,8918.319197000073,qaoa_pennylane_lightning.gpu_xy_mixer,"{""device"": ""lightning.gpu"", ""final_beta"": [0.5890981073118945, 0.5889991377851502], ""final_gamma"": [0.5000013158570896, -3.032962300399262e-12], ""init_beta"": 0.5, ""init_gamma"": 0.5, ""init_strategy"": ""fixed"", ""initial_beta"": [0.5, 0.5], ""initial_gamma"": [0.5, 0.5], ""mixer_type"": ""xy"", ""opt_steps"": 500, ""p_layers"": 2, ""random_seed"": null, ""selection_pool"": ""top_k_probable_states"", ""top_k"": 32}",5,3,sweep_20260626_163548_3b2fdff6,src/experiments/scenarios/research_b2_optimizer_sweep.toml,B2.13,QAOA optimizer steps and learning-rate sweep [13/16],success,,,,,0.01,,,,,,,,,,500,,,{},,,,,,,,,"{""1000"": 0, ""1001"": 0, ""1002"": 1, ""1003"": 1}",-20.5,[],"{""1000"": 1, ""1001"": 1, ""1002"": 0, ""1003"": 0}",-20.5,True,"{""1000"": 1, ""1001"": 1, ""1002"": 0, ""1003"": 0}",-20.5,True,True
9.063132762908936,,,,,"{""1000"": 0, ""1001"": 0, ""1002"": 1, ""1003"": 1}",,-20.36500000000003,-20.20979862661928,26,500,-20.5,True,,,0.0625000000008724,,2,4,,,8,True,0.0,SchedulingOutput,default,9058.26867099995,qaoa_pennylane_lightning.gpu_xy_mixer,"{""device"": ""lightning.gpu"", ""final_beta"": [0.5890981073118945, 0.5889991377851502], ""final_gamma"": [0.5000013158570896, -3.032962300399262e-12], ""init_beta"": 0.5, ""init_gamma"": 0.5, ""init_strategy"": ""fixed"", ""initial_beta"": [0.5, 0.5], ""initial_gamma"": [0.5, 0.5], ""mixer_type"": ""xy"", ""opt_steps"": 500, ""p_layers"": 2, ""random_seed"": null, ""selection_pool"": ""top_k_probable_states"", ""top_k"": 32}",5,4,sweep_20260626_163548_3b2fdff6,src/experiments/scenarios/research_b2_optimizer_sweep.toml,B2.13,QAOA optimizer steps and learning-rate sweep [13/16],success,,,,,0.01,,,,,,,,,,500,,,{},,,,,,,,,"{""1000"": 0, ""1001"": 0, ""1002"": 1, ""1003"": 1}",-20.5,[],"{""1000"": 1, ""1001"": 1, ""1002"": 0, ""1003"": 0}",-20.5,True,"{""1000"": 1, ""1001"": 1, ""1002"": 0, ""1003"": 0}",-20.5,True,True
9.652332305908203,,,,,"{""1000"": 0, ""1001"": 0, ""1002"": 1, ""1003"": 1}",,-20.36500000000003,-20.20979862661928,26,500,-20.5,True,,,0.0625000000008724,,2,4,,,8,True,0.0,SchedulingOutput,default,9647.589281999899,qaoa_pennylane_lightning.gpu_xy_mixer,"{""device"": ""lightning.gpu"", ""final_beta"": [0.5890981073118945, 0.5889991377851502], ""final_gamma"": [0.5000013158570896, -3.032962300399262e-12], ""init_beta"": 0.5, ""init_gamma"": 0.5, ""init_strategy"": ""fixed"", ""initial_beta"": [0.5, 0.5], ""initial_gamma"": [0.5, 0.5], ""mixer_type"": ""xy"", ""opt_steps"": 500, ""p_layers"": 2, ""random_seed"": null, ""selection_pool"": ""top_k_probable_states"", ""top_k"": 32}",5,5,sweep_20260626_163548_3b2fdff6,src/experiments/scenarios/research_b2_optimizer_sweep.toml,B2.13,QAOA optimizer steps and learning-rate sweep [13/16],success,,,,,0.01,,,,,,,,,,500,,,{},,,,,,,,,"{""1000"": 0, ""1001"": 0, ""1002"": 1, ""1003"": 1}",-20.5,[],"{""1000"": 1, ""1001"": 1, ""1002"": 0, ""1003"": 0}",-20.5,True,"{""1000"": 1, ""1001"": 1, ""1002"": 0, ""1003"": 0}",-20.5,True,True
9.266514539718628,,,,,"{""1000"": 0, ""1001"": 0, ""1002"": 1, ""1003"": 1}",,-20.364999999999917,-20.20979862661928,15,500,-20.5,True,,,0.06250022292495912,,2,4,,,8,True,0.0,SchedulingOutput,default,9261.938535999889,qaoa_pennylane_lightning.gpu_xy_mixer,"{""device"": ""lightning.gpu"", ""final_beta"": [0.5892159744192036, 0.5888810477523079], ""final_gamma"": [0.5000011077953951, 4.010543205446419e-12], ""init_beta"": 0.5, ""init_gamma"": 0.5, ""init_strategy"": ""fixed"", ""initial_beta"": [0.5, 0.5], ""initial_gamma"": [0.5, 0.5], ""mixer_type"": ""xy"", ""opt_steps"": 500, ""p_layers"": 2, ""random_seed"": null, ""selection_pool"": ""top_k_probable_states"", ""top_k"": 32}",5,1,sweep_20260626_163548_3b2fdff6,src/experiments/scenarios/research_b2_optimizer_sweep.toml,B2.14,QAOA optimizer steps and learning-rate sweep [14/16],success,,,,,0.05,,,,,,,,,,500,,,{},,,,,,,,,"{""1000"": 0, ""1001"": 0, ""1002"": 1, ""1003"": 1}",-20.5,[],"{""1000"": 1, ""1001"": 1, ""1002"": 0, ""1003"": 0}",-20.5,True,"{""1000"": 1, ""1001"": 1, ""1002"": 0, ""1003"": 0}",-20.5,True,True
8.76688289642334,,,,,"{""1000"": 0, ""1001"": 0, ""1002"": 1, ""1003"": 1}",,-20.364999999999917,-20.20979862661928,15,500,-20.5,True,,,0.06250022292495912,,2,4,,,8,True,0.0,SchedulingOutput,default,8762.355835999642,qaoa_pennylane_lightning.gpu_xy_mixer,"{""device"": ""lightning.gpu"", ""final_beta"": [0.5892159744192036, 0.5888810477523079], ""final_gamma"": [0.5000011077953951, 4.010543205446419e-12], ""init_beta"": 0.5, ""init_gamma"": 0.5, ""init_strategy"": ""fixed"", ""initial_beta"": [0.5, 0.5], ""initial_gamma"": [0.5, 0.5], ""mixer_type"": ""xy"", ""opt_steps"": 500, ""p_layers"": 2, ""random_seed"": null, ""selection_pool"": ""top_k_probable_states"", ""top_k"": 32}",5,2,sweep_20260626_163548_3b2fdff6,src/experiments/scenarios/research_b2_optimizer_sweep.toml,B2.14,QAOA optimizer steps and learning-rate sweep [14/16],success,,,,,0.05,,,,,,,,,,500,,,{},,,,,,,,,"{""1000"": 0, ""1001"": 0, ""1002"": 1, ""1003"": 1}",-20.5,[],"{""1000"": 1, ""1001"": 1, ""1002"": 0, ""1003"": 0}",-20.5,True,"{""1000"": 1, ""1001"": 1, ""1002"": 0, ""1003"": 0}",-20.5,True,True
9.269077777862549,,,,,"{""1000"": 0, ""1001"": 0, ""1002"": 1, ""1003"": 1}",,-20.364999999999917,-20.20979862661928,15,500,-20.5,True,,,0.06250022292495912,,2,4,,,8,True,0.0,SchedulingOutput,default,9264.542714000072,qaoa_pennylane_lightning.gpu_xy_mixer,"{""device"": ""lightning.gpu"", ""final_beta"": [0.5892159744192036, 0.5888810477523079], ""final_gamma"": [0.5000011077953951, 4.010543205446419e-12], ""init_beta"": 0.5, ""init_gamma"": 0.5, ""init_strategy"": ""fixed"", ""initial_beta"": [0.5, 0.5], ""initial_gamma"": [0.5, 0.5], ""mixer_type"": ""xy"", ""opt_steps"": 500, ""p_layers"": 2, ""random_seed"": null, ""selection_pool"": ""top_k_probable_states"", ""top_k"": 32}",5,3,sweep_20260626_163548_3b2fdff6,src/experiments/scenarios/research_b2_optimizer_sweep.toml,B2.14,QAOA optimizer steps and learning-rate sweep [14/16],success,,,,,0.05,,,,,,,,,,500,,,{},,,,,,,,,"{""1000"": 0, ""1001"": 0, ""1002"": 1, ""1003"": 1}",-20.5,[],"{""1000"": 1, ""1001"": 1, ""1002"": 0, ""1003"": 0}",-20.5,True,"{""1000"": 1, ""1001"": 1, ""1002"": 0, ""1003"": 0}",-20.5,True,True
8.978516340255737,,,,,"{""1000"": 0, ""1001"": 0, ""1002"": 1, ""1003"": 1}",,-20.364999999999917,-20.20979862661928,15,500,-20.5,True,,,0.06250022292495912,,2,4,,,8,True,0.0,SchedulingOutput,default,8973.819214999821,qaoa_pennylane_lightning.gpu_xy_mixer,"{""device"": ""lightning.gpu"", ""final_beta"": [0.5892159744192036, 0.5888810477523079], ""final_gamma"": [0.5000011077953951, 4.010543205446419e-12], ""init_beta"": 0.5, ""init_gamma"": 0.5, ""init_strategy"": ""fixed"", ""initial_beta"": [0.5, 0.5], ""initial_gamma"": [0.5, 0.5], ""mixer_type"": ""xy"", ""opt_steps"": 500, ""p_layers"": 2, ""random_seed"": null, ""selection_pool"": ""top_k_probable_states"", ""top_k"": 32}",5,4,sweep_20260626_163548_3b2fdff6,src/experiments/scenarios/research_b2_optimizer_sweep.toml,B2.14,QAOA optimizer steps and learning-rate sweep [14/16],success,,,,,0.05,,,,,,,,,,500,,,{},,,,,,,,,"{""1000"": 0, ""1001"": 0, ""1002"": 1, ""1003"": 1}",-20.5,[],"{""1000"": 1, ""1001"": 1, ""1002"": 0, ""1003"": 0}",-20.5,True,"{""1000"": 1, ""1001"": 1, ""1002"": 0, ""1003"": 0}",-20.5,True,True
9.276556968688965,,,,,"{""1000"": 0, ""1001"": 0, ""1002"": 1, ""1003"": 1}",,-20.364999999999917,-20.20979862661928,15,500,-20.5,True,,,0.06250022292495912,,2,4,,,8,True,0.0,SchedulingOutput,default,9271.92114699983,qaoa_pennylane_lightning.gpu_xy_mixer,"{""device"": ""lightning.gpu"", ""final_beta"": [0.5892159744192036, 0.5888810477523079], ""final_gamma"": [0.5000011077953951, 4.010543205446419e-12], ""init_beta"": 0.5, ""init_gamma"": 0.5, ""init_strategy"": ""fixed"", ""initial_beta"": [0.5, 0.5], ""initial_gamma"": [0.5, 0.5], ""mixer_type"": ""xy"", ""opt_steps"": 500, ""p_layers"": 2, ""random_seed"": null, ""selection_pool"": ""top_k_probable_states"", ""top_k"": 32}",5,5,sweep_20260626_163548_3b2fdff6,src/experiments/scenarios/research_b2_optimizer_sweep.toml,B2.14,QAOA optimizer steps and learning-rate sweep [14/16],success,,,,,0.05,,,,,,,,,,500,,,{},,,,,,,,,"{""1000"": 0, ""1001"": 0, ""1002"": 1, ""1003"": 1}",-20.5,[],"{""1000"": 1, ""1001"": 1, ""1002"": 0, ""1003"": 0}",-20.5,True,"{""1000"": 1, ""1001"": 1, ""1002"": 0, ""1003"": 0}",-20.5,True,True
9.115959644317627,,,,,"{""1000"": 1, ""1001"": 1, ""1002"": 0, ""1003"": 0}",,-20.364999997202084,-20.20979862661928,10,500,-20.5,True,,,0.06260340903763276,,2,4,,,8,True,0.0,SchedulingOutput,default,9111.268870000004,qaoa_pennylane_lightning.gpu_xy_mixer,"{""device"": ""lightning.gpu"", ""final_beta"": [0.5892385911931061, 0.5887553089612104], ""final_gamma"": [0.5000188749699385, 2.963957107724553e-12], ""init_beta"": 0.5, ""init_gamma"": 0.5, ""init_strategy"": ""fixed"", ""initial_beta"": [0.5, 0.5], ""initial_gamma"": [0.5, 0.5], ""mixer_type"": ""xy"", ""opt_steps"": 500, ""p_layers"": 2, ""random_seed"": null, ""selection_pool"": ""top_k_probable_states"", ""top_k"": 32}",5,1,sweep_20260626_163548_3b2fdff6,src/experiments/scenarios/research_b2_optimizer_sweep.toml,B2.15,QAOA optimizer steps and learning-rate sweep [15/16],success,,,,,0.1,,,,,,,,,,500,,,{},,,,,,,,,"{""1000"": 1, ""1001"": 1, ""1002"": 0, ""1003"": 0}",-20.5,[],"{""1000"": 1, ""1001"": 1, ""1002"": 0, ""1003"": 0}",-20.5,True,"{""1000"": 1, ""1001"": 1, ""1002"": 0, ""1003"": 0}",-20.5,True,True
9.484535932540894,,,,,"{""1000"": 1, ""1001"": 1, ""1002"": 0, ""1003"": 0}",,-20.364999997202084,-20.20979862661928,10,500,-20.5,True,,,0.06260340903763276,,2,4,,,8,True,0.0,SchedulingOutput,default,9479.740844999924,qaoa_pennylane_lightning.gpu_xy_mixer,"{""device"": ""lightning.gpu"", ""final_beta"": [0.5892385911931061, 0.5887553089612104], ""final_gamma"": [0.5000188749699385, 2.963957107724553e-12], ""init_beta"": 0.5, ""init_gamma"": 0.5, ""init_strategy"": ""fixed"", ""initial_beta"": [0.5, 0.5], ""initial_gamma"": [0.5, 0.5], ""mixer_type"": ""xy"", ""opt_steps"": 500, ""p_layers"": 2, ""random_seed"": null, ""selection_pool"": ""top_k_probable_states"", ""top_k"": 32}",5,2,sweep_20260626_163548_3b2fdff6,src/experiments/scenarios/research_b2_optimizer_sweep.toml,B2.15,QAOA optimizer steps and learning-rate sweep [15/16],success,,,,,0.1,,,,,,,,,,500,,,{},,,,,,,,,"{""1000"": 1, ""1001"": 1, ""1002"": 0, ""1003"": 0}",-20.5,[],"{""1000"": 1, ""1001"": 1, ""1002"": 0, ""1003"": 0}",-20.5,True,"{""1000"": 1, ""1001"": 1, ""1002"": 0, ""1003"": 0}",-20.5,True,True
9.09487795829773,,,,,"{""1000"": 1, ""1001"": 1, ""1002"": 0, ""1003"": 0}",,-20.364999997202084,-20.20979862661928,10,500,-20.5,True,,,0.06260340903763276,,2,4,,,8,True,0.0,SchedulingOutput,default,9090.001037000093,qaoa_pennylane_lightning.gpu_xy_mixer,"{""device"": ""lightning.gpu"", ""final_beta"": [0.5892385911931061, 0.5887553089612104], ""final_gamma"": [0.5000188749699385, 2.963957107724553e-12], ""init_beta"": 0.5, ""init_gamma"": 0.5, ""init_strategy"": ""fixed"", ""initial_beta"": [0.5, 0.5], ""initial_gamma"": [0.5, 0.5], ""mixer_type"": ""xy"", ""opt_steps"": 500, ""p_layers"": 2, ""random_seed"": null, ""selection_pool"": ""top_k_probable_states"", ""top_k"": 32}",5,3,sweep_20260626_163548_3b2fdff6,src/experiments/scenarios/research_b2_optimizer_sweep.toml,B2.15,QAOA optimizer steps and learning-rate sweep [15/16],success,,,,,0.1,,,,,,,,,,500,,,{},,,,,,,,,"{""1000"": 1, ""1001"": 1, ""1002"": 0, ""1003"": 0}",-20.5,[],"{""1000"": 1, ""1001"": 1, ""1002"": 0, ""1003"": 0}",-20.5,True,"{""1000"": 1, ""1001"": 1, ""1002"": 0, ""1003"": 0}",-20.5,True,True
10.296912908554077,,,,,"{""1000"": 1, ""1001"": 1, ""1002"": 0, ""1003"": 0}",,-20.364999997202084,-20.20979862661928,10,500,-20.5,True,,,0.06260340903763276,,2,4,,,8,True,0.0,SchedulingOutput,default,10291.787962000399,qaoa_pennylane_lightning.gpu_xy_mixer,"{""device"": ""lightning.gpu"", ""final_beta"": [0.5892385911931061, 0.5887553089612104], ""final_gamma"": [0.5000188749699385, 2.963957107724553e-12], ""init_beta"": 0.5, ""init_gamma"": 0.5, ""init_strategy"": ""fixed"", ""initial_beta"": [0.5, 0.5], ""initial_gamma"": [0.5, 0.5], ""mixer_type"": ""xy"", ""opt_steps"": 500, ""p_layers"": 2, ""random_seed"": null, ""selection_pool"": ""top_k_probable_states"", ""top_k"": 32}",5,4,sweep_20260626_163548_3b2fdff6,src/experiments/scenarios/research_b2_optimizer_sweep.toml,B2.15,QAOA optimizer steps and learning-rate sweep [15/16],success,,,,,0.1,,,,,,,,,,500,,,{},,,,,,,,,"{""1000"": 1, ""1001"": 1, ""1002"": 0, ""1003"": 0}",-20.5,[],"{""1000"": 1, ""1001"": 1, ""1002"": 0, ""1003"": 0}",-20.5,True,"{""1000"": 1, ""1001"": 1, ""1002"": 0, ""1003"": 0}",-20.5,True,True
9.1851327419281,,,,,"{""1000"": 1, ""1001"": 1, ""1002"": 0, ""1003"": 0}",,-20.364999997202084,-20.20979862661928,10,500,-20.5,True,,,0.06260340903763276,,2,4,,,8,True,0.0,SchedulingOutput,default,9180.319169000086,qaoa_pennylane_lightning.gpu_xy_mixer,"{""device"": ""lightning.gpu"", ""final_beta"": [0.5892385911931061, 0.5887553089612104], ""final_gamma"": [0.5000188749699385, 2.963957107724553e-12], ""init_beta"": 0.5, ""init_gamma"": 0.5, ""init_strategy"": ""fixed"", ""initial_beta"": [0.5, 0.5], ""initial_gamma"": [0.5, 0.5], ""mixer_type"": ""xy"", ""opt_steps"": 500, ""p_layers"": 2, ""random_seed"": null, ""selection_pool"": ""top_k_probable_states"", ""top_k"": 32}",5,5,sweep_20260626_163548_3b2fdff6,src/experiments/scenarios/research_b2_optimizer_sweep.toml,B2.15,QAOA optimizer steps and learning-rate sweep [15/16],success,,,,,0.1,,,,,,,,,,500,,,{},,,,,,,,,"{""1000"": 1, ""1001"": 1, ""1002"": 0, ""1003"": 0}",-20.5,[],"{""1000"": 1, ""1001"": 1, ""1002"": 0, ""1003"": 0}",-20.5,True,"{""1000"": 1, ""1001"": 1, ""1002"": 0, ""1003"": 0}",-20.5,True,True
9.011980533599854,,,,,"{""1000"": 1, ""1001"": 1, ""1002"": 0, ""1003"": 0}",,-20.356240336894267,-20.20979862661928,25,500,-20.5,True,,,0.10640410595157253,,2,4,,,8,True,0.0,SchedulingOutput,default,9006.77785500011,qaoa_pennylane_lightning.gpu_xy_mixer,"{""device"": ""lightning.gpu"", ""final_beta"": [1.772878147359114, 1.7971027254021963], ""final_gamma"": [0.5000751604974755, -5.72504190915819e-09], ""init_beta"": 0.5, ""init_gamma"": 0.5, ""init_strategy"": ""fixed"", ""initial_beta"": [0.5, 0.5], ""initial_gamma"": [0.5, 0.5], ""mixer_type"": ""xy"", ""opt_steps"": 500, ""p_layers"": 2, ""random_seed"": null, ""selection_pool"": ""top_k_probable_states"", ""top_k"": 32}",5,1,sweep_20260626_163548_3b2fdff6,src/experiments/scenarios/research_b2_optimizer_sweep.toml,B2.16,QAOA optimizer steps and learning-rate sweep [16/16],success,,,,,0.5,,,,,,,,,,500,,,{},,,,,,,,,"{""1000"": 1, ""1001"": 1, ""1002"": 0, ""1003"": 0}",-20.5,[],"{""1000"": 1, ""1001"": 1, ""1002"": 0, ""1003"": 0}",-20.5,True,"{""1000"": 1, ""1001"": 1, ""1002"": 0, ""1003"": 0}",-20.5,True,True
9.057992458343506,,,,,"{""1000"": 1, ""1001"": 1, ""1002"": 0, ""1003"": 0}",,-20.356240336894267,-20.20979862661928,25,500,-20.5,True,,,0.10640410595157253,,2,4,,,8,True,0.0,SchedulingOutput,default,9052.930155000013,qaoa_pennylane_lightning.gpu_xy_mixer,"{""device"": ""lightning.gpu"", ""final_beta"": [1.772878147359114, 1.7971027254021963], ""final_gamma"": [0.5000751604974755, -5.72504190915819e-09], ""init_beta"": 0.5, ""init_gamma"": 0.5, ""init_strategy"": ""fixed"", ""initial_beta"": [0.5, 0.5], ""initial_gamma"": [0.5, 0.5], ""mixer_type"": ""xy"", ""opt_steps"": 500, ""p_layers"": 2, ""random_seed"": null, ""selection_pool"": ""top_k_probable_states"", ""top_k"": 32}",5,2,sweep_20260626_163548_3b2fdff6,src/experiments/scenarios/research_b2_optimizer_sweep.toml,B2.16,QAOA optimizer steps and learning-rate sweep [16/16],success,,,,,0.5,,,,,,,,,,500,,,{},,,,,,,,,"{""1000"": 1, ""1001"": 1, ""1002"": 0, ""1003"": 0}",-20.5,[],"{""1000"": 1, ""1001"": 1, ""1002"": 0, ""1003"": 0}",-20.5,True,"{""1000"": 1, ""1001"": 1, ""1002"": 0, ""1003"": 0}",-20.5,True,True
9.130507707595825,,,,,"{""1000"": 1, ""1001"": 1, ""1002"": 0, ""1003"": 0}",,-20.356240336894267,-20.20979862661928,25,500,-20.5,True,,,0.10640410595157253,,2,4,,,8,True,0.0,SchedulingOutput,default,9125.81989499995,qaoa_pennylane_lightning.gpu_xy_mixer,"{""device"": ""lightning.gpu"", ""final_beta"": [1.772878147359114, 1.7971027254021963], ""final_gamma"": [0.5000751604974755, -5.72504190915819e-09], ""init_beta"": 0.5, ""init_gamma"": 0.5, ""init_strategy"": ""fixed"", ""initial_beta"": [0.5, 0.5], ""initial_gamma"": [0.5, 0.5], ""mixer_type"": ""xy"", ""opt_steps"": 500, ""p_layers"": 2, ""random_seed"": null, ""selection_pool"": ""top_k_probable_states"", ""top_k"": 32}",5,3,sweep_20260626_163548_3b2fdff6,src/experiments/scenarios/research_b2_optimizer_sweep.toml,B2.16,QAOA optimizer steps and learning-rate sweep [16/16],success,,,,,0.5,,,,,,,,,,500,,,{},,,,,,,,,"{""1000"": 1, ""1001"": 1, ""1002"": 0, ""1003"": 0}",-20.5,[],"{""1000"": 1, ""1001"": 1, ""1002"": 0, ""1003"": 0}",-20.5,True,"{""1000"": 1, ""1001"": 1, ""1002"": 0, ""1003"": 0}",-20.5,True,True
9.297736644744873,,,,,"{""1000"": 1, ""1001"": 1, ""1002"": 0, ""1003"": 0}",,-20.356240336894267,-20.20979862661928,25,500,-20.5,True,,,0.10640410595157253,,2,4,,,8,True,0.0,SchedulingOutput,default,9292.957880000358,qaoa_pennylane_lightning.gpu_xy_mixer,"{""device"": ""lightning.gpu"", ""final_beta"": [1.772878147359114, 1.7971027254021963], ""final_gamma"": [0.5000751604974755, -5.72504190915819e-09], ""init_beta"": 0.5, ""init_gamma"": 0.5, ""init_strategy"": ""fixed"", ""initial_beta"": [0.5, 0.5], ""initial_gamma"": [0.5, 0.5], ""mixer_type"": ""xy"", ""opt_steps"": 500, ""p_layers"": 2, ""random_seed"": null, ""selection_pool"": ""top_k_probable_states"", ""top_k"": 32}",5,4,sweep_20260626_163548_3b2fdff6,src/experiments/scenarios/research_b2_optimizer_sweep.toml,B2.16,QAOA optimizer steps and learning-rate sweep [16/16],success,,,,,0.5,,,,,,,,,,500,,,{},,,,,,,,,"{""1000"": 1, ""1001"": 1, ""1002"": 0, ""1003"": 0}",-20.5,[],"{""1000"": 1, ""1001"": 1, ""1002"": 0, ""1003"": 0}",-20.5,True,"{""1000"": 1, ""1001"": 1, ""1002"": 0, ""1003"": 0}",-20.5,True,True
9.278713941574097,,,,,"{""1000"": 1, ""1001"": 1, ""1002"": 0, ""1003"": 0}",,-20.356240336894267,-20.20979862661928,25,500,-20.5,True,,,0.10640410595157253,,2,4,,,8,True,0.0,SchedulingOutput,default,9273.689931999797,qaoa_pennylane_lightning.gpu_xy_mixer,"{""device"": ""lightning.gpu"", ""final_beta"": [1.772878147359114, 1.7971027254021963], ""final_gamma"": [0.5000751604974755, -5.72504190915819e-09], ""init_beta"": 0.5, ""init_gamma"": 0.5, ""init_strategy"": ""fixed"", ""initial_beta"": [0.5, 0.5], ""initial_gamma"": [0.5, 0.5], ""mixer_type"": ""xy"", ""opt_steps"": 500, ""p_layers"": 2, ""random_seed"": null, ""selection_pool"": ""top_k_probable_states"", ""top_k"": 32}",5,5,sweep_20260626_163548_3b2fdff6,src/experiments/scenarios/research_b2_optimizer_sweep.toml,B2.16,QAOA optimizer steps and learning-rate sweep [16/16],success,,,,,0.5,,,,,,,,,,500,,,{},,,,,,,,,"{""1000"": 1, ""1001"": 1, ""1002"": 0, ""1003"": 0}",-20.5,[],"{""1000"": 1, ""1001"": 1, ""1002"": 0, ""1003"": 0}",-20.5,True,"{""1000"": 1, ""1001"": 1, ""1002"": 0, ""1003"": 0}",-20.5,True,True
2.0193710327148438,,,,,"{""1000"": 0, ""1001"": 0, ""1002"": 1, ""1003"": 1}",,-20.3649999984887,-20.18776628577577,3,100,-20.5,True,,,0.06302423272753434,,2,4,,,8,True,0.0,SchedulingOutput,default,2014.4653439997455,qaoa_pennylane_lightning.gpu_xy_mixer,"{""device"": ""lightning.gpu"", ""final_beta"": [0.1960821059316656, 0.19609438360051773], ""final_gamma"": [0.10000251442899427, 5.269260876978422e-05], ""init_beta"": 0.1, ""init_gamma"": 0.1, ""init_strategy"": ""fixed"", ""initial_beta"": [0.1, 0.1], ""initial_gamma"": [0.1, 0.1], ""mixer_type"": ""xy"", ""opt_steps"": 100, ""p_layers"": 2, ""random_seed"": null, ""selection_pool"": ""top_k_probable_states"", ""top_k"": 32}",1,1,sweep_20260626_163548_3b2fdff6,src/experiments/scenarios/research_b3_init_grid_sweep.toml,B3.1,QAOA gamma beta initialization grid [1/50],success,,0.1,0.1,2,,,,,,,,,,,,,,{},,,,,,,,,"{""1000"": 0, ""1001"": 0, ""1002"": 1, ""1003"": 1}",-20.5,[],"{""1000"": 1, ""1001"": 1, ""1002"": 0, ""1003"": 0}",-20.5,True,"{""1000"": 1, ""1001"": 1, ""1002"": 0, ""1003"": 0}",-20.5,True,True
1.8582313060760498,,,,,"{""1000"": 0, ""1001"": 0, ""1002"": 1, ""1003"": 1}",,-20.364995903694357,-20.166581619786793,3,100,-20.5,True,,,0.06291825073102775,,2,4,,,8,True,0.0,SchedulingOutput,default,1853.3433759998843,qaoa_pennylane_lightning.gpu_xy_mixer,"{""device"": ""lightning.gpu"", ""final_beta"": [0.19611797866451097, 0.196163904513402], ""final_gamma"": [0.10000073669833691, -0.0006621752390345002], ""init_beta"": 0.3, ""init_gamma"": 0.1, ""init_strategy"": ""fixed"", ""initial_beta"": [0.3, 0.3], ""initial_gamma"": [0.1, 0.1], ""mixer_type"": ""xy"", ""opt_steps"": 100, ""p_layers"": 2, ""random_seed"": null, ""selection_pool"": ""top_k_probable_states"", ""top_k"": 32}",1,1,sweep_20260626_163548_3b2fdff6,src/experiments/scenarios/research_b3_init_grid_sweep.toml,B3.2,QAOA gamma beta initialization grid [2/50],success,,0.3,0.1,2,,,,,,,,,,,,,,{},,,,,,,,,"{""1000"": 0, ""1001"": 0, ""1002"": 1, ""1003"": 1}",-20.5,[],"{""1000"": 1, ""1001"": 1, ""1002"": 0, ""1003"": 0}",-20.5,True,"{""1000"": 1, ""1001"": 1, ""1002"": 0, ""1003"": 0}",-20.5,True,True
1.9006481170654297,,,,,"{""1000"": 0, ""1001"": 0, ""1002"": 1, ""1003"": 1}",,-20.36499620196856,-20.20908376047192,3,100,-20.5,True,,,0.06315698990061004,,2,4,,,8,True,0.0,SchedulingOutput,default,1895.6750840002314,qaoa_pennylane_lightning.gpu_xy_mixer,"{""device"": ""lightning.gpu"", ""final_beta"": [0.5887404868855398, 0.5887023406776252], ""final_gamma"": [0.10000293497131756, 0.0007749355175841358], ""init_beta"": 0.5, ""init_gamma"": 0.1, ""init_strategy"": ""fixed"", ""initial_beta"": [0.5, 0.5], ""initial_gamma"": [0.1, 0.1], ""mixer_type"": ""xy"", ""opt_steps"": 100, ""p_layers"": 2, ""random_seed"": null, ""selection_pool"": ""top_k_probable_states"", ""top_k"": 32}",1,1,sweep_20260626_163548_3b2fdff6,src/experiments/scenarios/research_b3_init_grid_sweep.toml,B3.3,QAOA gamma beta initialization grid [3/50],success,,0.5,0.1,2,,,,,,,,,,,,,,{},,,,,,,,,"{""1000"": 0, ""1001"": 0, ""1002"": 1, ""1003"": 1}",-20.5,[],"{""1000"": 1, ""1001"": 1, ""1002"": 0, ""1003"": 0}",-20.5,True,"{""1000"": 1, ""1001"": 1, ""1002"": 0, ""1003"": 0}",-20.5,True,True
1.862696886062622,,,,,"{""1000"": 0, ""1001"": 0, ""1002"": 1, ""1003"": 1}",,-20.364996620620374,-20.14540165254251,10,100,-20.5,True,,,0.06340634255670753,,2,4,,,8,True,0.0,SchedulingOutput,default,1857.955320000201,qaoa_pennylane_lightning.gpu_xy_mixer,"{""device"": ""lightning.gpu"", ""final_beta"": [0.588605277674938, 0.5885905096005486], ""final_gamma"": [0.10000352523282893, -0.0007035074043191898], ""init_beta"": 0.7, ""init_gamma"": 0.1, ""init_strategy"": ""fixed"", ""initial_beta"": [0.7, 0.7], ""initial_gamma"": [0.1, 0.1], ""mixer_type"": ""xy"", ""opt_steps"": 100, ""p_layers"": 2, ""random_seed"": null, ""selection_pool"": ""top_k_probable_states"", ""top_k"": 32}",1,1,sweep_20260626_163548_3b2fdff6,src/experiments/scenarios/research_b3_init_grid_sweep.toml,B3.4,QAOA gamma beta initialization grid [4/50],success,,0.7,0.1,2,,,,,,,,,,,,,,{},,,,,,,,,"{""1000"": 0, ""1001"": 0, ""1002"": 1, ""1003"": 1}",-20.5,[],"{""1000"": 1, ""1001"": 1, ""1002"": 0, ""1003"": 0}",-20.5,True,"{""1000"": 1, ""1001"": 1, ""1002"": 0, ""1003"": 0}",-20.5,True,True
1.9322748184204102,,,,,"{""1000"": 0, ""1001"": 0, ""1002"": 1, ""1003"": 1}",,-20.364999937545257,-20.35720983624298,4,100,-20.5,True,,,0.06274945789716492,,2,4,,,8,True,0.0,SchedulingOutput,default,1927.3404000000482,qaoa_pennylane_lightning.gpu_xy_mixer,"{""device"": ""lightning.gpu"", ""final_beta"": [0.9818650138600872, 0.9818794804031948], ""final_gamma"": [0.10000187297950738, 0.0004680990743134891], ""init_beta"": 1.0, ""init_gamma"": 0.1, ""init_strategy"": ""fixed"", ""initial_beta"": [1.0, 1.0], ""initial_gamma"": [0.1, 0.1], ""mixer_type"": ""xy"", ""opt_steps"": 100, ""p_layers"": 2, ""random_seed"": null, ""selection_pool"": ""top_k_probable_states"", ""top_k"": 32}",1,1,sweep_20260626_163548_3b2fdff6,src/experiments/scenarios/research_b3_init_grid_sweep.toml,B3.5,QAOA gamma beta initialization grid [5/50],success,,1.0,0.1,2,,,,,,,,,,,,,,{},,,,,,,,,"{""1000"": 0, ""1001"": 0, ""1002"": 1, ""1003"": 1}",-20.5,[],"{""1000"": 1, ""1001"": 1, ""1002"": 0, ""1003"": 0}",-20.5,True,"{""1000"": 1, ""1001"": 1, ""1002"": 0, ""1003"": 0}",-20.5,True,True
1.8289649486541748,,,,,"{""1000"": 0, ""1001"": 0, ""1002"": 1, ""1003"": 1}",,-20.364999992081383,-20.187265862496517,3,100,-20.5,True,,,0.06302570700589522,,2,4,,,8,True,0.0,SchedulingOutput,default,1822.5426930002868,qaoa_pennylane_lightning.gpu_xy_mixer,"{""device"": ""lightning.gpu"", ""final_beta"": [0.196099311742829, 0.19607572202312695], ""final_gamma"": [0.30000008458615124, -0.0007717879970651388], ""init_beta"": 0.1, ""init_gamma"": 0.3, ""init_strategy"": ""fixed"", ""initial_beta"": [0.1, 0.1], ""initial_gamma"": [0.3, 0.3], ""mixer_type"": ""xy"", ""opt_steps"": 100, ""p_layers"": 2, ""random_seed"": null, ""selection_pool"": ""top_k_probable_states"", ""top_k"": 32}",1,1,sweep_20260626_163548_3b2fdff6,src/experiments/scenarios/research_b3_init_grid_sweep.toml,B3.6,QAOA gamma beta initialization grid [6/50],success,,0.1,0.3,2,,,,,,,,,,,,,,{},,,,,,,,,"{""1000"": 0, ""1001"": 0, ""1002"": 1, ""1003"": 1}",-20.5,[],"{""1000"": 1, ""1001"": 1, ""1002"": 0, ""1003"": 0}",-20.5,True,"{""1000"": 1, ""1001"": 1, ""1002"": 0, ""1003"": 0}",-20.5,True,True
1.8116517066955566,,,,,"{""1000"": 0, ""1001"": 0, ""1002"": 1, ""1003"": 1}",,-20.364996308262427,-20.166982253298478,3,100,-20.5,True,,,0.06283471122238621,,2,4,,,8,True,0.0,SchedulingOutput,default,1806.4295750000383,qaoa_pennylane_lightning.gpu_xy_mixer,"{""device"": ""lightning.gpu"", ""final_beta"": [0.1961305637616674, 0.19623447727803836], ""final_gamma"": [0.3000033196698008, 0.00018975292666393987], ""init_beta"": 0.3, ""init_gamma"": 0.3, ""init_strategy"": ""fixed"", ""initial_beta"": [0.3, 0.3], ""initial_gamma"": [0.3, 0.3], ""mixer_type"": ""xy"", ""opt_steps"": 100, ""p_layers"": 2, ""random_seed"": null, ""selection_pool"": ""top_k_probable_states"", ""top_k"": 32}",1,1,sweep_20260626_163548_3b2fdff6,src/experiments/scenarios/research_b3_init_grid_sweep.toml,B3.7,QAOA gamma beta initialization grid [7/50],success,,0.3,0.3,2,,,,,,,,,,,,,,{},,,,,,,,,"{""1000"": 0, ""1001"": 0, ""1002"": 1, ""1003"": 1}",-20.5,[],"{""1000"": 1, ""1001"": 1, ""1002"": 0, ""1003"": 0}",-20.5,True,"{""1000"": 1, ""1001"": 1, ""1002"": 0, ""1003"": 0}",-20.5,True,True
1.782461404800415,,,,,"{""1000"": 0, ""1001"": 0, ""1002"": 1, ""1003"": 1}",,-20.364996133872456,-20.20932316544264,15,100,-20.5,True,,,0.06310089629900788,,2,4,,,8,True,0.0,SchedulingOutput,default,1777.9449380000187,qaoa_pennylane_lightning.gpu_xy_mixer,"{""device"": ""lightning.gpu"", ""final_beta"": [0.5887990512877859, 0.5886994459242678], ""final_gamma"": [0.3000012739178251, -0.0018648087097314751], ""init_beta"": 0.5, ""init_gamma"": 0.3, ""init_strategy"": ""fixed"", ""initial_beta"": [0.5, 0.5], ""initial_gamma"": [0.3, 0.3], ""mixer_type"": ""xy"", ""opt_steps"": 100, ""p_layers"": 2, ""random_seed"": null, ""selection_pool"": ""top_k_probable_states"", ""top_k"": 32}",1,1,sweep_20260626_163548_3b2fdff6,src/experiments/scenarios/research_b3_init_grid_sweep.toml,B3.8,QAOA gamma beta initialization grid [8/50],success,,0.5,0.3,2,,,,,,,,,,,,,,{},,,,,,,,,"{""1000"": 0, ""1001"": 0, ""1002"": 1, ""1003"": 1}",-20.5,[],"{""1000"": 1, ""1001"": 1, ""1002"": 0, ""1003"": 0}",-20.5,True,"{""1000"": 1, ""1001"": 1, ""1002"": 0, ""1003"": 0}",-20.5,True,True
1.8192713260650635,,,,,"{""1000"": 0, ""1001"": 0, ""1002"": 1, ""1003"": 1}",,-20.364996567983066,-20.145002452327596,10,100,-20.5,True,,,0.06340625476561931,,2,4,,,8,True,0.0,SchedulingOutput,default,1814.7478690002572,qaoa_pennylane_lightning.gpu_xy_mixer,"{""device"": ""lightning.gpu"", ""final_beta"": [0.5885838456922277, 0.588612028143943], ""final_gamma"": [0.2999990876421802, -0.0008247709448309581], ""init_beta"": 0.7, ""init_gamma"": 0.3, ""init_strategy"": ""fixed"", ""initial_beta"": [0.7, 0.7], ""initial_gamma"": [0.3, 0.3], ""mixer_type"": ""xy"", ""opt_steps"": 100, ""p_layers"": 2, ""random_seed"": null, ""selection_pool"": ""top_k_probable_states"", ""top_k"": 32}",1,1,sweep_20260626_163548_3b2fdff6,src/experiments/scenarios/research_b3_init_grid_sweep.toml,B3.9,QAOA gamma beta initialization grid [9/50],success,,0.7,0.3,2,,,,,,,,,,,,,,{},,,,,,,,,"{""1000"": 0, ""1001"": 0, ""1002"": 1, ""1003"": 1}",-20.5,[],"{""1000"": 1, ""1001"": 1, ""1002"": 0, ""1003"": 0}",-20.5,True,"{""1000"": 1, ""1001"": 1, ""1002"": 0, ""1003"": 0}",-20.5,True,True
1.728539228439331,,,,,"{""1000"": 0, ""1001"": 0, ""1002"": 1, ""1003"": 1}",,-20.364999942561447,-20.35670608568946,4,100,-20.5,True,,,0.06275205364845819,,2,4,,,8,True,0.0,SchedulingOutput,default,1723.9441940000688,qaoa_pennylane_lightning.gpu_xy_mixer,"{""device"": ""lightning.gpu"", ""final_beta"": [0.9818598086198823, 0.9818872736564276], ""final_gamma"": [0.3000009627061089, -0.0004974237950701842], ""init_beta"": 1.0, ""init_gamma"": 0.3, ""init_strategy"": ""fixed"", ""initial_beta"": [1.0, 1.0], ""initial_gamma"": [0.3, 0.3], ""mixer_type"": ""xy"", ""opt_steps"": 100, ""p_layers"": 2, ""random_seed"": null, ""selection_pool"": ""top_k_probable_states"", ""top_k"": 32}",1,1,sweep_20260626_163548_3b2fdff6,src/experiments/scenarios/research_b3_init_grid_sweep.toml,B3.10,QAOA gamma beta initialization grid [10/50],success,,1.0,0.3,2,,,,,,,,,,,,,,{},,,,,,,,,"{""1000"": 0, ""1001"": 0, ""1002"": 1, ""1003"": 1}",-20.5,[],"{""1000"": 1, ""1001"": 1, ""1002"": 0, ""1003"": 0}",-20.5,True,"{""1000"": 1, ""1001"": 1, ""1002"": 0, ""1003"": 0}",-20.5,True,True
1.9212274551391602,,,,,"{""1000"": 0, ""1001"": 0, ""1002"": 1, ""1003"": 1}",,-20.36499998821516,-20.18626817458145,3,100,-20.5,True,,,0.06304237727569435,,2,4,,,8,True,0.0,SchedulingOutput,default,1916.535357000157,qaoa_pennylane_lightning.gpu_xy_mixer,"{""device"": ""lightning.gpu"", ""final_beta"": [0.1960025091650744, 0.19615595244206824], ""final_gamma"": [0.5000007354576419, 0.00030400177273305824], ""init_beta"": 0.1, ""init_gamma"": 0.5, ""init_strategy"": ""fixed"", ""initial_beta"": [0.1, 0.1], ""initial_gamma"": [0.5, 0.5], ""mixer_type"": ""xy"", ""opt_steps"": 100, ""p_layers"": 2, ""random_seed"": null, ""selection_pool"": ""top_k_probable_states"", ""top_k"": 32}",1,1,sweep_20260626_163548_3b2fdff6,src/experiments/scenarios/research_b3_init_grid_sweep.toml,B3.11,QAOA gamma beta initialization grid [11/50],success,,0.1,0.5,2,,,,,,,,,,,,,,{},,,,,,,,,"{""1000"": 0, ""1001"": 0, ""1002"": 1, ""1003"": 1}",-20.5,[],"{""1000"": 1, ""1001"": 1, ""1002"": 0, ""1003"": 0}",-20.5,True,"{""1000"": 1, ""1001"": 1, ""1002"": 0, ""1003"": 0}",-20.5,True,True
1.9094297885894775,,,,,"{""1000"": 0, ""1001"": 0, ""1002"": 1, ""1003"": 1}",,-20.364997049395377,-20.167779047209464,9,100,-20.5,True,,,0.06268703089899777,,2,4,,,8,True,0.0,SchedulingOutput,default,1904.6948909999628,qaoa_pennylane_lightning.gpu_xy_mixer,"{""device"": ""lightning.gpu"", ""final_beta"": [0.19606858985008796, 0.19644381585719156], ""final_gamma"": [0.49999970169945457, -0.0030414456389990146], ""init_beta"": 0.3, ""init_gamma"": 0.5, ""init_strategy"": ""fixed"", ""initial_beta"": [0.3, 0.3], ""initial_gamma"": [0.5, 0.5], ""mixer_type"": ""xy"", ""opt_steps"": 100, ""p_layers"": 2, ""random_seed"": null, ""selection_pool"": ""top_k_probable_states"", ""top_k"": 32}",1,1,sweep_20260626_163548_3b2fdff6,src/experiments/scenarios/research_b3_init_grid_sweep.toml,B3.12,QAOA gamma beta initialization grid [12/50],success,,0.3,0.5,2,,,,,,,,,,,,,,{},,,,,,,,,"{""1000"": 0, ""1001"": 0, ""1002"": 1, ""1003"": 1}",-20.5,[],"{""1000"": 1, ""1001"": 1, ""1002"": 0, ""1003"": 0}",-20.5,True,"{""1000"": 1, ""1001"": 1, ""1002"": 0, ""1003"": 0}",-20.5,True,True
1.9173879623413086,,,,,"{""1000"": 0, ""1001"": 0, ""1002"": 1, ""1003"": 1}",,-20.364996208513258,-20.20979862661928,15,100,-20.5,True,,,0.06299326136562224,,2,4,,,8,True,0.0,SchedulingOutput,default,1912.3376649999955,qaoa_pennylane_lightning.gpu_xy_mixer,"{""device"": ""lightning.gpu"", ""final_beta"": [0.5889702937709493, 0.5886351296664901], ""final_gamma"": [0.49999938334468963, -0.0029085832837752027], ""init_beta"": 0.5, ""init_gamma"": 0.5, ""init_strategy"": ""fixed"", ""initial_beta"": [0.5, 0.5], ""initial_gamma"": [0.5, 0.5], ""mixer_type"": ""xy"", ""opt_steps"": 100, ""p_layers"": 2, ""random_seed"": null, ""selection_pool"": ""top_k_probable_states"", ""top_k"": 32}",1,1,sweep_20260626_163548_3b2fdff6,src/experiments/scenarios/research_b3_init_grid_sweep.toml,B3.13,QAOA gamma beta initialization grid [13/50],success,,0.5,0.5,2,,,,,,,,,,,,,,{},,,,,,,,,"{""1000"": 0, ""1001"": 0, ""1002"": 1, ""1003"": 1}",-20.5,[],"{""1000"": 1, ""1001"": 1, ""1002"": 0, ""1003"": 0}",-20.5,True,"{""1000"": 1, ""1001"": 1, ""1002"": 0, ""1003"": 0}",-20.5,True,True
2.0566959381103516,,,,,"{""1000"": 0, ""1001"": 0, ""1002"": 1, ""1003"": 1}",,-20.364996444170785,-20.144206599057497,17,100,-20.5,True,,,0.06340557240719145,,2,4,,,8,True,0.0,SchedulingOutput,default,2051.9587769999816,qaoa_pennylane_lightning.gpu_xy_mixer,"{""device"": ""lightning.gpu"", ""final_beta"": [0.5886727662871902, 0.588523782832491], ""final_gamma"": [0.4999986577722552, -0.0007226297162806762], ""init_beta"": 0.7, ""init_gamma"": 0.5, ""init_strategy"": ""fixed"", ""initial_beta"": [0.7, 0.7], ""initial_gamma"": [0.5, 0.5], ""mixer_type"": ""xy"", ""opt_steps"": 100, ""p_layers"": 2, ""random_seed"": null, ""selection_pool"": ""top_k_probable_states"", ""top_k"": 32}",1,1,sweep_20260626_163548_3b2fdff6,src/experiments/scenarios/research_b3_init_grid_sweep.toml,B3.14,QAOA gamma beta initialization grid [14/50],success,,0.7,0.5,2,,,,,,,,,,,,,,{},,,,,,,,,"{""1000"": 0, ""1001"": 0, ""1002"": 1, ""1003"": 1}",-20.5,[],"{""1000"": 1, ""1001"": 1, ""1002"": 0, ""1003"": 0}",-20.5,True,"{""1000"": 1, ""1001"": 1, ""1002"": 0, ""1003"": 0}",-20.5,True,True
1.760580062866211,,,,,"{""1000"": 0, ""1001"": 0, ""1002"": 1, ""1003"": 1}",,-20.364999895503935,-20.355700720947574,7,100,-20.5,True,,,0.06275692595731452,,2,4,,,8,True,0.0,SchedulingOutput,default,1756.0076820000177,qaoa_pennylane_lightning.gpu_xy_mixer,"{""device"": ""lightning.gpu"", ""final_beta"": [0.9818151864468134, 0.9819367613684599], ""final_gamma"": [0.4999997668700182, 0.002332590763623778], ""init_beta"": 1.0, ""init_gamma"": 0.5, ""init_strategy"": ""fixed"", ""initial_beta"": [1.0, 1.0], ""initial_gamma"": [0.5, 0.5], ""mixer_type"": ""xy"", ""opt_steps"": 100, ""p_layers"": 2, ""random_seed"": null, ""selection_pool"": ""top_k_probable_states"", ""top_k"": 32}",1,1,sweep_20260626_163548_3b2fdff6,src/experiments/scenarios/research_b3_init_grid_sweep.toml,B3.15,QAOA gamma beta initialization grid [15/50],success,,1.0,0.5,2,,,,,,,,,,,,,,{},,,,,,,,,"{""1000"": 0, ""1001"": 0, ""1002"": 1, ""1003"": 1}",-20.5,[],"{""1000"": 1, ""1001"": 1, ""1002"": 0, ""1003"": 0}",-20.5,True,"{""1000"": 1, ""1001"": 1, ""1002"": 0, ""1003"": 0}",-20.5,True,True
1.787214994430542,,,,,"{""1000"": 0, ""1001"": 0, ""1002"": 1, ""1003"": 1}",,-20.364999856047817,-20.18477951813105,9,100,-20.5,True,,,0.06308143390149545,,2,4,,,8,True,0.0,SchedulingOutput,default,1782.4972819998948,qaoa_pennylane_lightning.gpu_xy_mixer,"{""device"": ""lightning.gpu"", ""final_beta"": [0.19582708922143202, 0.19629278449777546], ""final_gamma"": [0.700001335867471, -0.003651689049355035], ""init_beta"": 0.1, ""init_gamma"": 0.7, ""init_strategy"": ""fixed"", ""initial_beta"": [0.1, 0.1], ""initial_gamma"": [0.7, 0.7], ""mixer_type"": ""xy"", ""opt_steps"": 100, ""p_layers"": 2, ""random_seed"": null, ""selection_pool"": ""top_k_probable_states"", ""top_k"": 32}",1,1,sweep_20260626_163548_3b2fdff6,src/experiments/scenarios/research_b3_init_grid_sweep.toml,B3.16,QAOA gamma beta initialization grid [16/50],success,,0.1,0.7,2,,,,,,,,,,,,,,{},,,,,,,,,"{""1000"": 0, ""1001"": 0, ""1002"": 1, ""1003"": 1}",-20.5,[],"{""1000"": 1, ""1001"": 1, ""1002"": 0, ""1003"": 0}",-20.5,True,"{""1000"": 1, ""1001"": 1, ""1002"": 0, ""1003"": 0}",-20.5,True,True
1.8095896244049072,,,,,"{""1000"": 0, ""1001"": 0, ""1002"": 1, ""1003"": 1}",,-20.36499826294227,-20.16896310373069,16,100,-20.5,True,,,0.06254826117479713,,2,4,,,8,True,0.0,SchedulingOutput,default,1804.7950989998753,qaoa_pennylane_lightning.gpu_xy_mixer,"{""device"": ""lightning.gpu"", ""final_beta"": [0.19593310932775962, 0.19681425054532314], ""final_gamma"": [0.699997623964807, 0.004470459634853599], ""init_beta"": 0.3, ""init_gamma"": 0.7, ""init_strategy"": ""fixed"", ""initial_beta"": [0.3, 0.3], ""initial_gamma"": [0.7, 0.7], ""mixer_type"": ""xy"", ""opt_steps"": 100, ""p_layers"": 2, ""random_seed"": null, ""selection_pool"": ""top_k_probable_states"", ""top_k"": 32}",1,1,sweep_20260626_163548_3b2fdff6,src/experiments/scenarios/research_b3_init_grid_sweep.toml,B3.17,QAOA gamma beta initialization grid [17/50],success,,0.3,0.7,2,,,,,,,,,,,,,,{},,,,,,,,,"{""1000"": 0, ""1001"": 0, ""1002"": 1, ""1003"": 1}",-20.5,[],"{""1000"": 1, ""1001"": 1, ""1002"": 0, ""1003"": 0}",-20.5,True,"{""1000"": 1, ""1001"": 1, ""1002"": 0, ""1003"": 0}",-20.5,True,True
1.7773396968841553,,,,,"{""1000"": 0, ""1001"": 0, ""1002"": 1, ""1003"": 1}",,-20.36499680616582,-20.210503486077627,15,100,-20.5,True,,,0.0627928479099797,,2,4,,,8,True,0.0,SchedulingOutput,default,1772.694533000049,qaoa_pennylane_lightning.gpu_xy_mixer,"{""device"": ""lightning.gpu"", ""final_beta"": [0.5892919652262621, 0.5885129128733657], ""final_gamma"": [0.7000009311910466, 0.0045547192835317515], ""init_beta"": 0.5, ""init_gamma"": 0.7, ""init_strategy"": ""fixed"", ""initial_beta"": [0.5, 0.5], ""initial_gamma"": [0.7, 0.7], ""mixer_type"": ""xy"", ""opt_steps"": 100, ""p_layers"": 2, ""random_seed"": null, ""selection_pool"": ""top_k_probable_states"", ""top_k"": 32}",1,1,sweep_20260626_163548_3b2fdff6,src/experiments/scenarios/research_b3_init_grid_sweep.toml,B3.18,QAOA gamma beta initialization grid [18/50],success,,0.5,0.7,2,,,,,,,,,,,,,,{},,,,,,,,,"{""1000"": 0, ""1001"": 0, ""1002"": 1, ""1003"": 1}",-20.5,[],"{""1000"": 1, ""1001"": 1, ""1002"": 0, ""1003"": 0}",-20.5,True,"{""1000"": 1, ""1001"": 1, ""1002"": 0, ""1003"": 0}",-20.5,True,True
1.8899757862091064,,,,,"{""1000"": 0, ""1001"": 0, ""1002"": 1, ""1003"": 1}",,-20.364995991405294,-20.14301916974658,17,100,-20.5,True,,,0.06340019656845239,,2,4,,,8,True,0.0,SchedulingOutput,default,1885.3308729999299,qaoa_pennylane_lightning.gpu_xy_mixer,"{""device"": ""lightning.gpu"", ""final_beta"": [0.5888414485852375, 0.5883603990066563], ""final_gamma"": [0.6999992539556746, -0.0036482887275157043], ""init_beta"": 0.7, ""init_gamma"": 0.7, ""init_strategy"": ""fixed"", ""initial_beta"": [0.7, 0.7], ""initial_gamma"": [0.7, 0.7], ""mixer_type"": ""xy"", ""opt_steps"": 100, ""p_layers"": 2, ""random_seed"": null, ""selection_pool"": ""top_k_probable_states"", ""top_k"": 32}",1,1,sweep_20260626_163548_3b2fdff6,src/experiments/scenarios/research_b3_init_grid_sweep.toml,B3.19,QAOA gamma beta initialization grid [19/50],success,,0.7,0.7,2,,,,,,,,,,,,,,{},,,,,,,,,"{""1000"": 0, ""1001"": 0, ""1002"": 1, ""1003"": 1}",-20.5,[],"{""1000"": 1, ""1001"": 1, ""1002"": 0, ""1003"": 0}",-20.5,True,"{""1000"": 1, ""1001"": 1, ""1002"": 0, ""1003"": 0}",-20.5,True,True
1.95159912109375,,,,,"{""1000"": 0, ""1001"": 0, ""1002"": 1, ""1003"": 1}",,-20.364999913141688,-20.354198009461747,12,100,-20.5,True,,,0.06276048734487492,,2,4,,,8,True,0.0,SchedulingOutput,default,1946.9166889998633,qaoa_pennylane_lightning.gpu_xy_mixer,"{""device"": ""lightning.gpu"", ""final_beta"": [0.9817175928340224, 0.9820379079005287], ""final_gamma"": [0.7000011850908586, -0.0026613347834689854], ""init_beta"": 1.0, ""init_gamma"": 0.7, ""init_strategy"": ""fixed"", ""initial_beta"": [1.0, 1.0], ""initial_gamma"": [0.7, 0.7], ""mixer_type"": ""xy"", ""opt_steps"": 100, ""p_layers"": 2, ""random_seed"": null, ""selection_pool"": ""top_k_probable_states"", ""top_k"": 32}",1,1,sweep_20260626_163548_3b2fdff6,src/experiments/scenarios/research_b3_init_grid_sweep.toml,B3.20,QAOA gamma beta initialization grid [20/50],success,,1.0,0.7,2,,,,,,,,,,,,,,{},,,,,,,,,"{""1000"": 0, ""1001"": 0, ""1002"": 1, ""1003"": 1}",-20.5,[],"{""1000"": 1, ""1001"": 1, ""1002"": 0, ""1003"": 0}",-20.5,True,"{""1000"": 1, ""1001"": 1, ""1002"": 0, ""1003"": 0}",-20.5,True,True
1.8157837390899658,,,,,"{""1000"": 0, ""1001"": 0, ""1002"": 1, ""1003"": 1}",,-20.364999727468152,-20.181647342265176,16,100,-20.5,True,,,0.06316482716128982,,2,4,,,8,True,0.0,SchedulingOutput,default,1809.9296850000428,qaoa_pennylane_lightning.gpu_xy_mixer,"{""device"": ""lightning.gpu"", ""final_beta"": [0.19532379626951868, 0.19671317878717323], ""final_gamma"": [0.9999996660601638, 0.0023386341221572726], ""init_beta"": 0.1, ""init_gamma"": 1.0, ""init_strategy"": ""fixed"", ""initial_beta"": [0.1, 0.1], ""initial_gamma"": [1.0, 1.0], ""mixer_type"": ""xy"", ""opt_steps"": 100, ""p_layers"": 2, ""random_seed"": null, ""selection_pool"": ""top_k_probable_states"", ""top_k"": 32}",1,1,sweep_20260626_163548_3b2fdff6,src/experiments/scenarios/research_b3_init_grid_sweep.toml,B3.21,QAOA gamma beta initialization grid [21/50],success,,0.1,1.0,2,,,,,,,,,,,,,,{},,,,,,,,,"{""1000"": 0, ""1001"": 0, ""1002"": 1, ""1003"": 1}",-20.5,[],"{""1000"": 1, ""1001"": 1, ""1002"": 0, ""1003"": 0}",-20.5,True,"{""1000"": 1, ""1001"": 1, ""1002"": 0, ""1003"": 0}",-20.5,True,True
1.783458948135376,,,,,"{""1000"": 0, ""1001"": 0, ""1002"": 1, ""1003"": 1}",,-20.364999585635807,-20.171435224635086,23,100,-20.5,True,,,0.06301145812683683,,2,4,,,8,True,0.0,SchedulingOutput,default,1778.561259000071,qaoa_pennylane_lightning.gpu_xy_mixer,"{""device"": ""lightning.gpu"", ""final_beta"": [0.19543655071413168, 0.19777250894175336], ""final_gamma"": [1.0000012958374078, -0.007247913789826022], ""init_beta"": 0.3, ""init_gamma"": 1.0, ""init_strategy"": ""fixed"", ""initial_beta"": [0.3, 0.3], ""initial_gamma"": [1.0, 1.0], ""mixer_type"": ""xy"", ""opt_steps"": 100, ""p_layers"": 2, ""random_seed"": null, ""selection_pool"": ""top_k_probable_states"", ""top_k"": 32}",1,1,sweep_20260626_163548_3b2fdff6,src/experiments/scenarios/research_b3_init_grid_sweep.toml,B3.22,QAOA gamma beta initialization grid [22/50],success,,0.3,1.0,2,,,,,,,,,,,,,,{},,,,,,,,,"{""1000"": 0, ""1001"": 0, ""1002"": 1, ""1003"": 1}",-20.5,[],"{""1000"": 1, ""1001"": 1, ""1002"": 0, ""1003"": 0}",-20.5,True,"{""1000"": 1, ""1001"": 1, ""1002"": 0, ""1003"": 0}",-20.5,True,True
1.954401969909668,,,,,"{""1000"": 0, ""1001"": 0, ""1002"": 1, ""1003"": 1}",,-20.3649988309145,-20.21196841113975,21,100,-20.5,True,,,0.06269394880806708,,2,4,,,8,True,0.0,SchedulingOutput,default,1949.7018070001104,qaoa_pennylane_lightning.gpu_xy_mixer,"{""device"": ""lightning.gpu"", ""final_beta"": [0.5901757456983929, 0.5881144408951275], ""final_gamma"": [1.000000124818197, -0.007053804508735811], ""init_beta"": 0.5, ""init_gamma"": 1.0, ""init_strategy"": ""fixed"", ""initial_beta"": [0.5, 0.5], ""initial_gamma"": [1.0, 1.0], ""mixer_type"": ""xy"", ""opt_steps"": 100, ""p_layers"": 2, ""random_seed"": null, ""selection_pool"": ""top_k_probable_states"", ""top_k"": 32}",1,1,sweep_20260626_163548_3b2fdff6,src/experiments/scenarios/research_b3_init_grid_sweep.toml,B3.23,QAOA gamma beta initialization grid [23/50],success,,0.5,1.0,2,,,,,,,,,,,,,,{},,,,,,,,,"{""1000"": 0, ""1001"": 0, ""1002"": 1, ""1003"": 1}",-20.5,[],"{""1000"": 1, ""1001"": 1, ""1002"": 0, ""1003"": 0}",-20.5,True,"{""1000"": 1, ""1001"": 1, ""1002"": 0, ""1003"": 0}",-20.5,True,True
1.8698234558105469,,,,,"{""1000"": 0, ""1001"": 0, ""1002"": 1, ""1003"": 1}",,-20.36499538215363,-20.14052105529892,17,100,-20.5,True,,,0.06337036653548547,,2,4,,,8,True,0.0,SchedulingOutput,default,1864.9868410002455,qaoa_pennylane_lightning.gpu_xy_mixer,"{""device"": ""lightning.gpu"", ""final_beta"": [0.5893390919884818, 0.5878922801484879], ""final_gamma"": [1.0000009788144728, 0.002930035328366356], ""init_beta"": 0.7, ""init_gamma"": 1.0, ""init_strategy"": ""fixed"", ""initial_beta"": [0.7, 0.7], ""initial_gamma"": [1.0, 1.0], ""mixer_type"": ""xy"", ""opt_steps"": 100, ""p_layers"": 2, ""random_seed"": null, ""selection_pool"": ""top_k_probable_states"", ""top_k"": 32}",1,1,sweep_20260626_163548_3b2fdff6,src/experiments/scenarios/research_b3_init_grid_sweep.toml,B3.24,QAOA gamma beta initialization grid [24/50],success,,0.7,1.0,2,,,,,,,,,,,,,,{},,,,,,,,,"{""1000"": 0, ""1001"": 0, ""1002"": 1, ""1003"": 1}",-20.5,[],"{""1000"": 1, ""1001"": 1, ""1002"": 0, ""1003"": 0}",-20.5,True,"{""1000"": 1, ""1001"": 1, ""1002"": 0, ""1003"": 0}",-20.5,True,True
1.8191184997558594,,,,,"{""1000"": 0, ""1001"": 0, ""1002"": 1, ""1003"": 1}",,-20.3649999379262,-20.35102596662649,12,100,-20.5,True,,,0.06275843100790997,,2,4,,,8,True,0.0,SchedulingOutput,default,1814.2625079999561,qaoa_pennylane_lightning.gpu_xy_mixer,"{""device"": ""lightning.gpu"", ""final_beta"": [0.9813547989831009, 0.9823986408721065], ""final_gamma"": [1.0000003738801613, 0.00020246535836124127], ""init_beta"": 1.0, ""init_gamma"": 1.0, ""init_strategy"": ""fixed"", ""initial_beta"": [1.0, 1.0], ""initial_gamma"": [1.0, 1.0], ""mixer_type"": ""xy"", ""opt_steps"": 100, ""p_layers"": 2, ""random_seed"": null, ""selection_pool"": ""top_k_probable_states"", ""top_k"": 32}",1,1,sweep_20260626_163548_3b2fdff6,src/experiments/scenarios/research_b3_init_grid_sweep.toml,B3.25,QAOA gamma beta initialization grid [25/50],success,,1.0,1.0,2,,,,,,,,,,,,,,{},,,,,,,,,"{""1000"": 0, ""1001"": 0, ""1002"": 1, ""1003"": 1}",-20.5,[],"{""1000"": 1, ""1001"": 1, ""1002"": 0, ""1003"": 0}",-20.5,True,"{""1000"": 1, ""1001"": 1, ""1002"": 0, ""1003"": 0}",-20.5,True,True
2.4922831058502197,,,,,"{""1000"": 0, ""1001"": 0, ""1002"": 1, ""1003"": 1}",,-20.364998510633235,-20.3168359270688,9,100,-20.5,True,,,0.06255576312122393,,2,4,,,8,True,0.0,SchedulingOutput,default,2487.7278049998495,qaoa_pennylane_lightning.gpu_xy_mixer,"{""device"": ""lightning.gpu"", ""final_beta"": [0.13072518530051266, 0.13132602394957058, 0.13070361816727605], ""final_gamma"": [0.10000086394347249, -0.0005788085136607915, -0.0005438124679160089], ""init_beta"": 0.1, ""init_gamma"": 0.1, ""init_strategy"": ""fixed"", ""initial_beta"": [0.1, 0.1, 0.1], ""initial_gamma"": [0.1, 0.1, 0.1], ""mixer_type"": ""xy"", ""opt_steps"": 100, ""p_layers"": 3, ""random_seed"": null, ""selection_pool"": ""top_k_probable_states"", ""top_k"": 32}",1,1,sweep_20260626_163548_3b2fdff6,src/experiments/scenarios/research_b3_init_grid_sweep.toml,B3.26,QAOA gamma beta initialization grid [26/50],success,,0.1,0.1,3,,,,,,,,,,,,,,{},,,,,,,,,"{""1000"": 0, ""1001"": 0, ""1002"": 1, ""1003"": 1}",-20.5,[],"{""1000"": 1, ""1001"": 1, ""1002"": 0, ""1003"": 0}",-20.5,True,"{""1000"": 1, ""1001"": 1, ""1002"": 0, ""1003"": 0}",-20.5,True,True
2.4043900966644287,,,,,"{""1000"": 0, ""1001"": 0, ""1002"": 1, ""1003"": 1}",,-20.437830727096905,-20.071623669857626,52,100,-20.5,True,,,0.0913568761064495,,2,4,,,8,True,0.0,SchedulingOutput,default,2399.830648999796,qaoa_pennylane_lightning.gpu_xy_mixer,"{""device"": ""lightning.gpu"", ""final_beta"": [0.39297076181293095, 0.3930323979292201, 0.39286994856489954], ""final_gamma"": [0.09999920323891849, -2.672591922614565, 2.5231320418603005], ""init_beta"": 0.3, ""init_gamma"": 0.1, ""init_strategy"": ""fixed"", ""initial_beta"": [0.3, 0.3, 0.3], ""initial_gamma"": [0.1, 0.1, 0.1], ""mixer_type"": ""xy"", ""opt_steps"": 100, ""p_layers"": 3, ""random_seed"": null, ""selection_pool"": ""top_k_probable_states"", ""top_k"": 32}",1,1,sweep_20260626_163548_3b2fdff6,src/experiments/scenarios/research_b3_init_grid_sweep.toml,B3.27,QAOA gamma beta initialization grid [27/50],success,,0.3,0.1,3,,,,,,,,,,,,,,{},,,,,,,,,"{""1000"": 0, ""1001"": 0, ""1002"": 1, ""1003"": 1}",-20.5,[],"{""1000"": 1, ""1001"": 1, ""1002"": 0, ""1003"": 0}",-20.5,True,"{""1000"": 1, ""1001"": 1, ""1002"": 0, ""1003"": 0}",-20.5,True,True
2.3328375816345215,,,,,"{""1000"": 1, ""1001"": 1, ""1002"": 0, ""1003"": 0}",,-20.437826732284783,-20.02870841351089,53,100,-20.5,True,,,0.09085660818965488,,2,4,,,8,True,0.0,SchedulingOutput,default,2328.278042999955,qaoa_pennylane_lightning.gpu_xy_mixer,"{""device"": ""lightning.gpu"", ""final_beta"": [0.3925865560209393, 0.3926015996933188, 0.39269399149057754], ""final_gamma"": [0.100000576038109, -2.6699076455179314, 2.522719477027534], ""init_beta"": 0.5, ""init_gamma"": 0.1, ""init_strategy"": ""fixed"", ""initial_beta"": [0.5, 0.5, 0.5], ""initial_gamma"": [0.1, 0.1, 0.1], ""mixer_type"": ""xy"", ""opt_steps"": 100, ""p_layers"": 3, ""random_seed"": null, ""selection_pool"": ""top_k_probable_states"", ""top_k"": 32}",1,1,sweep_20260626_163548_3b2fdff6,src/experiments/scenarios/research_b3_init_grid_sweep.toml,B3.28,QAOA gamma beta initialization grid [28/50],success,,0.5,0.1,3,,,,,,,,,,,,,,{},,,,,,,,,"{""1000"": 1, ""1001"": 1, ""1002"": 0, ""1003"": 0}",-20.5,[],"{""1000"": 1, ""1001"": 1, ""1002"": 0, ""1003"": 0}",-20.5,True,"{""1000"": 1, ""1001"": 1, ""1002"": 0, ""1003"": 0}",-20.5,True,True
2.456770896911621,,,,,"{""1000"": 1, ""1001"": 1, ""1002"": 0, ""1003"": 0}",,-20.364998400994565,-20.266355969966103,2,100,-20.5,True,,,0.06317552151574778,,2,4,,,8,True,0.0,SchedulingOutput,default,2452.0060869999725,qaoa_pennylane_lightning.gpu_xy_mixer,"{""device"": ""lightning.gpu"", ""final_beta"": [0.6549250117168143, 0.6543073053005671, 0.6549358856559143], ""final_gamma"": [0.09999844630187607, 0.00044683152354224245, 0.00040043949432914104], ""init_beta"": 0.7, ""init_gamma"": 0.1, ""init_strategy"": ""fixed"", ""initial_beta"": [0.7, 0.7, 0.7], ""initial_gamma"": [0.1, 0.1, 0.1], ""mixer_type"": ""xy"", ""opt_steps"": 100, ""p_layers"": 3, ""random_seed"": null, ""selection_pool"": ""top_k_probable_states"", ""top_k"": 32}",1,1,sweep_20260626_163548_3b2fdff6,src/experiments/scenarios/research_b3_init_grid_sweep.toml,B3.29,QAOA gamma beta initialization grid [29/50],success,,0.7,0.1,3,,,,,,,,,,,,,,{},,,,,,,,,"{""1000"": 1, ""1001"": 1, ""1002"": 0, ""1003"": 0}",-20.5,[],"{""1000"": 1, ""1001"": 1, ""1002"": 0, ""1003"": 0}",-20.5,True,"{""1000"": 1, ""1001"": 1, ""1002"": 0, ""1003"": 0}",-20.5,True,True
2.389596939086914,,,,,"{""1000"": 1, ""1001"": 1, ""1002"": 0, ""1003"": 0}",,-20.364999204304247,-20.105282623782923,13,100,-20.5,True,,,0.06289960006422625,,2,4,,,8,True,0.0,SchedulingOutput,default,2384.8709040003087,qaoa_pennylane_lightning.gpu_xy_mixer,"{""device"": ""lightning.gpu"", ""final_beta"": [0.915589042280335, 0.9173607241688801, 0.9155452060962656], ""final_gamma"": [0.09999919038995157, 0.0008810304373853443, 0.0012479227594728534], ""init_beta"": 1.0, ""init_gamma"": 0.1, ""init_strategy"": ""fixed"", ""initial_beta"": [1.0, 1.0, 1.0], ""initial_gamma"": [0.1, 0.1, 0.1], ""mixer_type"": ""xy"", ""opt_steps"": 100, ""p_layers"": 3, ""random_seed"": null, ""selection_pool"": ""top_k_probable_states"", ""top_k"": 32}",1,1,sweep_20260626_163548_3b2fdff6,src/experiments/scenarios/research_b3_init_grid_sweep.toml,B3.30,QAOA gamma beta initialization grid [30/50],success,,1.0,0.1,3,,,,,,,,,,,,,,{},,,,,,,,,"{""1000"": 1, ""1001"": 1, ""1002"": 0, ""1003"": 0}",-20.5,[],"{""1000"": 1, ""1001"": 1, ""1002"": 0, ""1003"": 0}",-20.5,True,"{""1000"": 1, ""1001"": 1, ""1002"": 0, ""1003"": 0}",-20.5,True,True
2.687666654586792,,,,,"{""1000"": 0, ""1001"": 0, ""1002"": 1, ""1003"": 1}",,-20.36499847575026,-20.314934289774556,9,100,-20.5,True,,,0.06257034020006393,,2,4,,,8,True,0.0,SchedulingOutput,default,2682.7951650002433,qaoa_pennylane_lightning.gpu_xy_mixer,"{""device"": ""lightning.gpu"", ""final_beta"": [0.12906394738401608, 0.13460169590705254, 0.12910374973855435], ""final_gamma"": [0.30000019268721634, -0.00044938508090003717, -0.00045135806788305043], ""init_beta"": 0.1, ""init_gamma"": 0.3, ""init_strategy"": ""fixed"", ""initial_beta"": [0.1, 0.1, 0.1], ""initial_gamma"": [0.3, 0.3, 0.3], ""mixer_type"": ""xy"", ""opt_steps"": 100, ""p_layers"": 3, ""random_seed"": null, ""selection_pool"": ""top_k_probable_states"", ""top_k"": 32}",1,1,sweep_20260626_163548_3b2fdff6,src/experiments/scenarios/research_b3_init_grid_sweep.toml,B3.31,QAOA gamma beta initialization grid [31/50],success,,0.1,0.3,3,,,,,,,,,,,,,,{},,,,,,,,,"{""1000"": 0, ""1001"": 0, ""1002"": 1, ""1003"": 1}",-20.5,[],"{""1000"": 1, ""1001"": 1, ""1002"": 0, ""1003"": 0}",-20.5,True,"{""1000"": 1, ""1001"": 1, ""1002"": 0, ""1003"": 0}",-20.5,True,True
2.4847030639648438,,,,,"{""1000"": 1, ""1001"": 1, ""1002"": 0, ""1003"": 0}",,-20.437816915936263,-20.07280307652973,59,100,-20.5,True,,,0.09145170025330102,,2,4,,,8,True,0.0,SchedulingOutput,default,2480.0311019998844,qaoa_pennylane_lightning.gpu_xy_mixer,"{""device"": ""lightning.gpu"", ""final_beta"": [0.39288883940284963, 0.3931113446403164, 0.39305388871060176], ""final_gamma"": [0.30000046079265447, -2.664846431605511, 2.5152021728319953], ""init_beta"": 0.3, ""init_gamma"": 0.3, ""init_strategy"": ""fixed"", ""initial_beta"": [0.3, 0.3, 0.3], ""initial_gamma"": [0.3, 0.3, 0.3], ""mixer_type"": ""xy"", ""opt_steps"": 100, ""p_layers"": 3, ""random_seed"": null, ""selection_pool"": ""top_k_probable_states"", ""top_k"": 32}",1,1,sweep_20260626_163548_3b2fdff6,src/experiments/scenarios/research_b3_init_grid_sweep.toml,B3.32,QAOA gamma beta initialization grid [32/50],success,,0.3,0.3,3,,,,,,,,,,,,,,{},,,,,,,,,"{""1000"": 1, ""1001"": 1, ""1002"": 0, ""1003"": 0}",-20.5,[],"{""1000"": 1, ""1001"": 1, ""1002"": 0, ""1003"": 0}",-20.5,True,"{""1000"": 1, ""1001"": 1, ""1002"": 0, ""1003"": 0}",-20.5,True,True
2.474144458770752,,,,,"{""1000"": 0, ""1001"": 0, ""1002"": 1, ""1003"": 1}",,-20.437827724034157,-20.030397287825828,61,100,-20.5,True,,,0.09160030962139874,,2,4,,,8,True,0.0,SchedulingOutput,default,2469.5663600000444,qaoa_pennylane_lightning.gpu_xy_mixer,"{""device"": ""lightning.gpu"", ""final_beta"": [0.39244754053110714, 0.39222569570256, 0.3923248238548982], ""final_gamma"": [0.2999999265091404, -2.6675968013724085, 2.517263364992371], ""init_beta"": 0.5, ""init_gamma"": 0.3, ""init_strategy"": ""fixed"", ""initial_beta"": [0.5, 0.5, 0.5], ""initial_gamma"": [0.3, 0.3, 0.3], ""mixer_type"": ""xy"", ""opt_steps"": 100, ""p_layers"": 3, ""random_seed"": null, ""selection_pool"": ""top_k_probable_states"", ""top_k"": 32}",1,1,sweep_20260626_163548_3b2fdff6,src/experiments/scenarios/research_b3_init_grid_sweep.toml,B3.33,QAOA gamma beta initialization grid [33/50],success,,0.5,0.3,3,,,,,,,,,,,,,,{},,,,,,,,,"{""1000"": 0, ""1001"": 0, ""1002"": 1, ""1003"": 1}",-20.5,[],"{""1000"": 1, ""1001"": 1, ""1002"": 0, ""1003"": 0}",-20.5,True,"{""1000"": 1, ""1001"": 1, ""1002"": 0, ""1003"": 0}",-20.5,True,True
2.415130853652954,,,,,"{""1000"": 1, ""1001"": 1, ""1002"": 0, ""1003"": 0}",,-20.3649984877839,-20.264618643830314,11,100,-20.5,True,,,0.06318142353320809,,2,4,,,8,True,0.0,SchedulingOutput,default,2410.599662000095,qaoa_pennylane_lightning.gpu_xy_mixer,"{""device"": ""lightning.gpu"", ""final_beta"": [0.6560974503390871, 0.6519983357058261, 0.6560782071050303], ""final_gamma"": [0.30000169585785585, -0.0013668531870449478, -0.0012952163156895165], ""init_beta"": 0.7, ""init_gamma"": 0.3, ""init_strategy"": ""fixed"", ""initial_beta"": [0.7, 0.7, 0.7], ""initial_gamma"": [0.3, 0.3, 0.3], ""mixer_type"": ""xy"", ""opt_steps"": 100, ""p_layers"": 3, ""random_seed"": null, ""selection_pool"": ""top_k_probable_states"", ""top_k"": 32}",1,1,sweep_20260626_163548_3b2fdff6,src/experiments/scenarios/research_b3_init_grid_sweep.toml,B3.34,QAOA gamma beta initialization grid [34/50],success,,0.7,0.3,3,,,,,,,,,,,,,,{},,,,,,,,,"{""1000"": 1, ""1001"": 1, ""1002"": 0, ""1003"": 0}",-20.5,[],"{""1000"": 1, ""1001"": 1, ""1002"": 0, ""1003"": 0}",-20.5,True,"{""1000"": 1, ""1001"": 1, ""1002"": 0, ""1003"": 0}",-20.5,True,True
2.3885295391082764,,,,,"{""1000"": 1, ""1001"": 1, ""1002"": 0, ""1003"": 0}",,-20.36499980247487,-20.106836375724995,13,100,-20.5,True,,,0.06308445572551623,,2,4,,,8,True,0.0,SchedulingOutput,default,2383.5237700000107,qaoa_pennylane_lightning.gpu_xy_mixer,"{""device"": ""lightning.gpu"", ""final_beta"": [0.9134066032558339, 0.9212819281445951, 0.9136226823353968], ""final_gamma"": [0.30000188293701585, 0.001344062289978139, 0.001103351903297356], ""init_beta"": 1.0, ""init_gamma"": 0.3, ""init_strategy"": ""fixed"", ""initial_beta"": [1.0, 1.0, 1.0], ""initial_gamma"": [0.3, 0.3, 0.3], ""mixer_type"": ""xy"", ""opt_steps"": 100, ""p_layers"": 3, ""random_seed"": null, ""selection_pool"": ""top_k_probable_states"", ""top_k"": 32}",1,1,sweep_20260626_163548_3b2fdff6,src/experiments/scenarios/research_b3_init_grid_sweep.toml,B3.35,QAOA gamma beta initialization grid [35/50],success,,1.0,0.3,3,,,,,,,,,,,,,,{},,,,,,,,,"{""1000"": 1, ""1001"": 1, ""1002"": 0, ""1003"": 0}",-20.5,[],"{""1000"": 1, ""1001"": 1, ""1002"": 0, ""1003"": 0}",-20.5,True,"{""1000"": 1, ""1001"": 1, ""1002"": 0, ""1003"": 0}",-20.5,True,True
2.5664260387420654,,,,,"{""1000"": 0, ""1001"": 0, ""1002"": 1, ""1003"": 1}",,-20.36499835516472,-20.311161652906197,9,100,-20.5,True,,,0.06255804965786295,,2,4,,,8,True,0.0,SchedulingOutput,default,2561.669309000081,qaoa_pennylane_lightning.gpu_xy_mixer,"{""device"": ""lightning.gpu"", ""final_beta"": [0.1245219961246598, 0.1434127863697677, 0.12482235299182302], ""final_gamma"": [0.5000003051953356, 0.002485363933733731, 0.0025145997027843725], ""init_beta"": 0.1, ""init_gamma"": 0.5, ""init_strategy"": ""fixed"", ""initial_beta"": [0.1, 0.1, 0.1], ""initial_gamma"": [0.5, 0.5, 0.5], ""mixer_type"": ""xy"", ""opt_steps"": 100, ""p_layers"": 3, ""random_seed"": null, ""selection_pool"": ""top_k_probable_states"", ""top_k"": 32}",1,1,sweep_20260626_163548_3b2fdff6,src/experiments/scenarios/research_b3_init_grid_sweep.toml,B3.36,QAOA gamma beta initialization grid [36/50],success,,0.1,0.5,3,,,,,,,,,,,,,,{},,,,,,,,,"{""1000"": 0, ""1001"": 0, ""1002"": 1, ""1003"": 1}",-20.5,[],"{""1000"": 1, ""1001"": 1, ""1002"": 0, ""1003"": 0}",-20.5,True,"{""1000"": 1, ""1001"": 1, ""1002"": 0, ""1003"": 0}",-20.5,True,True
2.481729507446289,,,,,"{""1000"": 1, ""1001"": 1, ""1002"": 0, ""1003"": 0}",,-20.4378805452342,-20.075146622466228,67,100,-20.5,True,,,0.09169147154302841,,2,4,,,8,True,0.0,SchedulingOutput,default,2476.7968520000068,qaoa_pennylane_lightning.gpu_xy_mixer,"{""device"": ""lightning.gpu"", ""final_beta"": [0.392506096398987, 0.39247319542088355, 0.3925898657446788], ""final_gamma"": [0.4999947640794181, -2.7131441276402137, 2.543766412850554], ""init_beta"": 0.3, ""init_gamma"": 0.5, ""init_strategy"": ""fixed"", ""initial_beta"": [0.3, 0.3, 0.3], ""initial_gamma"": [0.5, 0.5, 0.5], ""mixer_type"": ""xy"", ""opt_steps"": 100, ""p_layers"": 3, ""random_seed"": null, ""selection_pool"": ""top_k_probable_states"", ""top_k"": 32}",1,1,sweep_20260626_163548_3b2fdff6,src/experiments/scenarios/research_b3_init_grid_sweep.toml,B3.37,QAOA gamma beta initialization grid [37/50],success,,0.3,0.5,3,,,,,,,,,,,,,,{},,,,,,,,,"{""1000"": 1, ""1001"": 1, ""1002"": 0, ""1003"": 0}",-20.5,[],"{""1000"": 1, ""1001"": 1, ""1002"": 0, ""1003"": 0}",-20.5,True,"{""1000"": 1, ""1001"": 1, ""1002"": 0, ""1003"": 0}",-20.5,True,True
2.4161739349365234,,,,,"{""1000"": 0, ""1001"": 0, ""1002"": 1, ""1003"": 1}",,-20.43786244471447,-20.033747356782644,69,100,-20.5,True,,,0.09174186078484588,,2,4,,,8,True,0.0,SchedulingOutput,default,2411.5238539998245,qaoa_pennylane_lightning.gpu_xy_mixer,"{""device"": ""lightning.gpu"", ""final_beta"": [0.3928588117364766, 0.3927926067524468, 0.39268461360959633], ""final_gamma"": [0.5000022221003053, -2.733018031469804, 2.5639699794965334], ""init_beta"": 0.5, ""init_gamma"": 0.5, ""init_strategy"": ""fixed"", ""initial_beta"": [0.5, 0.5, 0.5], ""initial_gamma"": [0.5, 0.5, 0.5], ""mixer_type"": ""xy"", ""opt_steps"": 100, ""p_layers"": 3, ""random_seed"": null, ""selection_pool"": ""top_k_probable_states"", ""top_k"": 32}",1,1,sweep_20260626_163548_3b2fdff6,src/experiments/scenarios/research_b3_init_grid_sweep.toml,B3.38,QAOA gamma beta initialization grid [38/50],success,,0.5,0.5,3,,,,,,,,,,,,,,{},,,,,,,,,"{""1000"": 0, ""1001"": 0, ""1002"": 1, ""1003"": 1}",-20.5,[],"{""1000"": 1, ""1001"": 1, ""1002"": 0, ""1003"": 0}",-20.5,True,"{""1000"": 1, ""1001"": 1, ""1002"": 0, ""1003"": 0}",-20.5,True,True
2.4879205226898193,,,,,"{""1000"": 1, ""1001"": 1, ""1002"": 0, ""1003"": 0}",,-20.364998226209593,-20.261173988104368,11,100,-20.5,True,,,0.06317879904487095,,2,4,,,8,True,0.0,SchedulingOutput,default,2482.9919610001525,qaoa_pennylane_lightning.gpu_xy_mixer,"{""device"": ""lightning.gpu"", ""final_beta"": [0.6597082684035325, 0.6450506474692272, 0.659412369182477], ""final_gamma"": [0.4999991711153713, 0.002126789537328664, 0.0021329466394909517], ""init_beta"": 0.7, ""init_gamma"": 0.5, ""init_strategy"": ""fixed"", ""initial_beta"": [0.7, 0.7, 0.7], ""initial_gamma"": [0.5, 0.5, 0.5], ""mixer_type"": ""xy"", ""opt_steps"": 100, ""p_layers"": 3, ""random_seed"": null, ""selection_pool"": ""top_k_probable_states"", ""top_k"": 32}",1,1,sweep_20260626_163548_3b2fdff6,src/experiments/scenarios/research_b3_init_grid_sweep.toml,B3.39,QAOA gamma beta initialization grid [39/50],success,,0.7,0.5,3,,,,,,,,,,,,,,{},,,,,,,,,"{""1000"": 1, ""1001"": 1, ""1002"": 0, ""1003"": 0}",-20.5,[],"{""1000"": 1, ""1001"": 1, ""1002"": 0, ""1003"": 0}",-20.5,True,"{""1000"": 1, ""1001"": 1, ""1002"": 0, ""1003"": 0}",-20.5,True,True
2.410548448562622,,,,,"{""1000"": 1, ""1001"": 1, ""1002"": 0, ""1003"": 0}",,-20.364999337503928,-20.109898374972175,13,100,-20.5,True,,,0.06337392251335519,,2,4,,,8,True,0.0,SchedulingOutput,default,2405.750669999634,qaoa_pennylane_lightning.gpu_xy_mixer,"{""device"": ""lightning.gpu"", ""final_beta"": [0.9078299208161801, 0.931056178637714, 0.9091381379195568], ""final_gamma"": [0.4999990424666275, -0.001879021584019619, -7.188693594204745e-05], ""init_beta"": 1.0, ""init_gamma"": 0.5, ""init_strategy"": ""fixed"", ""initial_beta"": [1.0, 1.0, 1.0], ""initial_gamma"": [0.5, 0.5, 0.5], ""mixer_type"": ""xy"", ""opt_steps"": 100, ""p_layers"": 3, ""random_seed"": null, ""selection_pool"": ""top_k_probable_states"", ""top_k"": 32}",1,1,sweep_20260626_163548_3b2fdff6,src/experiments/scenarios/research_b3_init_grid_sweep.toml,B3.40,QAOA gamma beta initialization grid [40/50],success,,1.0,0.5,3,,,,,,,,,,,,,,{},,,,,,,,,"{""1000"": 1, ""1001"": 1, ""1002"": 0, ""1003"": 0}",-20.5,[],"{""1000"": 1, ""1001"": 1, ""1002"": 0, ""1003"": 0}",-20.5,True,"{""1000"": 1, ""1001"": 1, ""1002"": 0, ""1003"": 0}",-20.5,True,True
2.4994380474090576,,,,,"{""1000"": 0, ""1001"": 0, ""1002"": 1, ""1003"": 1}",,-20.3649985681596,-20.305578622973336,13,100,-20.5,True,,,0.0625165739705493,,2,4,,,8,True,0.0,SchedulingOutput,default,2494.608631000119,qaoa_pennylane_lightning.gpu_xy_mixer,"{""device"": ""lightning.gpu"", ""final_beta"": [0.11557989185526048, 0.16056027195037642, 0.1165754905815417], ""final_gamma"": [0.6999985054658567, -0.00039905955917049225, -7.022513167916631e-05], ""init_beta"": 0.1, ""init_gamma"": 0.7, ""init_strategy"": ""fixed"", ""initial_beta"": [0.1, 0.1, 0.1], ""initial_gamma"": [0.7, 0.7, 0.7], ""mixer_type"": ""xy"", ""opt_steps"": 100, ""p_layers"": 3, ""random_seed"": null, ""selection_pool"": ""top_k_probable_states"", ""top_k"": 32}",1,1,sweep_20260626_163548_3b2fdff6,src/experiments/scenarios/research_b3_init_grid_sweep.toml,B3.41,QAOA gamma beta initialization grid [41/50],success,,0.1,0.7,3,,,,,,,,,,,,,,{},,,,,,,,,"{""1000"": 0, ""1001"": 0, ""1002"": 1, ""1003"": 1}",-20.5,[],"{""1000"": 1, ""1001"": 1, ""1002"": 0, ""1003"": 0}",-20.5,True,"{""1000"": 1, ""1001"": 1, ""1002"": 0, ""1003"": 0}",-20.5,True,True
2.511357307434082,,,,,"{""1000"": 0, ""1001"": 0, ""1002"": 1, ""1003"": 1}",,-20.4375018203461,-20.0786239970123,75,100,-20.5,True,,,0.09336061736814584,,2,4,,,8,True,0.0,SchedulingOutput,default,2506.454739000219,qaoa_pennylane_lightning.gpu_xy_mixer,"{""device"": ""lightning.gpu"", ""final_beta"": [0.39271670556792104, 0.3925140019317384, 0.39239411899687], ""final_gamma"": [0.6999977792883347, -2.8121809822381993, 2.6498097950140975], ""init_beta"": 0.3, ""init_gamma"": 0.7, ""init_strategy"": ""fixed"", ""initial_beta"": [0.3, 0.3, 0.3], ""initial_gamma"": [0.7, 0.7, 0.7], ""mixer_type"": ""xy"", ""opt_steps"": 100, ""p_layers"": 3, ""random_seed"": null, ""selection_pool"": ""top_k_probable_states"", ""top_k"": 32}",1,1,sweep_20260626_163548_3b2fdff6,src/experiments/scenarios/research_b3_init_grid_sweep.toml,B3.42,QAOA gamma beta initialization grid [42/50],success,,0.3,0.7,3,,,,,,,,,,,,,,{},,,,,,,,,"{""1000"": 0, ""1001"": 0, ""1002"": 1, ""1003"": 1}",-20.5,[],"{""1000"": 1, ""1001"": 1, ""1002"": 0, ""1003"": 0}",-20.5,True,"{""1000"": 1, ""1001"": 1, ""1002"": 0, ""1003"": 0}",-20.5,True,True
2.581536054611206,,,,,"{""1000"": 1, ""1001"": 1, ""1002"": 0, ""1003"": 0}",,-20.437256671004178,-20.038703861711376,77,100,-20.5,True,,,0.09401602438855924,,2,4,,,8,True,0.0,SchedulingOutput,default,2576.817968999876,qaoa_pennylane_lightning.gpu_xy_mixer,"{""device"": ""lightning.gpu"", ""final_beta"": [0.39273913626454315, 0.3929444409914585, 0.39310241802144036], ""final_gamma"": [0.7000051322399605, -2.8381798421430084, 2.686587410043954], ""init_beta"": 0.5, ""init_gamma"": 0.7, ""init_strategy"": ""fixed"", ""initial_beta"": [0.5, 0.5, 0.5], ""initial_gamma"": [0.7, 0.7, 0.7], ""mixer_type"": ""xy"", ""opt_steps"": 100, ""p_layers"": 3, ""random_seed"": null, ""selection_pool"": ""top_k_probable_states"", ""top_k"": 32}",1,1,sweep_20260626_163548_3b2fdff6,src/experiments/scenarios/research_b3_init_grid_sweep.toml,B3.43,QAOA gamma beta initialization grid [43/50],success,,0.5,0.7,3,,,,,,,,,,,,,,{},,,,,,,,,"{""1000"": 1, ""1001"": 1, ""1002"": 0, ""1003"": 0}",-20.5,[],"{""1000"": 1, ""1001"": 1, ""1002"": 0, ""1003"": 0}",-20.5,True,"{""1000"": 1, ""1001"": 1, ""1002"": 0, ""1003"": 0}",-20.5,True,True
2.469237804412842,,,,,"{""1000"": 1, ""1001"": 1, ""1002"": 0, ""1003"": 0}",,-20.364997968148643,-20.25608129840618,16,100,-20.5,True,,,0.0631633802472722,,2,4,,,8,True,0.0,SchedulingOutput,default,2464.359947000048,qaoa_pennylane_lightning.gpu_xy_mixer,"{""device"": ""lightning.gpu"", ""final_beta"": [0.6667464032039377, 0.6317141168310876, 0.6656955391080122], ""final_gamma"": [0.6999998601728474, -0.0020188683863316915, -0.0013949184866607922], ""init_beta"": 0.7, ""init_gamma"": 0.7, ""init_strategy"": ""fixed"", ""initial_beta"": [0.7, 0.7, 0.7], ""initial_gamma"": [0.7, 0.7, 0.7], ""mixer_type"": ""xy"", ""opt_steps"": 100, ""p_layers"": 3, ""random_seed"": null, ""selection_pool"": ""top_k_probable_states"", ""top_k"": 32}",1,1,sweep_20260626_163548_3b2fdff6,src/experiments/scenarios/research_b3_init_grid_sweep.toml,B3.44,QAOA gamma beta initialization grid [44/50],success,,0.7,0.7,3,,,,,,,,,,,,,,{},,,,,,,,,"{""1000"": 1, ""1001"": 1, ""1002"": 0, ""1003"": 0}",-20.5,[],"{""1000"": 1, ""1001"": 1, ""1002"": 0, ""1003"": 0}",-20.5,True,"{""1000"": 1, ""1001"": 1, ""1002"": 0, ""1003"": 0}",-20.5,True,True
2.4292566776275635,,,,,"{""1000"": 1, ""1001"": 1, ""1002"": 0, ""1003"": 0}",,-20.364995455251275,-20.114379058813,19,100,-20.5,True,,,0.06338405498035855,,2,4,,,8,True,0.0,SchedulingOutput,default,2424.6555119998447,qaoa_pennylane_lightning.gpu_xy_mixer,"{""device"": ""lightning.gpu"", ""final_beta"": [0.8977218960424511, 0.9487216090348867, 0.9015706785415588], ""final_gamma"": [0.7000013634171753, 0.0011229011979160533, -0.0013639776153693336], ""init_beta"": 1.0, ""init_gamma"": 0.7, ""init_strategy"": ""fixed"", ""initial_beta"": [1.0, 1.0, 1.0], ""initial_gamma"": [0.7, 0.7, 0.7], ""mixer_type"": ""xy"", ""opt_steps"": 100, ""p_layers"": 3, ""random_seed"": null, ""selection_pool"": ""top_k_probable_states"", ""top_k"": 32}",1,1,sweep_20260626_163548_3b2fdff6,src/experiments/scenarios/research_b3_init_grid_sweep.toml,B3.45,QAOA gamma beta initialization grid [45/50],success,,1.0,0.7,3,,,,,,,,,,,,,,{},,,,,,,,,"{""1000"": 1, ""1001"": 1, ""1002"": 0, ""1003"": 0}",-20.5,[],"{""1000"": 1, ""1001"": 1, ""1002"": 0, ""1003"": 0}",-20.5,True,"{""1000"": 1, ""1001"": 1, ""1002"": 0, ""1003"": 0}",-20.5,True,True
2.482053518295288,,,,,"{""1000"": 0, ""1001"": 0, ""1002"": 1, ""1003"": 1}",,-20.36499840885986,-20.294012202056827,18,100,-20.5,True,,,0.06257883215940317,,2,4,,,8,True,0.0,SchedulingOutput,default,2477.2863580001285,qaoa_pennylane_lightning.gpu_xy_mixer,"{""device"": ""lightning.gpu"", ""final_beta"": [0.09017172499968558, 0.20843200397105136, 0.09401744155981809], ""final_gamma"": [1.0000049904361183, -0.005272075023447256, -0.006500611373370923], ""init_beta"": 0.1, ""init_gamma"": 1.0, ""init_strategy"": ""fixed"", ""initial_beta"": [0.1, 0.1, 0.1], ""initial_gamma"": [1.0, 1.0, 1.0], ""mixer_type"": ""xy"", ""opt_steps"": 100, ""p_layers"": 3, ""random_seed"": null, ""selection_pool"": ""top_k_probable_states"", ""top_k"": 32}",1,1,sweep_20260626_163548_3b2fdff6,src/experiments/scenarios/research_b3_init_grid_sweep.toml,B3.46,QAOA gamma beta initialization grid [46/50],success,,0.1,1.0,3,,,,,,,,,,,,,,{},,,,,,,,,"{""1000"": 0, ""1001"": 0, ""1002"": 1, ""1003"": 1}",-20.5,[],"{""1000"": 1, ""1001"": 1, ""1002"": 0, ""1003"": 0}",-20.5,True,"{""1000"": 1, ""1001"": 1, ""1002"": 0, ""1003"": 0}",-20.5,True,True
2.4861598014831543,,,,,"{""1000"": 0, ""1001"": 0, ""1002"": 1, ""1003"": 1}",,-20.436868699251043,-20.08586392196189,87,100,-20.5,True,,,0.09432936254354564,,2,4,,,8,True,0.0,SchedulingOutput,default,2481.56396100012,qaoa_pennylane_lightning.gpu_xy_mixer,"{""device"": ""lightning.gpu"", ""final_beta"": [0.39268611596225933, 0.39260829008877185, 0.39237499249734176], ""final_gamma"": [1.000002107294086, -2.8480103843886244, 2.7845330945340314], ""init_beta"": 0.3, ""init_gamma"": 1.0, ""init_strategy"": ""fixed"", ""initial_beta"": [0.3, 0.3, 0.3], ""initial_gamma"": [1.0, 1.0, 1.0], ""mixer_type"": ""xy"", ""opt_steps"": 100, ""p_layers"": 3, ""random_seed"": null, ""selection_pool"": ""top_k_probable_states"", ""top_k"": 32}",1,1,sweep_20260626_163548_3b2fdff6,src/experiments/scenarios/research_b3_init_grid_sweep.toml,B3.47,QAOA gamma beta initialization grid [47/50],success,,0.3,1.0,3,,,,,,,,,,,,,,{},,,,,,,,,"{""1000"": 0, ""1001"": 0, ""1002"": 1, ""1003"": 1}",-20.5,[],"{""1000"": 1, ""1001"": 1, ""1002"": 0, ""1003"": 0}",-20.5,True,"{""1000"": 1, ""1001"": 1, ""1002"": 0, ""1003"": 0}",-20.5,True,True
2.4294660091400146,,,,,"{""1000"": 1, ""1001"": 1, ""1002"": 0, ""1003"": 0}",,-20.43721406933164,-20.048967603587826,89,100,-20.5,True,,,0.09382069658706232,,2,4,,,8,True,0.0,SchedulingOutput,default,2424.610432999998,qaoa_pennylane_lightning.gpu_xy_mixer,"{""device"": ""lightning.gpu"", ""final_beta"": [0.39277083852070327, 0.39271127406383743, 0.39304563776383417], ""final_gamma"": [1.0000018545467981, -2.8095903373984314, 2.766537984765894], ""init_beta"": 0.5, ""init_gamma"": 1.0, ""init_strategy"": ""fixed"", ""initial_beta"": [0.5, 0.5, 0.5], ""initial_gamma"": [1.0, 1.0, 1.0], ""mixer_type"": ""xy"", ""opt_steps"": 100, ""p_layers"": 3, ""random_seed"": null, ""selection_pool"": ""top_k_probable_states"", ""top_k"": 32}",1,1,sweep_20260626_163548_3b2fdff6,src/experiments/scenarios/research_b3_init_grid_sweep.toml,B3.48,QAOA gamma beta initialization grid [48/50],success,,0.5,1.0,3,,,,,,,,,,,,,,{},,,,,,,,,"{""1000"": 1, ""1001"": 1, ""1002"": 0, ""1003"": 0}",-20.5,[],"{""1000"": 1, ""1001"": 1, ""1002"": 0, ""1003"": 0}",-20.5,True,"{""1000"": 1, ""1001"": 1, ""1002"": 0, ""1003"": 0}",-20.5,True,True
2.5790393352508545,,,,,"{""1000"": 1, ""1001"": 1, ""1002"": 0, ""1003"": 0}",,-20.36499651745526,-20.24555014037991,16,100,-20.5,True,,,0.06306502454631974,,2,4,,,8,True,0.0,SchedulingOutput,default,2573.6677300001247,qaoa_pennylane_lightning.gpu_xy_mixer,"{""device"": ""lightning.gpu"", ""final_beta"": [0.6871372101604171, 0.593941889494197, 0.6829783425353118], ""final_gamma"": [1.0000010748753523, -0.005077617072418969, -0.0071667643995642245], ""init_beta"": 0.7, ""init_gamma"": 1.0, ""init_strategy"": ""fixed"", ""initial_beta"": [0.7, 0.7, 0.7], ""initial_gamma"": [1.0, 1.0, 1.0], ""mixer_type"": ""xy"", ""opt_steps"": 100, ""p_layers"": 3, ""random_seed"": null, ""selection_pool"": ""top_k_probable_states"", ""top_k"": 32}",1,1,sweep_20260626_163548_3b2fdff6,src/experiments/scenarios/research_b3_init_grid_sweep.toml,B3.49,QAOA gamma beta initialization grid [49/50],success,,0.7,1.0,3,,,,,,,,,,,,,,{},,,,,,,,,"{""1000"": 1, ""1001"": 1, ""1002"": 0, ""1003"": 0}",-20.5,[],"{""1000"": 1, ""1001"": 1, ""1002"": 0, ""1003"": 0}",-20.5,True,"{""1000"": 1, ""1001"": 1, ""1002"": 0, ""1003"": 0}",-20.5,True,True
2.4225656986236572,,,,,"{""1000"": 0, ""1001"": 0, ""1002"": 1, ""1003"": 1}",,-20.36499829367838,-20.12346377586342,25,100,-20.5,True,,,0.06291778158230989,,2,4,,,8,True,0.0,SchedulingOutput,default,2417.624880999938,qaoa_pennylane_lightning.gpu_xy_mixer,"{""device"": ""lightning.gpu"", ""final_beta"": [0.8693608886375468, 0.9971941176140213, 0.8827562594782203], ""final_gamma"": [0.9999987178853113, 0.018298206450594632, -0.0024652748682758244], ""init_beta"": 1.0, ""init_gamma"": 1.0, ""init_strategy"": ""fixed"", ""initial_beta"": [1.0, 1.0, 1.0], ""initial_gamma"": [1.0, 1.0, 1.0], ""mixer_type"": ""xy"", ""opt_steps"": 100, ""p_layers"": 3, ""random_seed"": null, ""selection_pool"": ""top_k_probable_states"", ""top_k"": 32}",1,1,sweep_20260626_163548_3b2fdff6,src/experiments/scenarios/research_b3_init_grid_sweep.toml,B3.50,QAOA gamma beta initialization grid [50/50],success,,1.0,1.0,3,,,,,,,,,,,,,,{},,,,,,,,,"{""1000"": 0, ""1001"": 0, ""1002"": 1, ""1003"": 1}",-20.5,[],"{""1000"": 1, ""1001"": 1, ""1002"": 0, ""1003"": 0}",-20.5,True,"{""1000"": 1, ""1001"": 1, ""1002"": 0, ""1003"": 0}",-20.5,True,True
1.3416154384613037,,,,,"{""1000"": 0, ""1001"": 0, ""1002"": 1, ""1003"": 1}",,-0.9778826501421812,-0.6755395745150228,100,100,-1.2,True,,,0.04155094984714459,,2,4,,,8,True,0.0,SchedulingOutput,default,1336.7146259997753,qaoa_pennylane_lightning.gpu_x_mixer,"{""device"": ""lightning.gpu"", ""final_beta"": [1.188866227227663], ""final_gamma"": [4.049789709884816], ""init_beta"": 0.5, ""init_gamma"": 0.5, ""init_strategy"": ""fixed"", ""initial_beta"": [0.5], ""initial_gamma"": [0.5], ""mixer_type"": ""x"", ""opt_steps"": 100, ""p_layers"": 1, ""random_seed"": null, ""selection_pool"": ""top_k_probable_states"", ""top_k"": 16}",5,1,sweep_20260626_163548_3b2fdff6,src/experiments/scenarios/research_b4_x_mixer_penalty_sweep.toml,B4X.1,X mixer penalty and depth sweep [1/9],success,,,,1,,,,,,0.175,,,,,,,,{},,,,,,,,,"{""1000"": 0, ""1001"": 0, ""1002"": 1, ""1003"": 1}",-1.2,[],"{""1000"": 1, ""1001"": 1, ""1002"": 0, ""1003"": 0}",-1.2,True,"{""1000"": 1, ""1001"": 1, ""1002"": 0, ""1003"": 0}",-1.2,True,True
1.5129947662353516,,,,,"{""1000"": 0, ""1001"": 0, ""1002"": 1, ""1003"": 1}",,-0.9778826501421812,-0.6755395745150228,100,100,-1.2,True,,,0.04155094984714459,,2,4,,,8,True,0.0,SchedulingOutput,default,1508.2817340003203,qaoa_pennylane_lightning.gpu_x_mixer,"{""device"": ""lightning.gpu"", ""final_beta"": [1.188866227227663], ""final_gamma"": [4.049789709884816], ""init_beta"": 0.5, ""init_gamma"": 0.5, ""init_strategy"": ""fixed"", ""initial_beta"": [0.5], ""initial_gamma"": [0.5], ""mixer_type"": ""x"", ""opt_steps"": 100, ""p_layers"": 1, ""random_seed"": null, ""selection_pool"": ""top_k_probable_states"", ""top_k"": 16}",5,2,sweep_20260626_163548_3b2fdff6,src/experiments/scenarios/research_b4_x_mixer_penalty_sweep.toml,B4X.1,X mixer penalty and depth sweep [1/9],success,,,,1,,,,,,0.175,,,,,,,,{},,,,,,,,,"{""1000"": 0, ""1001"": 0, ""1002"": 1, ""1003"": 1}",-1.2,[],"{""1000"": 1, ""1001"": 1, ""1002"": 0, ""1003"": 0}",-1.2,True,"{""1000"": 1, ""1001"": 1, ""1002"": 0, ""1003"": 0}",-1.2,True,True
1.369157314300537,,,,,"{""1000"": 0, ""1001"": 0, ""1002"": 1, ""1003"": 1}",,-0.9778826501421812,-0.6755395745150228,100,100,-1.2,True,,,0.04155094984714459,,2,4,,,8,True,0.0,SchedulingOutput,default,1363.5373499996604,qaoa_pennylane_lightning.gpu_x_mixer,"{""device"": ""lightning.gpu"", ""final_beta"": [1.188866227227663], ""final_gamma"": [4.049789709884816], ""init_beta"": 0.5, ""init_gamma"": 0.5, ""init_strategy"": ""fixed"", ""initial_beta"": [0.5], ""initial_gamma"": [0.5], ""mixer_type"": ""x"", ""opt_steps"": 100, ""p_layers"": 1, ""random_seed"": null, ""selection_pool"": ""top_k_probable_states"", ""top_k"": 16}",5,3,sweep_20260626_163548_3b2fdff6,src/experiments/scenarios/research_b4_x_mixer_penalty_sweep.toml,B4X.1,X mixer penalty and depth sweep [1/9],success,,,,1,,,,,,0.175,,,,,,,,{},,,,,,,,,"{""1000"": 0, ""1001"": 0, ""1002"": 1, ""1003"": 1}",-1.2,[],"{""1000"": 1, ""1001"": 1, ""1002"": 0, ""1003"": 0}",-1.2,True,"{""1000"": 1, ""1001"": 1, ""1002"": 0, ""1003"": 0}",-1.2,True,True
1.4253463745117188,,,,,"{""1000"": 0, ""1001"": 0, ""1002"": 1, ""1003"": 1}",,-0.9778826501421812,-0.6755395745150228,100,100,-1.2,True,,,0.04155094984714459,,2,4,,,8,True,0.0,SchedulingOutput,default,1420.5636480000976,qaoa_pennylane_lightning.gpu_x_mixer,"{""device"": ""lightning.gpu"", ""final_beta"": [1.188866227227663], ""final_gamma"": [4.049789709884816], ""init_beta"": 0.5, ""init_gamma"": 0.5, ""init_strategy"": ""fixed"", ""initial_beta"": [0.5], ""initial_gamma"": [0.5], ""mixer_type"": ""x"", ""opt_steps"": 100, ""p_layers"": 1, ""random_seed"": null, ""selection_pool"": ""top_k_probable_states"", ""top_k"": 16}",5,4,sweep_20260626_163548_3b2fdff6,src/experiments/scenarios/research_b4_x_mixer_penalty_sweep.toml,B4X.1,X mixer penalty and depth sweep [1/9],success,,,,1,,,,,,0.175,,,,,,,,{},,,,,,,,,"{""1000"": 0, ""1001"": 0, ""1002"": 1, ""1003"": 1}",-1.2,[],"{""1000"": 1, ""1001"": 1, ""1002"": 0, ""1003"": 0}",-1.2,True,"{""1000"": 1, ""1001"": 1, ""1002"": 0, ""1003"": 0}",-1.2,True,True
1.3453822135925293,,,,,"{""1000"": 0, ""1001"": 0, ""1002"": 1, ""1003"": 1}",,-0.9778826501421812,-0.6755395745150228,100,100,-1.2,True,,,0.04155094984714459,,2,4,,,8,True,0.0,SchedulingOutput,default,1339.6480650003468,qaoa_pennylane_lightning.gpu_x_mixer,"{""device"": ""lightning.gpu"", ""final_beta"": [1.188866227227663], ""final_gamma"": [4.049789709884816], ""init_beta"": 0.5, ""init_gamma"": 0.5, ""init_strategy"": ""fixed"", ""initial_beta"": [0.5], ""initial_gamma"": [0.5], ""mixer_type"": ""x"", ""opt_steps"": 100, ""p_layers"": 1, ""random_seed"": null, ""selection_pool"": ""top_k_probable_states"", ""top_k"": 16}",5,5,sweep_20260626_163548_3b2fdff6,src/experiments/scenarios/research_b4_x_mixer_penalty_sweep.toml,B4X.1,X mixer penalty and depth sweep [1/9],success,,,,1,,,,,,0.175,,,,,,,,{},,,,,,,,,"{""1000"": 0, ""1001"": 0, ""1002"": 1, ""1003"": 1}",-1.2,[],"{""1000"": 1, ""1001"": 1, ""1002"": 0, ""1003"": 0}",-1.2,True,"{""1000"": 1, ""1001"": 1, ""1002"": 0, ""1003"": 0}",-1.2,True,True
1.479130744934082,,,,,"{""1000"": 1, ""1001"": 1, ""1002"": 0, ""1003"": 0}",,-1.7018395048794135,-0.9427983546780848,100,100,-1.9,True,,,0.06059309223259384,,2,4,,,8,True,0.0,SchedulingOutput,default,1474.2698569998538,qaoa_pennylane_lightning.gpu_x_mixer,"{""device"": ""lightning.gpu"", ""final_beta"": [1.178430849028818], ""final_gamma"": [3.546062908446896], ""init_beta"": 0.5, ""init_gamma"": 0.5, ""init_strategy"": ""fixed"", ""initial_beta"": [0.5], ""initial_gamma"": [0.5], ""mixer_type"": ""x"", ""opt_steps"": 100, ""p_layers"": 1, ""random_seed"": null, ""selection_pool"": ""top_k_probable_states"", ""top_k"": 16}",5,1,sweep_20260626_163548_3b2fdff6,src/experiments/scenarios/research_b4_x_mixer_penalty_sweep.toml,B4X.2,X mixer penalty and depth sweep [2/9],success,,,,1,,,,,,0.35,,,,,,,,{},,,,,,,,,"{""1000"": 1, ""1001"": 1, ""1002"": 0, ""1003"": 0}",-1.9,[],"{""1000"": 1, ""1001"": 1, ""1002"": 0, ""1003"": 0}",-1.9,True,"{""1000"": 1, ""1001"": 1, ""1002"": 0, ""1003"": 0}",-1.9,True,True
1.3456265926361084,,,,,"{""1000"": 1, ""1001"": 1, ""1002"": 0, ""1003"": 0}",,-1.7018395048794135,-0.9427983546780848,100,100,-1.9,True,,,0.06059309223259384,,2,4,,,8,True,0.0,SchedulingOutput,default,1340.928318999886,qaoa_pennylane_lightning.gpu_x_mixer,"{""device"": ""lightning.gpu"", ""final_beta"": [1.178430849028818], ""final_gamma"": [3.546062908446896], ""init_beta"": 0.5, ""init_gamma"": 0.5, ""init_strategy"": ""fixed"", ""initial_beta"": [0.5], ""initial_gamma"": [0.5], ""mixer_type"": ""x"", ""opt_steps"": 100, ""p_layers"": 1, ""random_seed"": null, ""selection_pool"": ""top_k_probable_states"", ""top_k"": 16}",5,2,sweep_20260626_163548_3b2fdff6,src/experiments/scenarios/research_b4_x_mixer_penalty_sweep.toml,B4X.2,X mixer penalty and depth sweep [2/9],success,,,,1,,,,,,0.35,,,,,,,,{},,,,,,,,,"{""1000"": 1, ""1001"": 1, ""1002"": 0, ""1003"": 0}",-1.9,[],"{""1000"": 1, ""1001"": 1, ""1002"": 0, ""1003"": 0}",-1.9,True,"{""1000"": 1, ""1001"": 1, ""1002"": 0, ""1003"": 0}",-1.9,True,True
1.4056036472320557,,,,,"{""1000"": 1, ""1001"": 1, ""1002"": 0, ""1003"": 0}",,-1.7018395048794135,-0.9427983546780848,100,100,-1.9,True,,,0.06059309223259384,,2,4,,,8,True,0.0,SchedulingOutput,default,1400.7930759998999,qaoa_pennylane_lightning.gpu_x_mixer,"{""device"": ""lightning.gpu"", ""final_beta"": [1.178430849028818], ""final_gamma"": [3.546062908446896], ""init_beta"": 0.5, ""init_gamma"": 0.5, ""init_strategy"": ""fixed"", ""initial_beta"": [0.5], ""initial_gamma"": [0.5], ""mixer_type"": ""x"", ""opt_steps"": 100, ""p_layers"": 1, ""random_seed"": null, ""selection_pool"": ""top_k_probable_states"", ""top_k"": 16}",5,3,sweep_20260626_163548_3b2fdff6,src/experiments/scenarios/research_b4_x_mixer_penalty_sweep.toml,B4X.2,X mixer penalty and depth sweep [2/9],success,,,,1,,,,,,0.35,,,,,,,,{},,,,,,,,,"{""1000"": 1, ""1001"": 1, ""1002"": 0, ""1003"": 0}",-1.9,[],"{""1000"": 1, ""1001"": 1, ""1002"": 0, ""1003"": 0}",-1.9,True,"{""1000"": 1, ""1001"": 1, ""1002"": 0, ""1003"": 0}",-1.9,True,True
1.489074468612671,,,,,"{""1000"": 1, ""1001"": 1, ""1002"": 0, ""1003"": 0}",,-1.7018395048794135,-0.9427983546780848,100,100,-1.9,True,,,0.06059309223259384,,2,4,,,8,True,0.0,SchedulingOutput,default,1484.1846169997552,qaoa_pennylane_lightning.gpu_x_mixer,"{""device"": ""lightning.gpu"", ""final_beta"": [1.178430849028818], ""final_gamma"": [3.546062908446896], ""init_beta"": 0.5, ""init_gamma"": 0.5, ""init_strategy"": ""fixed"", ""initial_beta"": [0.5], ""initial_gamma"": [0.5], ""mixer_type"": ""x"", ""opt_steps"": 100, ""p_layers"": 1, ""random_seed"": null, ""selection_pool"": ""top_k_probable_states"", ""top_k"": 16}",5,4,sweep_20260626_163548_3b2fdff6,src/experiments/scenarios/research_b4_x_mixer_penalty_sweep.toml,B4X.2,X mixer penalty and depth sweep [2/9],success,,,,1,,,,,,0.35,,,,,,,,{},,,,,,,,,"{""1000"": 1, ""1001"": 1, ""1002"": 0, ""1003"": 0}",-1.9,[],"{""1000"": 1, ""1001"": 1, ""1002"": 0, ""1003"": 0}",-1.9,True,"{""1000"": 1, ""1001"": 1, ""1002"": 0, ""1003"": 0}",-1.9,True,True
1.4955604076385498,,,,,"{""1000"": 1, ""1001"": 1, ""1002"": 0, ""1003"": 0}",,-1.7018395048794135,-0.9427983546780848,100,100,-1.9,True,,,0.06059309223259384,,2,4,,,8,True,0.0,SchedulingOutput,default,1490.6970980000551,qaoa_pennylane_lightning.gpu_x_mixer,"{""device"": ""lightning.gpu"", ""final_beta"": [1.178430849028818], ""final_gamma"": [3.546062908446896], ""init_beta"": 0.5, ""init_gamma"": 0.5, ""init_strategy"": ""fixed"", ""initial_beta"": [0.5], ""initial_gamma"": [0.5], ""mixer_type"": ""x"", ""opt_steps"": 100, ""p_layers"": 1, ""random_seed"": null, ""selection_pool"": ""top_k_probable_states"", ""top_k"": 16}",5,5,sweep_20260626_163548_3b2fdff6,src/experiments/scenarios/research_b4_x_mixer_penalty_sweep.toml,B4X.2,X mixer penalty and depth sweep [2/9],success,,,,1,,,,,,0.35,,,,,,,,{},,,,,,,,,"{""1000"": 1, ""1001"": 1, ""1002"": 0, ""1003"": 0}",-1.9,[],"{""1000"": 1, ""1001"": 1, ""1002"": 0, ""1003"": 0}",-1.9,True,"{""1000"": 1, ""1001"": 1, ""1002"": 0, ""1003"": 0}",-1.9,True,True
1.4034514427185059,,,,,"{""1000"": 1, ""1001"": 1, ""1002"": 0, ""1003"": 0}",,-3.125700666361676,-1.3181619682703736,65,100,-3.3,True,,,0.06163114889987564,,2,4,,,8,True,0.0,SchedulingOutput,default,1398.680379000325,qaoa_pennylane_lightning.gpu_x_mixer,"{""device"": ""lightning.gpu"", ""final_beta"": [1.1770064081109195], ""final_gamma"": [2.1544900055493676], ""init_beta"": 0.5, ""init_gamma"": 0.5, ""init_strategy"": ""fixed"", ""initial_beta"": [0.5], ""initial_gamma"": [0.5], ""mixer_type"": ""x"", ""opt_steps"": 100, ""p_layers"": 1, ""random_seed"": null, ""selection_pool"": ""top_k_probable_states"", ""top_k"": 16}",5,1,sweep_20260626_163548_3b2fdff6,src/experiments/scenarios/research_b4_x_mixer_penalty_sweep.toml,B4X.3,X mixer penalty and depth sweep [3/9],success,,,,1,,,,,,0.7,,,,,,,,{},,,,,,,,,"{""1000"": 1, ""1001"": 1, ""1002"": 0, ""1003"": 0}",-3.3,[],"{""1000"": 1, ""1001"": 1, ""1002"": 0, ""1003"": 0}",-3.3,True,"{""1000"": 1, ""1001"": 1, ""1002"": 0, ""1003"": 0}",-3.3,True,True
1.4035167694091797,,,,,"{""1000"": 1, ""1001"": 1, ""1002"": 0, ""1003"": 0}",,-3.125700666361676,-1.3181619682703736,65,100,-3.3,True,,,0.06163114889987564,,2,4,,,8,True,0.0,SchedulingOutput,default,1398.9169299998139,qaoa_pennylane_lightning.gpu_x_mixer,"{""device"": ""lightning.gpu"", ""final_beta"": [1.1770064081109195], ""final_gamma"": [2.1544900055493676], ""init_beta"": 0.5, ""init_gamma"": 0.5, ""init_strategy"": ""fixed"", ""initial_beta"": [0.5], ""initial_gamma"": [0.5], ""mixer_type"": ""x"", ""opt_steps"": 100, ""p_layers"": 1, ""random_seed"": null, ""selection_pool"": ""top_k_probable_states"", ""top_k"": 16}",5,2,sweep_20260626_163548_3b2fdff6,src/experiments/scenarios/research_b4_x_mixer_penalty_sweep.toml,B4X.3,X mixer penalty and depth sweep [3/9],success,,,,1,,,,,,0.7,,,,,,,,{},,,,,,,,,"{""1000"": 1, ""1001"": 1, ""1002"": 0, ""1003"": 0}",-3.3,[],"{""1000"": 1, ""1001"": 1, ""1002"": 0, ""1003"": 0}",-3.3,True,"{""1000"": 1, ""1001"": 1, ""1002"": 0, ""1003"": 0}",-3.3,True,True
1.3715391159057617,,,,,"{""1000"": 1, ""1001"": 1, ""1002"": 0, ""1003"": 0}",,-3.125700666361676,-1.3181619682703736,65,100,-3.3,True,,,0.06163114889987564,,2,4,,,8,True,0.0,SchedulingOutput,default,1366.7432199999894,qaoa_pennylane_lightning.gpu_x_mixer,"{""device"": ""lightning.gpu"", ""final_beta"": [1.1770064081109195], ""final_gamma"": [2.1544900055493676], ""init_beta"": 0.5, ""init_gamma"": 0.5, ""init_strategy"": ""fixed"", ""initial_beta"": [0.5], ""initial_gamma"": [0.5], ""mixer_type"": ""x"", ""opt_steps"": 100, ""p_layers"": 1, ""random_seed"": null, ""selection_pool"": ""top_k_probable_states"", ""top_k"": 16}",5,3,sweep_20260626_163548_3b2fdff6,src/experiments/scenarios/research_b4_x_mixer_penalty_sweep.toml,B4X.3,X mixer penalty and depth sweep [3/9],success,,,,1,,,,,,0.7,,,,,,,,{},,,,,,,,,"{""1000"": 1, ""1001"": 1, ""1002"": 0, ""1003"": 0}",-3.3,[],"{""1000"": 1, ""1001"": 1, ""1002"": 0, ""1003"": 0}",-3.3,True,"{""1000"": 1, ""1001"": 1, ""1002"": 0, ""1003"": 0}",-3.3,True,True
1.4368155002593994,,,,,"{""1000"": 1, ""1001"": 1, ""1002"": 0, ""1003"": 0}",,-3.125700666361676,-1.3181619682703736,65,100,-3.3,True,,,0.06163114889987564,,2,4,,,8,True,0.0,SchedulingOutput,default,1432.0576449999862,qaoa_pennylane_lightning.gpu_x_mixer,"{""device"": ""lightning.gpu"", ""final_beta"": [1.1770064081109195], ""final_gamma"": [2.1544900055493676], ""init_beta"": 0.5, ""init_gamma"": 0.5, ""init_strategy"": ""fixed"", ""initial_beta"": [0.5], ""initial_gamma"": [0.5], ""mixer_type"": ""x"", ""opt_steps"": 100, ""p_layers"": 1, ""random_seed"": null, ""selection_pool"": ""top_k_probable_states"", ""top_k"": 16}",5,4,sweep_20260626_163548_3b2fdff6,src/experiments/scenarios/research_b4_x_mixer_penalty_sweep.toml,B4X.3,X mixer penalty and depth sweep [3/9],success,,,,1,,,,,,0.7,,,,,,,,{},,,,,,,,,"{""1000"": 1, ""1001"": 1, ""1002"": 0, ""1003"": 0}",-3.3,[],"{""1000"": 1, ""1001"": 1, ""1002"": 0, ""1003"": 0}",-3.3,True,"{""1000"": 1, ""1001"": 1, ""1002"": 0, ""1003"": 0}",-3.3,True,True
1.4065508842468262,,,,,"{""1000"": 1, ""1001"": 1, ""1002"": 0, ""1003"": 0}",,-3.125700666361676,-1.3181619682703736,65,100,-3.3,True,,,0.06163114889987564,,2,4,,,8,True,0.0,SchedulingOutput,default,1401.9416699998146,qaoa_pennylane_lightning.gpu_x_mixer,"{""device"": ""lightning.gpu"", ""final_beta"": [1.1770064081109195], ""final_gamma"": [2.1544900055493676], ""init_beta"": 0.5, ""init_gamma"": 0.5, ""init_strategy"": ""fixed"", ""initial_beta"": [0.5], ""initial_gamma"": [0.5], ""mixer_type"": ""x"", ""opt_steps"": 100, ""p_layers"": 1, ""random_seed"": null, ""selection_pool"": ""top_k_probable_states"", ""top_k"": 16}",5,5,sweep_20260626_163548_3b2fdff6,src/experiments/scenarios/research_b4_x_mixer_penalty_sweep.toml,B4X.3,X mixer penalty and depth sweep [3/9],success,,,,1,,,,,,0.7,,,,,,,,{},,,,,,,,,"{""1000"": 1, ""1001"": 1, ""1002"": 0, ""1003"": 0}",-3.3,[],"{""1000"": 1, ""1001"": 1, ""1002"": 0, ""1003"": 0}",-3.3,True,"{""1000"": 1, ""1001"": 1, ""1002"": 0, ""1003"": 0}",-3.3,True,True
2.2505674362182617,,,,,"{""1000"": 0, ""1001"": 0, ""1002"": 1, ""1003"": 1}",,-1.082520139837396,-0.7066868468916642,100,100,-1.2,True,,,0.08710778525470467,,2,4,,,8,True,0.0,SchedulingOutput,default,2245.9354029997485,qaoa_pennylane_lightning.gpu_x_mixer,"{""device"": ""lightning.gpu"", ""final_beta"": [0.6905776810403599, 0.47112782471279563], ""final_gamma"": [4.341632421738353, -2.6113851952343548], ""init_beta"": 0.5, ""init_gamma"": 0.5, ""init_strategy"": ""fixed"", ""initial_beta"": [0.5, 0.5], ""initial_gamma"": [0.5, 0.5], ""mixer_type"": ""x"", ""opt_steps"": 100, ""p_layers"": 2, ""random_seed"": null, ""selection_pool"": ""top_k_probable_states"", ""top_k"": 16}",5,1,sweep_20260626_163548_3b2fdff6,src/experiments/scenarios/research_b4_x_mixer_penalty_sweep.toml,B4X.4,X mixer penalty and depth sweep [4/9],success,,,,2,,,,,,0.175,,,,,,,,{},,,,,,,,,"{""1000"": 0, ""1001"": 0, ""1002"": 1, ""1003"": 1}",-1.2,[],"{""1000"": 1, ""1001"": 1, ""1002"": 0, ""1003"": 0}",-1.2,True,"{""1000"": 1, ""1001"": 1, ""1002"": 0, ""1003"": 0}",-1.2,True,True
2.3240296840667725,,,,,"{""1000"": 0, ""1001"": 0, ""1002"": 1, ""1003"": 1}",,-1.082520139837396,-0.7066868468916642,100,100,-1.2,True,,,0.08710778525470467,,2,4,,,8,True,0.0,SchedulingOutput,default,2319.4486940001298,qaoa_pennylane_lightning.gpu_x_mixer,"{""device"": ""lightning.gpu"", ""final_beta"": [0.6905776810403599, 0.47112782471279563], ""final_gamma"": [4.341632421738353, -2.6113851952343548], ""init_beta"": 0.5, ""init_gamma"": 0.5, ""init_strategy"": ""fixed"", ""initial_beta"": [0.5, 0.5], ""initial_gamma"": [0.5, 0.5], ""mixer_type"": ""x"", ""opt_steps"": 100, ""p_layers"": 2, ""random_seed"": null, ""selection_pool"": ""top_k_probable_states"", ""top_k"": 16}",5,2,sweep_20260626_163548_3b2fdff6,src/experiments/scenarios/research_b4_x_mixer_penalty_sweep.toml,B4X.4,X mixer penalty and depth sweep [4/9],success,,,,2,,,,,,0.175,,,,,,,,{},,,,,,,,,"{""1000"": 0, ""1001"": 0, ""1002"": 1, ""1003"": 1}",-1.2,[],"{""1000"": 1, ""1001"": 1, ""1002"": 0, ""1003"": 0}",-1.2,True,"{""1000"": 1, ""1001"": 1, ""1002"": 0, ""1003"": 0}",-1.2,True,True
2.4648122787475586,,,,,"{""1000"": 0, ""1001"": 0, ""1002"": 1, ""1003"": 1}",,-1.082520139837396,-0.7066868468916642,100,100,-1.2,True,,,0.08710778525470467,,2,4,,,8,True,0.0,SchedulingOutput,default,2459.704583000075,qaoa_pennylane_lightning.gpu_x_mixer,"{""device"": ""lightning.gpu"", ""final_beta"": [0.6905776810403599, 0.47112782471279563], ""final_gamma"": [4.341632421738353, -2.6113851952343548], ""init_beta"": 0.5, ""init_gamma"": 0.5, ""init_strategy"": ""fixed"", ""initial_beta"": [0.5, 0.5], ""initial_gamma"": [0.5, 0.5], ""mixer_type"": ""x"", ""opt_steps"": 100, ""p_layers"": 2, ""random_seed"": null, ""selection_pool"": ""top_k_probable_states"", ""top_k"": 16}",5,3,sweep_20260626_163548_3b2fdff6,src/experiments/scenarios/research_b4_x_mixer_penalty_sweep.toml,B4X.4,X mixer penalty and depth sweep [4/9],success,,,,2,,,,,,0.175,,,,,,,,{},,,,,,,,,"{""1000"": 0, ""1001"": 0, ""1002"": 1, ""1003"": 1}",-1.2,[],"{""1000"": 1, ""1001"": 1, ""1002"": 0, ""1003"": 0}",-1.2,True,"{""1000"": 1, ""1001"": 1, ""1002"": 0, ""1003"": 0}",-1.2,True,True
2.4069318771362305,,,,,"{""1000"": 0, ""1001"": 0, ""1002"": 1, ""1003"": 1}",,-1.082520139837396,-0.7066868468916642,100,100,-1.2,True,,,0.08710778525470467,,2,4,,,8,True,0.0,SchedulingOutput,default,2402.2803029997704,qaoa_pennylane_lightning.gpu_x_mixer,"{""device"": ""lightning.gpu"", ""final_beta"": [0.6905776810403599, 0.47112782471279563], ""final_gamma"": [4.341632421738353, -2.6113851952343548], ""init_beta"": 0.5, ""init_gamma"": 0.5, ""init_strategy"": ""fixed"", ""initial_beta"": [0.5, 0.5], ""initial_gamma"": [0.5, 0.5], ""mixer_type"": ""x"", ""opt_steps"": 100, ""p_layers"": 2, ""random_seed"": null, ""selection_pool"": ""top_k_probable_states"", ""top_k"": 16}",5,4,sweep_20260626_163548_3b2fdff6,src/experiments/scenarios/research_b4_x_mixer_penalty_sweep.toml,B4X.4,X mixer penalty and depth sweep [4/9],success,,,,2,,,,,,0.175,,,,,,,,{},,,,,,,,,"{""1000"": 0, ""1001"": 0, ""1002"": 1, ""1003"": 1}",-1.2,[],"{""1000"": 1, ""1001"": 1, ""1002"": 0, ""1003"": 0}",-1.2,True,"{""1000"": 1, ""1001"": 1, ""1002"": 0, ""1003"": 0}",-1.2,True,True
2.426574230194092,,,,,"{""1000"": 0, ""1001"": 0, ""1002"": 1, ""1003"": 1}",,-1.082520139837396,-0.7066868468916642,100,100,-1.2,True,,,0.08710778525470467,,2,4,,,8,True,0.0,SchedulingOutput,default,2421.4554720001615,qaoa_pennylane_lightning.gpu_x_mixer,"{""device"": ""lightning.gpu"", ""final_beta"": [0.6905776810403599, 0.47112782471279563], ""final_gamma"": [4.341632421738353, -2.6113851952343548], ""init_beta"": 0.5, ""init_gamma"": 0.5, ""init_strategy"": ""fixed"", ""initial_beta"": [0.5, 0.5], ""initial_gamma"": [0.5, 0.5], ""mixer_type"": ""x"", ""opt_steps"": 100, ""p_layers"": 2, ""random_seed"": null, ""selection_pool"": ""top_k_probable_states"", ""top_k"": 16}",5,5,sweep_20260626_163548_3b2fdff6,src/experiments/scenarios/research_b4_x_mixer_penalty_sweep.toml,B4X.4,X mixer penalty and depth sweep [4/9],success,,,,2,,,,,,0.175,,,,,,,,{},,,,,,,,,"{""1000"": 0, ""1001"": 0, ""1002"": 1, ""1003"": 1}",-1.2,[],"{""1000"": 1, ""1001"": 1, ""1002"": 0, ""1003"": 0}",-1.2,True,"{""1000"": 1, ""1001"": 1, ""1002"": 0, ""1003"": 0}",-1.2,True,True
2.4505319595336914,,,,,"{""1000"": 0, ""1001"": 0, ""1002"": 1, ""1003"": 1}",,-1.8119269907561453,-1.0420321830858745,100,100,-1.9,True,,,0.08940982622022631,,2,4,,,8,True,0.0,SchedulingOutput,default,2444.0187029999834,qaoa_pennylane_lightning.gpu_x_mixer,"{""device"": ""lightning.gpu"", ""final_beta"": [0.5583270521811124, 0.5957532508424133], ""final_gamma"": [3.270330548785388, -1.5320872565428054], ""init_beta"": 0.5, ""init_gamma"": 0.5, ""init_strategy"": ""fixed"", ""initial_beta"": [0.5, 0.5], ""initial_gamma"": [0.5, 0.5], ""mixer_type"": ""x"", ""opt_steps"": 100, ""p_layers"": 2, ""random_seed"": null, ""selection_pool"": ""top_k_probable_states"", ""top_k"": 16}",5,1,sweep_20260626_163548_3b2fdff6,src/experiments/scenarios/research_b4_x_mixer_penalty_sweep.toml,B4X.5,X mixer penalty and depth sweep [5/9],success,,,,2,,,,,,0.35,,,,,,,,{},,,,,,,,,"{""1000"": 0, ""1001"": 0, ""1002"": 1, ""1003"": 1}",-1.9,[],"{""1000"": 1, ""1001"": 1, ""1002"": 0, ""1003"": 0}",-1.9,True,"{""1000"": 1, ""1001"": 1, ""1002"": 0, ""1003"": 0}",-1.9,True,True
2.2972042560577393,,,,,"{""1000"": 0, ""1001"": 0, ""1002"": 1, ""1003"": 1}",,-1.8119269907561453,-1.0420321830858745,100,100,-1.9,True,,,0.08940982622022631,,2,4,,,8,True,0.0,SchedulingOutput,default,2292.43901899963,qaoa_pennylane_lightning.gpu_x_mixer,"{""device"": ""lightning.gpu"", ""final_beta"": [0.5583270521811124, 0.5957532508424133], ""final_gamma"": [3.270330548785388, -1.5320872565428054], ""init_beta"": 0.5, ""init_gamma"": 0.5, ""init_strategy"": ""fixed"", ""initial_beta"": [0.5, 0.5], ""initial_gamma"": [0.5, 0.5], ""mixer_type"": ""x"", ""opt_steps"": 100, ""p_layers"": 2, ""random_seed"": null, ""selection_pool"": ""top_k_probable_states"", ""top_k"": 16}",5,2,sweep_20260626_163548_3b2fdff6,src/experiments/scenarios/research_b4_x_mixer_penalty_sweep.toml,B4X.5,X mixer penalty and depth sweep [5/9],success,,,,2,,,,,,0.35,,,,,,,,{},,,,,,,,,"{""1000"": 0, ""1001"": 0, ""1002"": 1, ""1003"": 1}",-1.9,[],"{""1000"": 1, ""1001"": 1, ""1002"": 0, ""1003"": 0}",-1.9,True,"{""1000"": 1, ""1001"": 1, ""1002"": 0, ""1003"": 0}",-1.9,True,True
2.2751314640045166,,,,,"{""1000"": 0, ""1001"": 0, ""1002"": 1, ""1003"": 1}",,-1.8119269907561453,-1.0420321830858745,100,100,-1.9,True,,,0.08940982622022631,,2,4,,,8,True,0.0,SchedulingOutput,default,2270.3647689995705,qaoa_pennylane_lightning.gpu_x_mixer,"{""device"": ""lightning.gpu"", ""final_beta"": [0.5583270521811124, 0.5957532508424133], ""final_gamma"": [3.270330548785388, -1.5320872565428054], ""init_beta"": 0.5, ""init_gamma"": 0.5, ""init_strategy"": ""fixed"", ""initial_beta"": [0.5, 0.5], ""initial_gamma"": [0.5, 0.5], ""mixer_type"": ""x"", ""opt_steps"": 100, ""p_layers"": 2, ""random_seed"": null, ""selection_pool"": ""top_k_probable_states"", ""top_k"": 16}",5,3,sweep_20260626_163548_3b2fdff6,src/experiments/scenarios/research_b4_x_mixer_penalty_sweep.toml,B4X.5,X mixer penalty and depth sweep [5/9],success,,,,2,,,,,,0.35,,,,,,,,{},,,,,,,,,"{""1000"": 0, ""1001"": 0, ""1002"": 1, ""1003"": 1}",-1.9,[],"{""1000"": 1, ""1001"": 1, ""1002"": 0, ""1003"": 0}",-1.9,True,"{""1000"": 1, ""1001"": 1, ""1002"": 0, ""1003"": 0}",-1.9,True,True
2.208648443222046,,,,,"{""1000"": 0, ""1001"": 0, ""1002"": 1, ""1003"": 1}",,-1.8119269907561453,-1.0420321830858745,100,100,-1.9,True,,,0.08940982622022631,,2,4,,,8,True,0.0,SchedulingOutput,default,2203.9665320003223,qaoa_pennylane_lightning.gpu_x_mixer,"{""device"": ""lightning.gpu"", ""final_beta"": [0.5583270521811124, 0.5957532508424133], ""final_gamma"": [3.270330548785388, -1.5320872565428054], ""init_beta"": 0.5, ""init_gamma"": 0.5, ""init_strategy"": ""fixed"", ""initial_beta"": [0.5, 0.5], ""initial_gamma"": [0.5, 0.5], ""mixer_type"": ""x"", ""opt_steps"": 100, ""p_layers"": 2, ""random_seed"": null, ""selection_pool"": ""top_k_probable_states"", ""top_k"": 16}",5,4,sweep_20260626_163548_3b2fdff6,src/experiments/scenarios/research_b4_x_mixer_penalty_sweep.toml,B4X.5,X mixer penalty and depth sweep [5/9],success,,,,2,,,,,,0.35,,,,,,,,{},,,,,,,,,"{""1000"": 0, ""1001"": 0, ""1002"": 1, ""1003"": 1}",-1.9,[],"{""1000"": 1, ""1001"": 1, ""1002"": 0, ""1003"": 0}",-1.9,True,"{""1000"": 1, ""1001"": 1, ""1002"": 0, ""1003"": 0}",-1.9,True,True
2.2855429649353027,,,,,"{""1000"": 0, ""1001"": 0, ""1002"": 1, ""1003"": 1}",,-1.8119269907561453,-1.0420321830858745,100,100,-1.9,True,,,0.08940982622022631,,2,4,,,8,True,0.0,SchedulingOutput,default,2280.9456630002387,qaoa_pennylane_lightning.gpu_x_mixer,"{""device"": ""lightning.gpu"", ""final_beta"": [0.5583270521811124, 0.5957532508424133], ""final_gamma"": [3.270330548785388, -1.5320872565428054], ""init_beta"": 0.5, ""init_gamma"": 0.5, ""init_strategy"": ""fixed"", ""initial_beta"": [0.5, 0.5], ""initial_gamma"": [0.5, 0.5], ""mixer_type"": ""x"", ""opt_steps"": 100, ""p_layers"": 2, ""random_seed"": null, ""selection_pool"": ""top_k_probable_states"", ""top_k"": 16}",5,5,sweep_20260626_163548_3b2fdff6,src/experiments/scenarios/research_b4_x_mixer_penalty_sweep.toml,B4X.5,X mixer penalty and depth sweep [5/9],success,,,,2,,,,,,0.35,,,,,,,,{},,,,,,,,,"{""1000"": 0, ""1001"": 0, ""1002"": 1, ""1003"": 1}",-1.9,[],"{""1000"": 1, ""1001"": 1, ""1002"": 0, ""1003"": 0}",-1.9,True,"{""1000"": 1, ""1001"": 1, ""1002"": 0, ""1003"": 0}",-1.9,True,True
2.2243432998657227,,,,,"{""1000"": 1, ""1001"": 1, ""1002"": 0, ""1003"": 0}",,-3.209812628289649,-1.695588055520336,94,100,-3.3,True,,,0.0812126726496711,,2,4,,,8,True,0.0,SchedulingOutput,default,2219.814241000222,qaoa_pennylane_lightning.gpu_x_mixer,"{""device"": ""lightning.gpu"", ""final_beta"": [0.41244982303055183, 0.7612757345477672], ""final_gamma"": [2.166159775933338, -1.0201756403873852], ""init_beta"": 0.5, ""init_gamma"": 0.5, ""init_strategy"": ""fixed"", ""initial_beta"": [0.5, 0.5], ""initial_gamma"": [0.5, 0.5], ""mixer_type"": ""x"", ""opt_steps"": 100, ""p_layers"": 2, ""random_seed"": null, ""selection_pool"": ""top_k_probable_states"", ""top_k"": 16}",5,1,sweep_20260626_163548_3b2fdff6,src/experiments/scenarios/research_b4_x_mixer_penalty_sweep.toml,B4X.6,X mixer penalty and depth sweep [6/9],success,,,,2,,,,,,0.7,,,,,,,,{},,,,,,,,,"{""1000"": 1, ""1001"": 1, ""1002"": 0, ""1003"": 0}",-3.3,[],"{""1000"": 1, ""1001"": 1, ""1002"": 0, ""1003"": 0}",-3.3,True,"{""1000"": 1, ""1001"": 1, ""1002"": 0, ""1003"": 0}",-3.3,True,True
2.2760331630706787,,,,,"{""1000"": 1, ""1001"": 1, ""1002"": 0, ""1003"": 0}",,-3.209812628289649,-1.695588055520336,94,100,-3.3,True,,,0.0812126726496711,,2,4,,,8,True,0.0,SchedulingOutput,default,2271.4973330002977,qaoa_pennylane_lightning.gpu_x_mixer,"{""device"": ""lightning.gpu"", ""final_beta"": [0.41244982303055183, 0.7612757345477672], ""final_gamma"": [2.166159775933338, -1.0201756403873852], ""init_beta"": 0.5, ""init_gamma"": 0.5, ""init_strategy"": ""fixed"", ""initial_beta"": [0.5, 0.5], ""initial_gamma"": [0.5, 0.5], ""mixer_type"": ""x"", ""opt_steps"": 100, ""p_layers"": 2, ""random_seed"": null, ""selection_pool"": ""top_k_probable_states"", ""top_k"": 16}",5,2,sweep_20260626_163548_3b2fdff6,src/experiments/scenarios/research_b4_x_mixer_penalty_sweep.toml,B4X.6,X mixer penalty and depth sweep [6/9],success,,,,2,,,,,,0.7,,,,,,,,{},,,,,,,,,"{""1000"": 1, ""1001"": 1, ""1002"": 0, ""1003"": 0}",-3.3,[],"{""1000"": 1, ""1001"": 1, ""1002"": 0, ""1003"": 0}",-3.3,True,"{""1000"": 1, ""1001"": 1, ""1002"": 0, ""1003"": 0}",-3.3,True,True
2.2838943004608154,,,,,"{""1000"": 1, ""1001"": 1, ""1002"": 0, ""1003"": 0}",,-3.209812628289649,-1.695588055520336,94,100,-3.3,True,,,0.0812126726496711,,2,4,,,8,True,0.0,SchedulingOutput,default,2279.3097680000756,qaoa_pennylane_lightning.gpu_x_mixer,"{""device"": ""lightning.gpu"", ""final_beta"": [0.41244982303055183, 0.7612757345477672], ""final_gamma"": [2.166159775933338, -1.0201756403873852], ""init_beta"": 0.5, ""init_gamma"": 0.5, ""init_strategy"": ""fixed"", ""initial_beta"": [0.5, 0.5], ""initial_gamma"": [0.5, 0.5], ""mixer_type"": ""x"", ""opt_steps"": 100, ""p_layers"": 2, ""random_seed"": null, ""selection_pool"": ""top_k_probable_states"", ""top_k"": 16}",5,3,sweep_20260626_163548_3b2fdff6,src/experiments/scenarios/research_b4_x_mixer_penalty_sweep.toml,B4X.6,X mixer penalty and depth sweep [6/9],success,,,,2,,,,,,0.7,,,,,,,,{},,,,,,,,,"{""1000"": 1, ""1001"": 1, ""1002"": 0, ""1003"": 0}",-3.3,[],"{""1000"": 1, ""1001"": 1, ""1002"": 0, ""1003"": 0}",-3.3,True,"{""1000"": 1, ""1001"": 1, ""1002"": 0, ""1003"": 0}",-3.3,True,True
2.240285873413086,,,,,"{""1000"": 1, ""1001"": 1, ""1002"": 0, ""1003"": 0}",,-3.209812628289649,-1.695588055520336,94,100,-3.3,True,,,0.0812126726496711,,2,4,,,8,True,0.0,SchedulingOutput,default,2235.6582410002375,qaoa_pennylane_lightning.gpu_x_mixer,"{""device"": ""lightning.gpu"", ""final_beta"": [0.41244982303055183, 0.7612757345477672], ""final_gamma"": [2.166159775933338, -1.0201756403873852], ""init_beta"": 0.5, ""init_gamma"": 0.5, ""init_strategy"": ""fixed"", ""initial_beta"": [0.5, 0.5], ""initial_gamma"": [0.5, 0.5], ""mixer_type"": ""x"", ""opt_steps"": 100, ""p_layers"": 2, ""random_seed"": null, ""selection_pool"": ""top_k_probable_states"", ""top_k"": 16}",5,4,sweep_20260626_163548_3b2fdff6,src/experiments/scenarios/research_b4_x_mixer_penalty_sweep.toml,B4X.6,X mixer penalty and depth sweep [6/9],success,,,,2,,,,,,0.7,,,,,,,,{},,,,,,,,,"{""1000"": 1, ""1001"": 1, ""1002"": 0, ""1003"": 0}",-3.3,[],"{""1000"": 1, ""1001"": 1, ""1002"": 0, ""1003"": 0}",-3.3,True,"{""1000"": 1, ""1001"": 1, ""1002"": 0, ""1003"": 0}",-3.3,True,True
2.2241873741149902,,,,,"{""1000"": 1, ""1001"": 1, ""1002"": 0, ""1003"": 0}",,-3.209812628289649,-1.695588055520336,94,100,-3.3,True,,,0.0812126726496711,,2,4,,,8,True,0.0,SchedulingOutput,default,2219.721661999756,qaoa_pennylane_lightning.gpu_x_mixer,"{""device"": ""lightning.gpu"", ""final_beta"": [0.41244982303055183, 0.7612757345477672], ""final_gamma"": [2.166159775933338, -1.0201756403873852], ""init_beta"": 0.5, ""init_gamma"": 0.5, ""init_strategy"": ""fixed"", ""initial_beta"": [0.5, 0.5], ""initial_gamma"": [0.5, 0.5], ""mixer_type"": ""x"", ""opt_steps"": 100, ""p_layers"": 2, ""random_seed"": null, ""selection_pool"": ""top_k_probable_states"", ""top_k"": 16}",5,5,sweep_20260626_163548_3b2fdff6,src/experiments/scenarios/research_b4_x_mixer_penalty_sweep.toml,B4X.6,X mixer penalty and depth sweep [6/9],success,,,,2,,,,,,0.7,,,,,,,,{},,,,,,,,,"{""1000"": 1, ""1001"": 1, ""1002"": 0, ""1003"": 0}",-3.3,[],"{""1000"": 1, ""1001"": 1, ""1002"": 0, ""1003"": 0}",-3.3,True,"{""1000"": 1, ""1001"": 1, ""1002"": 0, ""1003"": 0}",-3.3,True,True
3.189659595489502,,,,,"{""1000"": 1, ""1001"": 1, ""1002"": 0, ""1003"": 0}",,-1.1168914309461506,-0.7201906154214227,100,100,-1.2,True,,,0.09938303189014028,,2,4,,,8,True,0.0,SchedulingOutput,default,3184.964904000026,qaoa_pennylane_lightning.gpu_x_mixer,"{""device"": ""lightning.gpu"", ""final_beta"": [-0.4408812951980707, -0.034318217727506414, 1.3113803383581248], ""final_gamma"": [3.5343205534661446, 4.026234354650118, 2.936628979677772], ""init_beta"": 0.5, ""init_gamma"": 0.5, ""init_strategy"": ""fixed"", ""initial_beta"": [0.5, 0.5, 0.5], ""initial_gamma"": [0.5, 0.5, 0.5], ""mixer_type"": ""x"", ""opt_steps"": 100, ""p_layers"": 3, ""random_seed"": null, ""selection_pool"": ""top_k_probable_states"", ""top_k"": 16}",5,1,sweep_20260626_163548_3b2fdff6,src/experiments/scenarios/research_b4_x_mixer_penalty_sweep.toml,B4X.7,X mixer penalty and depth sweep [7/9],success,,,,3,,,,,,0.175,,,,,,,,{},,,,,,,,,"{""1000"": 1, ""1001"": 1, ""1002"": 0, ""1003"": 0}",-1.2,[],"{""1000"": 1, ""1001"": 1, ""1002"": 0, ""1003"": 0}",-1.2,True,"{""1000"": 1, ""1001"": 1, ""1002"": 0, ""1003"": 0}",-1.2,True,True
3.092287063598633,,,,,"{""1000"": 1, ""1001"": 1, ""1002"": 0, ""1003"": 0}",,-1.1168914309461506,-0.7201906154214227,100,100,-1.2,True,,,0.09938303189014028,,2,4,,,8,True,0.0,SchedulingOutput,default,3087.1420779999426,qaoa_pennylane_lightning.gpu_x_mixer,"{""device"": ""lightning.gpu"", ""final_beta"": [-0.4408812951980707, -0.034318217727506414, 1.3113803383581248], ""final_gamma"": [3.5343205534661446, 4.026234354650118, 2.936628979677772], ""init_beta"": 0.5, ""init_gamma"": 0.5, ""init_strategy"": ""fixed"", ""initial_beta"": [0.5, 0.5, 0.5], ""initial_gamma"": [0.5, 0.5, 0.5], ""mixer_type"": ""x"", ""opt_steps"": 100, ""p_layers"": 3, ""random_seed"": null, ""selection_pool"": ""top_k_probable_states"", ""top_k"": 16}",5,2,sweep_20260626_163548_3b2fdff6,src/experiments/scenarios/research_b4_x_mixer_penalty_sweep.toml,B4X.7,X mixer penalty and depth sweep [7/9],success,,,,3,,,,,,0.175,,,,,,,,{},,,,,,,,,"{""1000"": 1, ""1001"": 1, ""1002"": 0, ""1003"": 0}",-1.2,[],"{""1000"": 1, ""1001"": 1, ""1002"": 0, ""1003"": 0}",-1.2,True,"{""1000"": 1, ""1001"": 1, ""1002"": 0, ""1003"": 0}",-1.2,True,True
3.2521233558654785,,,,,"{""1000"": 1, ""1001"": 1, ""1002"": 0, ""1003"": 0}",,-1.1168914309461506,-0.7201906154214227,100,100,-1.2,True,,,0.09938303189014028,,2,4,,,8,True,0.0,SchedulingOutput,default,3246.906267999748,qaoa_pennylane_lightning.gpu_x_mixer,"{""device"": ""lightning.gpu"", ""final_beta"": [-0.4408812951980707, -0.034318217727506414, 1.3113803383581248], ""final_gamma"": [3.5343205534661446, 4.026234354650118, 2.936628979677772], ""init_beta"": 0.5, ""init_gamma"": 0.5, ""init_strategy"": ""fixed"", ""initial_beta"": [0.5, 0.5, 0.5], ""initial_gamma"": [0.5, 0.5, 0.5], ""mixer_type"": ""x"", ""opt_steps"": 100, ""p_layers"": 3, ""random_seed"": null, ""selection_pool"": ""top_k_probable_states"", ""top_k"": 16}",5,3,sweep_20260626_163548_3b2fdff6,src/experiments/scenarios/research_b4_x_mixer_penalty_sweep.toml,B4X.7,X mixer penalty and depth sweep [7/9],success,,,,3,,,,,,0.175,,,,,,,,{},,,,,,,,,"{""1000"": 1, ""1001"": 1, ""1002"": 0, ""1003"": 0}",-1.2,[],"{""1000"": 1, ""1001"": 1, ""1002"": 0, ""1003"": 0}",-1.2,True,"{""1000"": 1, ""1001"": 1, ""1002"": 0, ""1003"": 0}",-1.2,True,True
3.155709743499756,,,,,"{""1000"": 1, ""1001"": 1, ""1002"": 0, ""1003"": 0}",,-1.1168914309461506,-0.7201906154214227,100,100,-1.2,True,,,0.09938303189014028,,2,4,,,8,True,0.0,SchedulingOutput,default,3150.8910570000808,qaoa_pennylane_lightning.gpu_x_mixer,"{""device"": ""lightning.gpu"", ""final_beta"": [-0.4408812951980707, -0.034318217727506414, 1.3113803383581248], ""final_gamma"": [3.5343205534661446, 4.026234354650118, 2.936628979677772], ""init_beta"": 0.5, ""init_gamma"": 0.5, ""init_strategy"": ""fixed"", ""initial_beta"": [0.5, 0.5, 0.5], ""initial_gamma"": [0.5, 0.5, 0.5], ""mixer_type"": ""x"", ""opt_steps"": 100, ""p_layers"": 3, ""random_seed"": null, ""selection_pool"": ""top_k_probable_states"", ""top_k"": 16}",5,4,sweep_20260626_163548_3b2fdff6,src/experiments/scenarios/research_b4_x_mixer_penalty_sweep.toml,B4X.7,X mixer penalty and depth sweep [7/9],success,,,,3,,,,,,0.175,,,,,,,,{},,,,,,,,,"{""1000"": 1, ""1001"": 1, ""1002"": 0, ""1003"": 0}",-1.2,[],"{""1000"": 1, ""1001"": 1, ""1002"": 0, ""1003"": 0}",-1.2,True,"{""1000"": 1, ""1001"": 1, ""1002"": 0, ""1003"": 0}",-1.2,True,True
3.113643169403076,,,,,"{""1000"": 1, ""1001"": 1, ""1002"": 0, ""1003"": 0}",,-1.1168914309461506,-0.7201906154214227,100,100,-1.2,True,,,0.09938303189014028,,2,4,,,8,True,0.0,SchedulingOutput,default,3108.986916000049,qaoa_pennylane_lightning.gpu_x_mixer,"{""device"": ""lightning.gpu"", ""final_beta"": [-0.4408812951980707, -0.034318217727506414, 1.3113803383581248], ""final_gamma"": [3.5343205534661446, 4.026234354650118, 2.936628979677772], ""init_beta"": 0.5, ""init_gamma"": 0.5, ""init_strategy"": ""fixed"", ""initial_beta"": [0.5, 0.5, 0.5], ""initial_gamma"": [0.5, 0.5, 0.5], ""mixer_type"": ""x"", ""opt_steps"": 100, ""p_layers"": 3, ""random_seed"": null, ""selection_pool"": ""top_k_probable_states"", ""top_k"": 16}",5,5,sweep_20260626_163548_3b2fdff6,src/experiments/scenarios/research_b4_x_mixer_penalty_sweep.toml,B4X.7,X mixer penalty and depth sweep [7/9],success,,,,3,,,,,,0.175,,,,,,,,{},,,,,,,,,"{""1000"": 1, ""1001"": 1, ""1002"": 0, ""1003"": 0}",-1.2,[],"{""1000"": 1, ""1001"": 1, ""1002"": 0, ""1003"": 0}",-1.2,True,"{""1000"": 1, ""1001"": 1, ""1002"": 0, ""1003"": 0}",-1.2,True,True
3.325774908065796,,,,,"{""1000"": 1, ""1001"": 1, ""1002"": 0, ""1003"": 0}",,-1.8015083710241866,-1.0784193924360967,100,100,-1.9,True,,,0.08325681768839494,,2,4,,,8,True,0.0,SchedulingOutput,default,3320.5148590000135,qaoa_pennylane_lightning.gpu_x_mixer,"{""device"": ""lightning.gpu"", ""final_beta"": [-0.44547805618820585, -0.04122694744769889, 1.360751809243826], ""final_gamma"": [2.0703666780040324, 2.891968271066743, 1.6191801390937566], ""init_beta"": 0.5, ""init_gamma"": 0.5, ""init_strategy"": ""fixed"", ""initial_beta"": [0.5, 0.5, 0.5], ""initial_gamma"": [0.5, 0.5, 0.5], ""mixer_type"": ""x"", ""opt_steps"": 100, ""p_layers"": 3, ""random_seed"": null, ""selection_pool"": ""top_k_probable_states"", ""top_k"": 16}",5,1,sweep_20260626_163548_3b2fdff6,src/experiments/scenarios/research_b4_x_mixer_penalty_sweep.toml,B4X.8,X mixer penalty and depth sweep [8/9],success,,,,3,,,,,,0.35,,,,,,,,{},,,,,,,,,"{""1000"": 1, ""1001"": 1, ""1002"": 0, ""1003"": 0}",-1.9,[],"{""1000"": 1, ""1001"": 1, ""1002"": 0, ""1003"": 0}",-1.9,True,"{""1000"": 1, ""1001"": 1, ""1002"": 0, ""1003"": 0}",-1.9,True,True
3.303989887237549,,,,,"{""1000"": 1, ""1001"": 1, ""1002"": 0, ""1003"": 0}",,-1.8015083710241866,-1.0784193924360967,100,100,-1.9,True,,,0.08325681768839494,,2,4,,,8,True,0.0,SchedulingOutput,default,3298.9752910002608,qaoa_pennylane_lightning.gpu_x_mixer,"{""device"": ""lightning.gpu"", ""final_beta"": [-0.44547805618820585, -0.04122694744769889, 1.360751809243826], ""final_gamma"": [2.0703666780040324, 2.891968271066743, 1.6191801390937566], ""init_beta"": 0.5, ""init_gamma"": 0.5, ""init_strategy"": ""fixed"", ""initial_beta"": [0.5, 0.5, 0.5], ""initial_gamma"": [0.5, 0.5, 0.5], ""mixer_type"": ""x"", ""opt_steps"": 100, ""p_layers"": 3, ""random_seed"": null, ""selection_pool"": ""top_k_probable_states"", ""top_k"": 16}",5,2,sweep_20260626_163548_3b2fdff6,src/experiments/scenarios/research_b4_x_mixer_penalty_sweep.toml,B4X.8,X mixer penalty and depth sweep [8/9],success,,,,3,,,,,,0.35,,,,,,,,{},,,,,,,,,"{""1000"": 1, ""1001"": 1, ""1002"": 0, ""1003"": 0}",-1.9,[],"{""1000"": 1, ""1001"": 1, ""1002"": 0, ""1003"": 0}",-1.9,True,"{""1000"": 1, ""1001"": 1, ""1002"": 0, ""1003"": 0}",-1.9,True,True
3.3536877632141113,,,,,"{""1000"": 1, ""1001"": 1, ""1002"": 0, ""1003"": 0}",,-1.8015083710241866,-1.0784193924360967,100,100,-1.9,True,,,0.08325681768839494,,2,4,,,8,True,0.0,SchedulingOutput,default,3348.9268779999293,qaoa_pennylane_lightning.gpu_x_mixer,"{""device"": ""lightning.gpu"", ""final_beta"": [-0.44547805618820585, -0.04122694744769889, 1.360751809243826], ""final_gamma"": [2.0703666780040324, 2.891968271066743, 1.6191801390937566], ""init_beta"": 0.5, ""init_gamma"": 0.5, ""init_strategy"": ""fixed"", ""initial_beta"": [0.5, 0.5, 0.5], ""initial_gamma"": [0.5, 0.5, 0.5], ""mixer_type"": ""x"", ""opt_steps"": 100, ""p_layers"": 3, ""random_seed"": null, ""selection_pool"": ""top_k_probable_states"", ""top_k"": 16}",5,3,sweep_20260626_163548_3b2fdff6,src/experiments/scenarios/research_b4_x_mixer_penalty_sweep.toml,B4X.8,X mixer penalty and depth sweep [8/9],success,,,,3,,,,,,0.35,,,,,,,,{},,,,,,,,,"{""1000"": 1, ""1001"": 1, ""1002"": 0, ""1003"": 0}",-1.9,[],"{""1000"": 1, ""1001"": 1, ""1002"": 0, ""1003"": 0}",-1.9,True,"{""1000"": 1, ""1001"": 1, ""1002"": 0, ""1003"": 0}",-1.9,True,True
3.250624418258667,,,,,"{""1000"": 1, ""1001"": 1, ""1002"": 0, ""1003"": 0}",,-1.8015083710241866,-1.0784193924360967,100,100,-1.9,True,,,0.08325681768839494,,2,4,,,8,True,0.0,SchedulingOutput,default,3245.9380260002035,qaoa_pennylane_lightning.gpu_x_mixer,"{""device"": ""lightning.gpu"", ""final_beta"": [-0.44547805618820585, -0.04122694744769889, 1.360751809243826], ""final_gamma"": [2.0703666780040324, 2.891968271066743, 1.6191801390937566], ""init_beta"": 0.5, ""init_gamma"": 0.5, ""init_strategy"": ""fixed"", ""initial_beta"": [0.5, 0.5, 0.5], ""initial_gamma"": [0.5, 0.5, 0.5], ""mixer_type"": ""x"", ""opt_steps"": 100, ""p_layers"": 3, ""random_seed"": null, ""selection_pool"": ""top_k_probable_states"", ""top_k"": 16}",5,4,sweep_20260626_163548_3b2fdff6,src/experiments/scenarios/research_b4_x_mixer_penalty_sweep.toml,B4X.8,X mixer penalty and depth sweep [8/9],success,,,,3,,,,,,0.35,,,,,,,,{},,,,,,,,,"{""1000"": 1, ""1001"": 1, ""1002"": 0, ""1003"": 0}",-1.9,[],"{""1000"": 1, ""1001"": 1, ""1002"": 0, ""1003"": 0}",-1.9,True,"{""1000"": 1, ""1001"": 1, ""1002"": 0, ""1003"": 0}",-1.9,True,True
3.2019474506378174,,,,,"{""1000"": 1, ""1001"": 1, ""1002"": 0, ""1003"": 0}",,-1.8015083710241866,-1.0784193924360967,100,100,-1.9,True,,,0.08325681768839494,,2,4,,,8,True,0.0,SchedulingOutput,default,3197.2085120000884,qaoa_pennylane_lightning.gpu_x_mixer,"{""device"": ""lightning.gpu"", ""final_beta"": [-0.44547805618820585, -0.04122694744769889, 1.360751809243826], ""final_gamma"": [2.0703666780040324, 2.891968271066743, 1.6191801390937566], ""init_beta"": 0.5, ""init_gamma"": 0.5, ""init_strategy"": ""fixed"", ""initial_beta"": [0.5, 0.5, 0.5], ""initial_gamma"": [0.5, 0.5, 0.5], ""mixer_type"": ""x"", ""opt_steps"": 100, ""p_layers"": 3, ""random_seed"": null, ""selection_pool"": ""top_k_probable_states"", ""top_k"": 16}",5,5,sweep_20260626_163548_3b2fdff6,src/experiments/scenarios/research_b4_x_mixer_penalty_sweep.toml,B4X.8,X mixer penalty and depth sweep [8/9],success,,,,3,,,,,,0.35,,,,,,,,{},,,,,,,,,"{""1000"": 1, ""1001"": 1, ""1002"": 0, ""1003"": 0}",-1.9,[],"{""1000"": 1, ""1001"": 1, ""1002"": 0, ""1003"": 0}",-1.9,True,"{""1000"": 1, ""1001"": 1, ""1002"": 0, ""1003"": 0}",-1.9,True,True
3.2889397144317627,,,,,"{""1000"": 0, ""1001"": 0, ""1002"": 1, ""1003"": 1}",,-3.184241345861012,-1.8040741884029392,100,100,-3.3,True,,,0.07679701382788673,,2,4,,,8,True,0.0,SchedulingOutput,default,3284.0486740001325,qaoa_pennylane_lightning.gpu_x_mixer,"{""device"": ""lightning.gpu"", ""final_beta"": [-0.2995655353093941, 0.3690864700097154, 1.0036881684186738], ""final_gamma"": [1.2195352061053886, 1.8652950319388433, -0.26725460638292386], ""init_beta"": 0.5, ""init_gamma"": 0.5, ""init_strategy"": ""fixed"", ""initial_beta"": [0.5, 0.5, 0.5], ""initial_gamma"": [0.5, 0.5, 0.5], ""mixer_type"": ""x"", ""opt_steps"": 100, ""p_layers"": 3, ""random_seed"": null, ""selection_pool"": ""top_k_probable_states"", ""top_k"": 16}",5,1,sweep_20260626_163548_3b2fdff6,src/experiments/scenarios/research_b4_x_mixer_penalty_sweep.toml,B4X.9,X mixer penalty and depth sweep [9/9],success,,,,3,,,,,,0.7,,,,,,,,{},,,,,,,,,"{""1000"": 0, ""1001"": 0, ""1002"": 1, ""1003"": 1}",-3.3,[],"{""1000"": 1, ""1001"": 1, ""1002"": 0, ""1003"": 0}",-3.3,True,"{""1000"": 1, ""1001"": 1, ""1002"": 0, ""1003"": 0}",-3.3,True,True
3.153200149536133,,,,,"{""1000"": 0, ""1001"": 0, ""1002"": 1, ""1003"": 1}",,-3.184241345861012,-1.8040741884029392,100,100,-3.3,True,,,0.07679701382788673,,2,4,,,8,True,0.0,SchedulingOutput,default,3147.5202159999753,qaoa_pennylane_lightning.gpu_x_mixer,"{""device"": ""lightning.gpu"", ""final_beta"": [-0.2995655353093941, 0.3690864700097154, 1.0036881684186738], ""final_gamma"": [1.2195352061053886, 1.8652950319388433, -0.26725460638292386], ""init_beta"": 0.5, ""init_gamma"": 0.5, ""init_strategy"": ""fixed"", ""initial_beta"": [0.5, 0.5, 0.5], ""initial_gamma"": [0.5, 0.5, 0.5], ""mixer_type"": ""x"", ""opt_steps"": 100, ""p_layers"": 3, ""random_seed"": null, ""selection_pool"": ""top_k_probable_states"", ""top_k"": 16}",5,2,sweep_20260626_163548_3b2fdff6,src/experiments/scenarios/research_b4_x_mixer_penalty_sweep.toml,B4X.9,X mixer penalty and depth sweep [9/9],success,,,,3,,,,,,0.7,,,,,,,,{},,,,,,,,,"{""1000"": 0, ""1001"": 0, ""1002"": 1, ""1003"": 1}",-3.3,[],"{""1000"": 1, ""1001"": 1, ""1002"": 0, ""1003"": 0}",-3.3,True,"{""1000"": 1, ""1001"": 1, ""1002"": 0, ""1003"": 0}",-3.3,True,True
3.1563925743103027,,,,,"{""1000"": 0, ""1001"": 0, ""1002"": 1, ""1003"": 1}",,-3.184241345861012,-1.8040741884029392,100,100,-3.3,True,,,0.07679701382788673,,2,4,,,8,True,0.0,SchedulingOutput,default,3151.7900499998177,qaoa_pennylane_lightning.gpu_x_mixer,"{""device"": ""lightning.gpu"", ""final_beta"": [-0.2995655353093941, 0.3690864700097154, 1.0036881684186738], ""final_gamma"": [1.2195352061053886, 1.8652950319388433, -0.26725460638292386], ""init_beta"": 0.5, ""init_gamma"": 0.5, ""init_strategy"": ""fixed"", ""initial_beta"": [0.5, 0.5, 0.5], ""initial_gamma"": [0.5, 0.5, 0.5], ""mixer_type"": ""x"", ""opt_steps"": 100, ""p_layers"": 3, ""random_seed"": null, ""selection_pool"": ""top_k_probable_states"", ""top_k"": 16}",5,3,sweep_20260626_163548_3b2fdff6,src/experiments/scenarios/research_b4_x_mixer_penalty_sweep.toml,B4X.9,X mixer penalty and depth sweep [9/9],success,,,,3,,,,,,0.7,,,,,,,,{},,,,,,,,,"{""1000"": 0, ""1001"": 0, ""1002"": 1, ""1003"": 1}",-3.3,[],"{""1000"": 1, ""1001"": 1, ""1002"": 0, ""1003"": 0}",-3.3,True,"{""1000"": 1, ""1001"": 1, ""1002"": 0, ""1003"": 0}",-3.3,True,True
3.1134109497070312,,,,,"{""1000"": 0, ""1001"": 0, ""1002"": 1, ""1003"": 1}",,-3.184241345861012,-1.8040741884029392,100,100,-3.3,True,,,0.07679701382788673,,2,4,,,8,True,0.0,SchedulingOutput,default,3108.663075000095,qaoa_pennylane_lightning.gpu_x_mixer,"{""device"": ""lightning.gpu"", ""final_beta"": [-0.2995655353093941, 0.3690864700097154, 1.0036881684186738], ""final_gamma"": [1.2195352061053886, 1.8652950319388433, -0.26725460638292386], ""init_beta"": 0.5, ""init_gamma"": 0.5, ""init_strategy"": ""fixed"", ""initial_beta"": [0.5, 0.5, 0.5], ""initial_gamma"": [0.5, 0.5, 0.5], ""mixer_type"": ""x"", ""opt_steps"": 100, ""p_layers"": 3, ""random_seed"": null, ""selection_pool"": ""top_k_probable_states"", ""top_k"": 16}",5,4,sweep_20260626_163548_3b2fdff6,src/experiments/scenarios/research_b4_x_mixer_penalty_sweep.toml,B4X.9,X mixer penalty and depth sweep [9/9],success,,,,3,,,,,,0.7,,,,,,,,{},,,,,,,,,"{""1000"": 0, ""1001"": 0, ""1002"": 1, ""1003"": 1}",-3.3,[],"{""1000"": 1, ""1001"": 1, ""1002"": 0, ""1003"": 0}",-3.3,True,"{""1000"": 1, ""1001"": 1, ""1002"": 0, ""1003"": 0}",-3.3,True,True
3.087667465209961,,,,,"{""1000"": 0, ""1001"": 0, ""1002"": 1, ""1003"": 1}",,-3.184241345861012,-1.8040741884029392,100,100,-3.3,True,,,0.07679701382788673,,2,4,,,8,True,0.0,SchedulingOutput,default,3082.7748530000463,qaoa_pennylane_lightning.gpu_x_mixer,"{""device"": ""lightning.gpu"", ""final_beta"": [-0.2995655353093941, 0.3690864700097154, 1.0036881684186738], ""final_gamma"": [1.2195352061053886, 1.8652950319388433, -0.26725460638292386], ""init_beta"": 0.5, ""init_gamma"": 0.5, ""init_strategy"": ""fixed"", ""initial_beta"": [0.5, 0.5, 0.5], ""initial_gamma"": [0.5, 0.5, 0.5], ""mixer_type"": ""x"", ""opt_steps"": 100, ""p_layers"": 3, ""random_seed"": null, ""selection_pool"": ""top_k_probable_states"", ""top_k"": 16}",5,5,sweep_20260626_163548_3b2fdff6,src/experiments/scenarios/research_b4_x_mixer_penalty_sweep.toml,B4X.9,X mixer penalty and depth sweep [9/9],success,,,,3,,,,,,0.7,,,,,,,,{},,,,,,,,,"{""1000"": 0, ""1001"": 0, ""1002"": 1, ""1003"": 1}",-3.3,[],"{""1000"": 1, ""1001"": 1, ""1002"": 0, ""1003"": 0}",-3.3,True,"{""1000"": 1, ""1001"": 1, ""1002"": 0, ""1003"": 0}",-3.3,True,True
1.2227590084075928,,,,,"{""1000"": 1, ""1001"": 1, ""1002"": 0, ""1003"": 0}",,-1.7649998658847694,-1.7017899608076106,10,100,-1.9,True,,,0.06264936633830091,,2,4,,,8,True,0.0,SchedulingOutput,default,1217.6186430001508,qaoa_pennylane_lightning.gpu_xy_mixer,"{""device"": ""lightning.gpu"", ""final_beta"": [0.39284831437037837], ""final_gamma"": [0.5000000009589578], ""init_beta"": 0.5, ""init_gamma"": 0.5, ""init_strategy"": ""fixed"", ""initial_beta"": [0.5], ""initial_gamma"": [0.5], ""mixer_type"": ""xy"", ""opt_steps"": 100, ""p_layers"": 1, ""random_seed"": null, ""selection_pool"": ""top_k_probable_states"", ""top_k"": 16}",5,1,sweep_20260626_163548_3b2fdff6,src/experiments/scenarios/research_b4_xy_mixer_depth_sweep.toml,B4XY.1,XY mixer depth baseline [1/3],success,,,,1,,,,,,,,,,,,,,{},,,,,,,,,"{""1000"": 1, ""1001"": 1, ""1002"": 0, ""1003"": 0}",-1.9,[],"{""1000"": 1, ""1001"": 1, ""1002"": 0, ""1003"": 0}",-1.9,True,"{""1000"": 1, ""1001"": 1, ""1002"": 0, ""1003"": 0}",-1.9,True,True
1.2954473495483398,,,,,"{""1000"": 1, ""1001"": 1, ""1002"": 0, ""1003"": 0}",,-1.7649998658847694,-1.7017899608076106,10,100,-1.9,True,,,0.06264936633830091,,2,4,,,8,True,0.0,SchedulingOutput,default,1290.5447519997324,qaoa_pennylane_lightning.gpu_xy_mixer,"{""device"": ""lightning.gpu"", ""final_beta"": [0.39284831437037837], ""final_gamma"": [0.5000000009589578], ""init_beta"": 0.5, ""init_gamma"": 0.5, ""init_strategy"": ""fixed"", ""initial_beta"": [0.5], ""initial_gamma"": [0.5], ""mixer_type"": ""xy"", ""opt_steps"": 100, ""p_layers"": 1, ""random_seed"": null, ""selection_pool"": ""top_k_probable_states"", ""top_k"": 16}",5,2,sweep_20260626_163548_3b2fdff6,src/experiments/scenarios/research_b4_xy_mixer_depth_sweep.toml,B4XY.1,XY mixer depth baseline [1/3],success,,,,1,,,,,,,,,,,,,,{},,,,,,,,,"{""1000"": 1, ""1001"": 1, ""1002"": 0, ""1003"": 0}",-1.9,[],"{""1000"": 1, ""1001"": 1, ""1002"": 0, ""1003"": 0}",-1.9,True,"{""1000"": 1, ""1001"": 1, ""1002"": 0, ""1003"": 0}",-1.9,True,True
1.204413890838623,,,,,"{""1000"": 1, ""1001"": 1, ""1002"": 0, ""1003"": 0}",,-1.7649998658847694,-1.7017899608076106,10,100,-1.9,True,,,0.06264936633830091,,2,4,,,8,True,0.0,SchedulingOutput,default,1199.9118779999662,qaoa_pennylane_lightning.gpu_xy_mixer,"{""device"": ""lightning.gpu"", ""final_beta"": [0.39284831437037837], ""final_gamma"": [0.5000000009589578], ""init_beta"": 0.5, ""init_gamma"": 0.5, ""init_strategy"": ""fixed"", ""initial_beta"": [0.5], ""initial_gamma"": [0.5], ""mixer_type"": ""xy"", ""opt_steps"": 100, ""p_layers"": 1, ""random_seed"": null, ""selection_pool"": ""top_k_probable_states"", ""top_k"": 16}",5,3,sweep_20260626_163548_3b2fdff6,src/experiments/scenarios/research_b4_xy_mixer_depth_sweep.toml,B4XY.1,XY mixer depth baseline [1/3],success,,,,1,,,,,,,,,,,,,,{},,,,,,,,,"{""1000"": 1, ""1001"": 1, ""1002"": 0, ""1003"": 0}",-1.9,[],"{""1000"": 1, ""1001"": 1, ""1002"": 0, ""1003"": 0}",-1.9,True,"{""1000"": 1, ""1001"": 1, ""1002"": 0, ""1003"": 0}",-1.9,True,True
1.1747207641601562,,,,,"{""1000"": 1, ""1001"": 1, ""1002"": 0, ""1003"": 0}",,-1.7649998658847694,-1.7017899608076106,10,100,-1.9,True,,,0.06264936633830091,,2,4,,,8,True,0.0,SchedulingOutput,default,1170.260393999797,qaoa_pennylane_lightning.gpu_xy_mixer,"{""device"": ""lightning.gpu"", ""final_beta"": [0.39284831437037837], ""final_gamma"": [0.5000000009589578], ""init_beta"": 0.5, ""init_gamma"": 0.5, ""init_strategy"": ""fixed"", ""initial_beta"": [0.5], ""initial_gamma"": [0.5], ""mixer_type"": ""xy"", ""opt_steps"": 100, ""p_layers"": 1, ""random_seed"": null, ""selection_pool"": ""top_k_probable_states"", ""top_k"": 16}",5,4,sweep_20260626_163548_3b2fdff6,src/experiments/scenarios/research_b4_xy_mixer_depth_sweep.toml,B4XY.1,XY mixer depth baseline [1/3],success,,,,1,,,,,,,,,,,,,,{},,,,,,,,,"{""1000"": 1, ""1001"": 1, ""1002"": 0, ""1003"": 0}",-1.9,[],"{""1000"": 1, ""1001"": 1, ""1002"": 0, ""1003"": 0}",-1.9,True,"{""1000"": 1, ""1001"": 1, ""1002"": 0, ""1003"": 0}",-1.9,True,True
1.2710132598876953,,,,,"{""1000"": 1, ""1001"": 1, ""1002"": 0, ""1003"": 0}",,-1.7649998658847694,-1.7017899608076106,10,100,-1.9,True,,,0.06264936633830091,,2,4,,,8,True,0.0,SchedulingOutput,default,1266.5041649997875,qaoa_pennylane_lightning.gpu_xy_mixer,"{""device"": ""lightning.gpu"", ""final_beta"": [0.39284831437037837], ""final_gamma"": [0.5000000009589578], ""init_beta"": 0.5, ""init_gamma"": 0.5, ""init_strategy"": ""fixed"", ""initial_beta"": [0.5], ""initial_gamma"": [0.5], ""mixer_type"": ""xy"", ""opt_steps"": 100, ""p_layers"": 1, ""random_seed"": null, ""selection_pool"": ""top_k_probable_states"", ""top_k"": 16}",5,5,sweep_20260626_163548_3b2fdff6,src/experiments/scenarios/research_b4_xy_mixer_depth_sweep.toml,B4XY.1,XY mixer depth baseline [1/3],success,,,,1,,,,,,,,,,,,,,{},,,,,,,,,"{""1000"": 1, ""1001"": 1, ""1002"": 0, ""1003"": 0}",-1.9,[],"{""1000"": 1, ""1001"": 1, ""1002"": 0, ""1003"": 0}",-1.9,True,"{""1000"": 1, ""1001"": 1, ""1002"": 0, ""1003"": 0}",-1.9,True,True
1.7712316513061523,,,,,"{""1000"": 0, ""1001"": 0, ""1002"": 1, ""1003"": 1}",,-1.7649962085132604,-1.6097986266192508,15,100,-1.9,True,,,0.06299326136562541,,2,4,,,8,True,0.0,SchedulingOutput,default,1766.6639419999228,qaoa_pennylane_lightning.gpu_xy_mixer,"{""device"": ""lightning.gpu"", ""final_beta"": [0.588970293770929, 0.5886351296665074], ""final_gamma"": [0.4999999949536758, -0.0029085832839578656], ""init_beta"": 0.5, ""init_gamma"": 0.5, ""init_strategy"": ""fixed"", ""initial_beta"": [0.5, 0.5], ""initial_gamma"": [0.5, 0.5], ""mixer_type"": ""xy"", ""opt_steps"": 100, ""p_layers"": 2, ""random_seed"": null, ""selection_pool"": ""top_k_probable_states"", ""top_k"": 16}",5,1,sweep_20260626_163548_3b2fdff6,src/experiments/scenarios/research_b4_xy_mixer_depth_sweep.toml,B4XY.2,XY mixer depth baseline [2/3],success,,,,2,,,,,,,,,,,,,,{},,,,,,,,,"{""1000"": 0, ""1001"": 0, ""1002"": 1, ""1003"": 1}",-1.9,[],"{""1000"": 1, ""1001"": 1, ""1002"": 0, ""1003"": 0}",-1.9,True,"{""1000"": 1, ""1001"": 1, ""1002"": 0, ""1003"": 0}",-1.9,True,True
1.780362844467163,,,,,"{""1000"": 0, ""1001"": 0, ""1002"": 1, ""1003"": 1}",,-1.7649962085132604,-1.6097986266192508,15,100,-1.9,True,,,0.06299326136562541,,2,4,,,8,True,0.0,SchedulingOutput,default,1775.4605989998709,qaoa_pennylane_lightning.gpu_xy_mixer,"{""device"": ""lightning.gpu"", ""final_beta"": [0.588970293770929, 0.5886351296665074], ""final_gamma"": [0.4999999949536758, -0.0029085832839578656], ""init_beta"": 0.5, ""init_gamma"": 0.5, ""init_strategy"": ""fixed"", ""initial_beta"": [0.5, 0.5], ""initial_gamma"": [0.5, 0.5], ""mixer_type"": ""xy"", ""opt_steps"": 100, ""p_layers"": 2, ""random_seed"": null, ""selection_pool"": ""top_k_probable_states"", ""top_k"": 16}",5,2,sweep_20260626_163548_3b2fdff6,src/experiments/scenarios/research_b4_xy_mixer_depth_sweep.toml,B4XY.2,XY mixer depth baseline [2/3],success,,,,2,,,,,,,,,,,,,,{},,,,,,,,,"{""1000"": 0, ""1001"": 0, ""1002"": 1, ""1003"": 1}",-1.9,[],"{""1000"": 1, ""1001"": 1, ""1002"": 0, ""1003"": 0}",-1.9,True,"{""1000"": 1, ""1001"": 1, ""1002"": 0, ""1003"": 0}",-1.9,True,True
1.8175508975982666,,,,,"{""1000"": 0, ""1001"": 0, ""1002"": 1, ""1003"": 1}",,-1.7649962085132604,-1.6097986266192508,15,100,-1.9,True,,,0.06299326136562541,,2,4,,,8,True,0.0,SchedulingOutput,default,1812.867076999737,qaoa_pennylane_lightning.gpu_xy_mixer,"{""device"": ""lightning.gpu"", ""final_beta"": [0.588970293770929, 0.5886351296665074], ""final_gamma"": [0.4999999949536758, -0.0029085832839578656], ""init_beta"": 0.5, ""init_gamma"": 0.5, ""init_strategy"": ""fixed"", ""initial_beta"": [0.5, 0.5], ""initial_gamma"": [0.5, 0.5], ""mixer_type"": ""xy"", ""opt_steps"": 100, ""p_layers"": 2, ""random_seed"": null, ""selection_pool"": ""top_k_probable_states"", ""top_k"": 16}",5,3,sweep_20260626_163548_3b2fdff6,src/experiments/scenarios/research_b4_xy_mixer_depth_sweep.toml,B4XY.2,XY mixer depth baseline [2/3],success,,,,2,,,,,,,,,,,,,,{},,,,,,,,,"{""1000"": 0, ""1001"": 0, ""1002"": 1, ""1003"": 1}",-1.9,[],"{""1000"": 1, ""1001"": 1, ""1002"": 0, ""1003"": 0}",-1.9,True,"{""1000"": 1, ""1001"": 1, ""1002"": 0, ""1003"": 0}",-1.9,True,True
1.7858197689056396,,,,,"{""1000"": 0, ""1001"": 0, ""1002"": 1, ""1003"": 1}",,-1.7649962085132604,-1.6097986266192508,15,100,-1.9,True,,,0.06299326136562541,,2,4,,,8,True,0.0,SchedulingOutput,default,1781.3010179997946,qaoa_pennylane_lightning.gpu_xy_mixer,"{""device"": ""lightning.gpu"", ""final_beta"": [0.588970293770929, 0.5886351296665074], ""final_gamma"": [0.4999999949536758, -0.0029085832839578656], ""init_beta"": 0.5, ""init_gamma"": 0.5, ""init_strategy"": ""fixed"", ""initial_beta"": [0.5, 0.5], ""initial_gamma"": [0.5, 0.5], ""mixer_type"": ""xy"", ""opt_steps"": 100, ""p_layers"": 2, ""random_seed"": null, ""selection_pool"": ""top_k_probable_states"", ""top_k"": 16}",5,4,sweep_20260626_163548_3b2fdff6,src/experiments/scenarios/research_b4_xy_mixer_depth_sweep.toml,B4XY.2,XY mixer depth baseline [2/3],success,,,,2,,,,,,,,,,,,,,{},,,,,,,,,"{""1000"": 0, ""1001"": 0, ""1002"": 1, ""1003"": 1}",-1.9,[],"{""1000"": 1, ""1001"": 1, ""1002"": 0, ""1003"": 0}",-1.9,True,"{""1000"": 1, ""1001"": 1, ""1002"": 0, ""1003"": 0}",-1.9,True,True
1.863182544708252,,,,,"{""1000"": 0, ""1001"": 0, ""1002"": 1, ""1003"": 1}",,-1.7649962085132604,-1.6097986266192508,15,100,-1.9,True,,,0.06299326136562541,,2,4,,,8,True,0.0,SchedulingOutput,default,1857.2831360002056,qaoa_pennylane_lightning.gpu_xy_mixer,"{""device"": ""lightning.gpu"", ""final_beta"": [0.588970293770929, 0.5886351296665074], ""final_gamma"": [0.4999999949536758, -0.0029085832839578656], ""init_beta"": 0.5, ""init_gamma"": 0.5, ""init_strategy"": ""fixed"", ""initial_beta"": [0.5, 0.5], ""initial_gamma"": [0.5, 0.5], ""mixer_type"": ""xy"", ""opt_steps"": 100, ""p_layers"": 2, ""random_seed"": null, ""selection_pool"": ""top_k_probable_states"", ""top_k"": 16}",5,5,sweep_20260626_163548_3b2fdff6,src/experiments/scenarios/research_b4_xy_mixer_depth_sweep.toml,B4XY.2,XY mixer depth baseline [2/3],success,,,,2,,,,,,,,,,,,,,{},,,,,,,,,"{""1000"": 0, ""1001"": 0, ""1002"": 1, ""1003"": 1}",-1.9,[],"{""1000"": 1, ""1001"": 1, ""1002"": 0, ""1003"": 0}",-1.9,True,"{""1000"": 1, ""1001"": 1, ""1002"": 0, ""1003"": 0}",-1.9,True,True
2.4539434909820557,,,,,"{""1000"": 0, ""1001"": 0, ""1002"": 1, ""1003"": 1}",,-1.8378624447145169,-1.4337473567825927,73,100,-1.9,True,,,0.09174186078484849,,2,4,,,8,True,0.0,SchedulingOutput,default,2449.3582200002493,qaoa_pennylane_lightning.gpu_xy_mixer,"{""device"": ""lightning.gpu"", ""final_beta"": [0.392858811736478, 0.3927926067524473, 0.3926846136095957], ""final_gamma"": [0.49999999895173486, -2.7330180314700874, 2.5639699794963753], ""init_beta"": 0.5, ""init_gamma"": 0.5, ""init_strategy"": ""fixed"", ""initial_beta"": [0.5, 0.5, 0.5], ""initial_gamma"": [0.5, 0.5, 0.5], ""mixer_type"": ""xy"", ""opt_steps"": 100, ""p_layers"": 3, ""random_seed"": null, ""selection_pool"": ""top_k_probable_states"", ""top_k"": 16}",5,1,sweep_20260626_163548_3b2fdff6,src/experiments/scenarios/research_b4_xy_mixer_depth_sweep.toml,B4XY.3,XY mixer depth baseline [3/3],success,,,,3,,,,,,,,,,,,,,{},,,,,,,,,"{""1000"": 0, ""1001"": 0, ""1002"": 1, ""1003"": 1}",-1.9,[],"{""1000"": 1, ""1001"": 1, ""1002"": 0, ""1003"": 0}",-1.9,True,"{""1000"": 1, ""1001"": 1, ""1002"": 0, ""1003"": 0}",-1.9,True,True
2.4257047176361084,,,,,"{""1000"": 0, ""1001"": 0, ""1002"": 1, ""1003"": 1}",,-1.8378624447145169,-1.4337473567825927,73,100,-1.9,True,,,0.09174186078484849,,2,4,,,8,True,0.0,SchedulingOutput,default,2420.6657200002155,qaoa_pennylane_lightning.gpu_xy_mixer,"{""device"": ""lightning.gpu"", ""final_beta"": [0.392858811736478, 0.3927926067524473, 0.3926846136095957], ""final_gamma"": [0.49999999895173486, -2.7330180314700874, 2.5639699794963753], ""init_beta"": 0.5, ""init_gamma"": 0.5, ""init_strategy"": ""fixed"", ""initial_beta"": [0.5, 0.5, 0.5], ""initial_gamma"": [0.5, 0.5, 0.5], ""mixer_type"": ""xy"", ""opt_steps"": 100, ""p_layers"": 3, ""random_seed"": null, ""selection_pool"": ""top_k_probable_states"", ""top_k"": 16}",5,2,sweep_20260626_163548_3b2fdff6,src/experiments/scenarios/research_b4_xy_mixer_depth_sweep.toml,B4XY.3,XY mixer depth baseline [3/3],success,,,,3,,,,,,,,,,,,,,{},,,,,,,,,"{""1000"": 0, ""1001"": 0, ""1002"": 1, ""1003"": 1}",-1.9,[],"{""1000"": 1, ""1001"": 1, ""1002"": 0, ""1003"": 0}",-1.9,True,"{""1000"": 1, ""1001"": 1, ""1002"": 0, ""1003"": 0}",-1.9,True,True
2.426644802093506,,,,,"{""1000"": 0, ""1001"": 0, ""1002"": 1, ""1003"": 1}",,-1.8378624447145169,-1.4337473567825927,73,100,-1.9,True,,,0.09174186078484849,,2,4,,,8,True,0.0,SchedulingOutput,default,2421.95587399965,qaoa_pennylane_lightning.gpu_xy_mixer,"{""device"": ""lightning.gpu"", ""final_beta"": [0.392858811736478, 0.3927926067524473, 0.3926846136095957], ""final_gamma"": [0.49999999895173486, -2.7330180314700874, 2.5639699794963753], ""init_beta"": 0.5, ""init_gamma"": 0.5, ""init_strategy"": ""fixed"", ""initial_beta"": [0.5, 0.5, 0.5], ""initial_gamma"": [0.5, 0.5, 0.5], ""mixer_type"": ""xy"", ""opt_steps"": 100, ""p_layers"": 3, ""random_seed"": null, ""selection_pool"": ""top_k_probable_states"", ""top_k"": 16}",5,3,sweep_20260626_163548_3b2fdff6,src/experiments/scenarios/research_b4_xy_mixer_depth_sweep.toml,B4XY.3,XY mixer depth baseline [3/3],success,,,,3,,,,,,,,,,,,,,{},,,,,,,,,"{""1000"": 0, ""1001"": 0, ""1002"": 1, ""1003"": 1}",-1.9,[],"{""1000"": 1, ""1001"": 1, ""1002"": 0, ""1003"": 0}",-1.9,True,"{""1000"": 1, ""1001"": 1, ""1002"": 0, ""1003"": 0}",-1.9,True,True
2.498800039291382,,,,,"{""1000"": 0, ""1001"": 0, ""1002"": 1, ""1003"": 1}",,-1.8378624447145169,-1.4337473567825927,73,100,-1.9,True,,,0.09174186078484849,,2,4,,,8,True,0.0,SchedulingOutput,default,2494.0328200000295,qaoa_pennylane_lightning.gpu_xy_mixer,"{""device"": ""lightning.gpu"", ""final_beta"": [0.392858811736478, 0.3927926067524473, 0.3926846136095957], ""final_gamma"": [0.49999999895173486, -2.7330180314700874, 2.5639699794963753], ""init_beta"": 0.5, ""init_gamma"": 0.5, ""init_strategy"": ""fixed"", ""initial_beta"": [0.5, 0.5, 0.5], ""initial_gamma"": [0.5, 0.5, 0.5], ""mixer_type"": ""xy"", ""opt_steps"": 100, ""p_layers"": 3, ""random_seed"": null, ""selection_pool"": ""top_k_probable_states"", ""top_k"": 16}",5,4,sweep_20260626_163548_3b2fdff6,src/experiments/scenarios/research_b4_xy_mixer_depth_sweep.toml,B4XY.3,XY mixer depth baseline [3/3],success,,,,3,,,,,,,,,,,,,,{},,,,,,,,,"{""1000"": 0, ""1001"": 0, ""1002"": 1, ""1003"": 1}",-1.9,[],"{""1000"": 1, ""1001"": 1, ""1002"": 0, ""1003"": 0}",-1.9,True,"{""1000"": 1, ""1001"": 1, ""1002"": 0, ""1003"": 0}",-1.9,True,True
2.481323003768921,,,,,"{""1000"": 0, ""1001"": 0, ""1002"": 1, ""1003"": 1}",,-1.8378624447145169,-1.4337473567825927,73,100,-1.9,True,,,0.09174186078484849,,2,4,,,8,True,0.0,SchedulingOutput,default,2476.5784450000865,qaoa_pennylane_lightning.gpu_xy_mixer,"{""device"": ""lightning.gpu"", ""final_beta"": [0.392858811736478, 0.3927926067524473, 0.3926846136095957], ""final_gamma"": [0.49999999895173486, -2.7330180314700874, 2.5639699794963753], ""init_beta"": 0.5, ""init_gamma"": 0.5, ""init_strategy"": ""fixed"", ""initial_beta"": [0.5, 0.5, 0.5], ""initial_gamma"": [0.5, 0.5, 0.5], ""mixer_type"": ""xy"", ""opt_steps"": 100, ""p_layers"": 3, ""random_seed"": null, ""selection_pool"": ""top_k_probable_states"", ""top_k"": 16}",5,5,sweep_20260626_163548_3b2fdff6,src/experiments/scenarios/research_b4_xy_mixer_depth_sweep.toml,B4XY.3,XY mixer depth baseline [3/3],success,,,,3,,,,,,,,,,,,,,{},,,,,,,,,"{""1000"": 0, ""1001"": 0, ""1002"": 1, ""1003"": 1}",-1.9,[],"{""1000"": 1, ""1001"": 1, ""1002"": 0, ""1003"": 0}",-1.9,True,"{""1000"": 1, ""1001"": 1, ""1002"": 0, ""1003"": 0}",-1.9,True,True
2.2407686710357666,,,,,"{""1000"": 1, ""1001"": 0, ""1002"": 0, ""1003"": 1}",,-1.5347106201571312,-0.9174815765177198,100,100,-1.6198000000000001,True,,,0.09104417314795597,,2,4,,,8,True,0.0,SchedulingOutput,default,2235.736081000141,qaoa_pennylane_lightning.gpu_x_mixer,"{""device"": ""lightning.gpu"", ""final_beta"": [0.5876031000103745, 0.5669990483863254], ""final_gamma"": [3.763043251260992, -1.832635554985074], ""init_beta"": 0.5, ""init_gamma"": 0.5, ""init_strategy"": ""fixed"", ""initial_beta"": [0.5, 0.5], ""initial_gamma"": [0.5, 0.5], ""mixer_type"": ""x"", ""opt_steps"": 100, ""p_layers"": 2, ""random_seed"": null, ""selection_pool"": ""top_k_probable_states"", ""top_k"": 16}",1,1,sweep_20260626_163548_3b2fdff6,src/experiments/scenarios/research_c2_penalty_distribution_cases.toml,C2.1,Penalty robustness across weight distributions [1/40],success,u01_psafe,,,,,uniform,u01,1.0,,,,0.28,,,,,"[0.21, 0.27, 0.24, 0.28]",{},,,,,,,,,"{""1000"": 1, ""1001"": 0, ""1002"": 0, ""1003"": 1}",-1.6198000000000001,[],"{""1000"": 1, ""1001"": 0, ""1002"": 0, ""1003"": 1}",-1.6198000000000001,True,"{""1000"": 1, ""1001"": 0, ""1002"": 0, ""1003"": 1}",-1.6198000000000001,True,True
2.335435152053833,,,,,"{""1000"": 1, ""1001"": 0, ""1002"": 0, ""1003"": 1}",,-2.6573537595367185,-1.444253033962581,99,100,-2.7398000000000007,True,,,0.08227358468033577,,2,4,,,8,True,0.0,SchedulingOutput,default,2330.6567579998045,qaoa_pennylane_lightning.gpu_x_mixer,"{""device"": ""lightning.gpu"", ""final_beta"": [0.4591759468461702, 0.7013902837137015], ""final_gamma"": [2.4193921316198117, -1.109503940159221], ""init_beta"": 0.5, ""init_gamma"": 0.5, ""init_strategy"": ""fixed"", ""initial_beta"": [0.5, 0.5], ""initial_gamma"": [0.5, 0.5], ""mixer_type"": ""x"", ""opt_steps"": 100, ""p_layers"": 2, ""random_seed"": null, ""selection_pool"": ""top_k_probable_states"", ""top_k"": 16}",1,1,sweep_20260626_163548_3b2fdff6,src/experiments/scenarios/research_c2_penalty_distribution_cases.toml,C2.2,Penalty robustness across weight distributions [2/40],success,u01_2psafe,,,,,uniform,u01,2.0,,,,0.56,,,,,"[0.21, 0.27, 0.24, 0.28]",{},,,,,,,,,"{""1000"": 1, ""1001"": 0, ""1002"": 0, ""1003"": 1}",-2.7398000000000007,[],"{""1000"": 1, ""1001"": 0, ""1002"": 0, ""1003"": 1}",-2.7398000000000007,True,"{""1000"": 1, ""1001"": 0, ""1002"": 0, ""1003"": 1}",-2.7398000000000007,True,True
2.1680710315704346,,,,,"{""1000"": 0, ""1001"": 1, ""1002"": 0, ""1003"": 1}",,-1.6546999594401326,-0.9706626768614275,100,100,-1.7398000000000002,True,,,0.0906428336360383,,2,4,,,8,True,0.0,SchedulingOutput,default,2163.4550049998325,qaoa_pennylane_lightning.gpu_x_mixer,"{""device"": ""lightning.gpu"", ""final_beta"": [0.568692399388678, 0.5858792931985032], ""final_gamma"": [3.561642411444352, -1.69029055844619], ""init_beta"": 0.5, ""init_gamma"": 0.5, ""init_strategy"": ""fixed"", ""initial_beta"": [0.5, 0.5], ""initial_gamma"": [0.5, 0.5], ""mixer_type"": ""x"", ""opt_steps"": 100, ""p_layers"": 2, ""random_seed"": null, ""selection_pool"": ""top_k_probable_states"", ""top_k"": 16}",1,1,sweep_20260626_163548_3b2fdff6,src/experiments/scenarios/research_c2_penalty_distribution_cases.toml,C2.3,Penalty robustness across weight distributions [3/40],success,u02_psafe,,,,,uniform,u02,1.0,,,,0.31,,,,,"[0.18, 0.22, 0.31, 0.29]",{},,,,,,,,,"{""1000"": 0, ""1001"": 1, ""1002"": 0, ""1003"": 1}",-1.7398000000000002,[],"{""1000"": 1, ""1001"": 0, ""1002"": 1, ""1003"": 0}",-1.7398000000000002,True,"{""1000"": 1, ""1001"": 0, ""1002"": 1, ""1003"": 0}",-1.7398000000000002,True,True
2.278399705886841,,,,,"{""1000"": 0, ""1001"": 1, ""1002"": 0, ""1003"": 1}",,-2.8944829228433915,-1.5516447397568884,98,100,-2.9798,True,,,0.08184238630634458,,2,4,,,8,True,0.0,SchedulingOutput,default,2273.5680290002165,qaoa_pennylane_lightning.gpu_x_mixer,"{""device"": ""lightning.gpu"", ""final_beta"": [0.4372817654591766, 0.7282231409456686], ""final_gamma"": [2.3053276757602332, -1.0696945364929478], ""init_beta"": 0.5, ""init_gamma"": 0.5, ""init_strategy"": ""fixed"", ""initial_beta"": [0.5, 0.5], ""initial_gamma"": [0.5, 0.5], ""mixer_type"": ""x"", ""opt_steps"": 100, ""p_layers"": 2, ""random_seed"": null, ""selection_pool"": ""top_k_probable_states"", ""top_k"": 16}",1,1,sweep_20260626_163548_3b2fdff6,src/experiments/scenarios/research_c2_penalty_distribution_cases.toml,C2.4,Penalty robustness across weight distributions [4/40],success,u02_2psafe,,,,,uniform,u02,2.0,,,,0.62,,,,,"[0.18, 0.22, 0.31, 0.29]",{},,,,,,,,,"{""1000"": 0, ""1001"": 1, ""1002"": 0, ""1003"": 1}",-2.9798,[],"{""1000"": 1, ""1001"": 0, ""1002"": 1, ""1003"": 0}",-2.9798,True,"{""1000"": 1, ""1001"": 0, ""1002"": 1, ""1003"": 0}",-2.9798,True,True
2.2435202598571777,,,,,"{""1000"": 0, ""1001"": 1, ""1002"": 0, ""1003"": 1}",,-1.6155224359642473,-0.9540359501910353,100,100,-1.6998,True,,,0.09067777933339383,,2,4,,,8,True,0.0,SchedulingOutput,default,2238.5940399999527,qaoa_pennylane_lightning.gpu_x_mixer,"{""device"": ""lightning.gpu"", ""final_beta"": [0.5756084347996557, 0.5792010380696778], ""final_gamma"": [3.629134922404831, -1.733742520363818], ""init_beta"": 0.5, ""init_gamma"": 0.5, ""init_strategy"": ""fixed"", ""initial_beta"": [0.5, 0.5], ""initial_gamma"": [0.5, 0.5], ""mixer_type"": ""x"", ""opt_steps"": 100, ""p_layers"": 2, ""random_seed"": null, ""selection_pool"": ""top_k_probable_states"", ""top_k"": 16}",1,1,sweep_20260626_163548_3b2fdff6,src/experiments/scenarios/research_c2_penalty_distribution_cases.toml,C2.5,Penalty robustness across weight distributions [5/40],success,u03_psafe,,,,,uniform,u03,1.0,,,,0.3,,,,,"[0.26, 0.19, 0.25, 0.3]",{},,,,,,,,,"{""1000"": 0, ""1001"": 1, ""1002"": 0, ""1003"": 1}",-1.6998,[],"{""1000"": 1, ""1001"": 0, ""1002"": 1, ""1003"": 0}",-1.6998,True,"{""1000"": 1, ""1001"": 0, ""1002"": 1, ""1003"": 0}",-1.6998,True,True
2.2827718257904053,,,,,"{""1000"": 0, ""1001"": 1, ""1002"": 0, ""1003"": 1}",,-2.81622105229503,-1.5169692244636006,99,100,-2.8998,True,,,0.08184838334941417,,2,4,,,8,True,0.0,SchedulingOutput,default,2277.9435739998917,qaoa_pennylane_lightning.gpu_x_mixer,"{""device"": ""lightning.gpu"", ""final_beta"": [0.44425363195730005, 0.7192818591236154], ""final_gamma"": [2.340543682693235, -1.0803138909530174], ""init_beta"": 0.5, ""init_gamma"": 0.5, ""init_strategy"": ""fixed"", ""initial_beta"": [0.5, 0.5], ""initial_gamma"": [0.5, 0.5], ""mixer_type"": ""x"", ""opt_steps"": 100, ""p_layers"": 2, ""random_seed"": null, ""selection_pool"": ""top_k_probable_states"", ""top_k"": 16}",1,1,sweep_20260626_163548_3b2fdff6,src/experiments/scenarios/research_c2_penalty_distribution_cases.toml,C2.6,Penalty robustness across weight distributions [6/40],success,u03_2psafe,,,,,uniform,u03,2.0,,,,0.6,,,,,"[0.26, 0.19, 0.25, 0.3]",{},,,,,,,,,"{""1000"": 0, ""1001"": 1, ""1002"": 0, ""1003"": 1}",-2.8998,[],"{""1000"": 1, ""1001"": 0, ""1002"": 1, ""1003"": 0}",-2.8998,True,"{""1000"": 1, ""1001"": 0, ""1002"": 1, ""1003"": 0}",-2.8998,True,True
2.250746488571167,,,,,"{""1000"": 0, ""1001"": 1, ""1002"": 0, ""1003"": 1}",,-1.5351918838589431,-0.9182904947240318,100,100,-1.6198000000000001,True,,,0.09095787457891664,,2,4,,,8,True,0.0,SchedulingOutput,default,2245.955243000026,qaoa_pennylane_lightning.gpu_x_mixer,"{""device"": ""lightning.gpu"", ""final_beta"": [0.5886646796391971, 0.566055969269819], ""final_gamma"": [3.7615878439377903, -1.832838931552419], ""init_beta"": 0.5, ""init_gamma"": 0.5, ""init_strategy"": ""fixed"", ""initial_beta"": [0.5, 0.5], ""initial_gamma"": [0.5, 0.5], ""mixer_type"": ""x"", ""opt_steps"": 100, ""p_layers"": 2, ""random_seed"": null, ""selection_pool"": ""top_k_probable_states"", ""top_k"": 16}",1,1,sweep_20260626_163548_3b2fdff6,src/experiments/scenarios/research_c2_penalty_distribution_cases.toml,C2.7,Penalty robustness across weight distributions [7/40],success,u04_psafe,,,,,uniform,u04,1.0,,,,0.28,,,,,"[0.23, 0.24, 0.28, 0.25]",{},,,,,,,,,"{""1000"": 0, ""1001"": 1, ""1002"": 0, ""1003"": 1}",-1.6198000000000001,[],"{""1000"": 1, ""1001"": 0, ""1002"": 1, ""1003"": 0}",-1.6198000000000001,True,"{""1000"": 1, ""1001"": 0, ""1002"": 1, ""1003"": 0}",-1.6198000000000001,True,True
2.222238063812256,,,,,"{""1000"": 0, ""1001"": 1, ""1002"": 0, ""1003"": 1}",,-2.6578359183727422,-1.4450830540421136,99,100,-2.7398000000000002,True,,,0.08217456116924256,,2,4,,,8,True,0.0,SchedulingOutput,default,2217.5473540000894,qaoa_pennylane_lightning.gpu_x_mixer,"{""device"": ""lightning.gpu"", ""final_beta"": [0.4595132242853566, 0.7010384458637229], ""final_gamma"": [2.418114053527384, -1.1078991245866558], ""init_beta"": 0.5, ""init_gamma"": 0.5, ""init_strategy"": ""fixed"", ""initial_beta"": [0.5, 0.5], ""initial_gamma"": [0.5, 0.5], ""mixer_type"": ""x"", ""opt_steps"": 100, ""p_layers"": 2, ""random_seed"": null, ""selection_pool"": ""top_k_probable_states"", ""top_k"": 16}",1,1,sweep_20260626_163548_3b2fdff6,src/experiments/scenarios/research_c2_penalty_distribution_cases.toml,C2.8,Penalty robustness across weight distributions [8/40],success,u04_2psafe,,,,,uniform,u04,2.0,,,,0.56,,,,,"[0.23, 0.24, 0.28, 0.25]",{},,,,,,,,,"{""1000"": 0, ""1001"": 1, ""1002"": 0, ""1003"": 1}",-2.7398000000000002,[],"{""1000"": 1, ""1001"": 0, ""1002"": 1, ""1003"": 0}",-2.7398000000000002,True,"{""1000"": 1, ""1001"": 0, ""1002"": 1, ""1003"": 0}",-2.7398000000000002,True,True
2.1800410747528076,,,,,"{""1000"": 1, ""1001"": 1, ""1002"": 0, ""1003"": 0}",,-1.7336479378232803,-1.0061576077574512,100,100,-1.8200000000000003,True,,,0.0901833876447981,,2,4,,,8,True,0.0,SchedulingOutput,default,2175.4365420001704,qaoa_pennylane_lightning.gpu_x_mixer,"{""device"": ""lightning.gpu"", ""final_beta"": [0.5612600785389258, 0.5930097998780189], ""final_gamma"": [3.4172321137950283, -1.6084776928649496], ""init_beta"": 0.5, ""init_gamma"": 0.5, ""init_strategy"": ""fixed"", ""initial_beta"": [0.5, 0.5], ""initial_gamma"": [0.5, 0.5], ""mixer_type"": ""x"", ""opt_steps"": 100, ""p_layers"": 2, ""random_seed"": null, ""selection_pool"": ""top_k_probable_states"", ""top_k"": 16}",1,1,sweep_20260626_163548_3b2fdff6,src/experiments/scenarios/research_c2_penalty_distribution_cases.toml,C2.9,Penalty robustness across weight distributions [9/40],success,u05_psafe,,,,,uniform,u05,1.0,,,,0.33,,,,,"[0.17, 0.33, 0.21, 0.29]",{},,,,,,,,,"{""1000"": 1, ""1001"": 1, ""1002"": 0, ""1003"": 0}",-1.8200000000000003,[],"{""1000"": 1, ""1001"": 1, ""1002"": 0, ""1003"": 0}",-1.8200000000000003,True,"{""1000"": 1, ""1001"": 1, ""1002"": 0, ""1003"": 0}",-1.8200000000000003,True,True
2.2491886615753174,,,,,"{""1000"": 0, ""1001"": 0, ""1002"": 1, ""1003"": 1}",,-3.0521243195227803,-1.6233589396180812,96,100,-3.14,True,,,0.08157753975999373,,2,4,,,8,True,0.0,SchedulingOutput,default,2244.088477000332,qaoa_pennylane_lightning.gpu_x_mixer,"{""device"": ""lightning.gpu"", ""final_beta"": [0.424651278303369, 0.745080374939408], ""final_gamma"": [2.234530429560102, -1.0451660295844551], ""init_beta"": 0.5, ""init_gamma"": 0.5, ""init_strategy"": ""fixed"", ""initial_beta"": [0.5, 0.5], ""initial_gamma"": [0.5, 0.5], ""mixer_type"": ""x"", ""opt_steps"": 100, ""p_layers"": 2, ""random_seed"": null, ""selection_pool"": ""top_k_probable_states"", ""top_k"": 16}",1,1,sweep_20260626_163548_3b2fdff6,src/experiments/scenarios/research_c2_penalty_distribution_cases.toml,C2.10,Penalty robustness across weight distributions [10/40],success,u05_2psafe,,,,,uniform,u05,2.0,,,,0.66,,,,,"[0.17, 0.33, 0.21, 0.29]",{},,,,,,,,,"{""1000"": 0, ""1001"": 0, ""1002"": 1, ""1003"": 1}",-3.14,[],"{""1000"": 1, ""1001"": 1, ""1002"": 0, ""1003"": 0}",-3.14,True,"{""1000"": 1, ""1001"": 1, ""1002"": 0, ""1003"": 0}",-3.14,True,True
2.3218348026275635,,,,,"{""1000"": 1, ""1001"": 1, ""1002"": 0, ""1003"": 0}",,-1.6156180576768888,-0.9542471147945114,100,100,-1.7,True,,,0.09073996011414143,,2,4,,,8,True,0.0,SchedulingOutput,default,2317.193366000083,qaoa_pennylane_lightning.gpu_x_mixer,"{""device"": ""lightning.gpu"", ""final_beta"": [0.5759144928524798, 0.5789122389290667], ""final_gamma"": [3.6286872013527267, -1.734434919505553], ""init_beta"": 0.5, ""init_gamma"": 0.5, ""init_strategy"": ""fixed"", ""initial_beta"": [0.5, 0.5], ""initial_gamma"": [0.5, 0.5], ""mixer_type"": ""x"", ""opt_steps"": 100, ""p_layers"": 2, ""random_seed"": null, ""selection_pool"": ""top_k_probable_states"", ""top_k"": 16}",1,1,sweep_20260626_163548_3b2fdff6,src/experiments/scenarios/research_c2_penalty_distribution_cases.toml,C2.11,Penalty robustness across weight distributions [11/40],success,u06_psafe,,,,,uniform,u06,1.0,,,,0.3,,,,,"[0.3, 0.2, 0.27, 0.23]",{},,,,,,,,,"{""1000"": 1, ""1001"": 1, ""1002"": 0, ""1003"": 0}",-1.7,[],"{""1000"": 1, ""1001"": 1, ""1002"": 0, ""1003"": 0}",-1.7,True,"{""1000"": 1, ""1001"": 1, ""1002"": 0, ""1003"": 0}",-1.7,True,True
2.334479808807373,,,,,"{""1000"": 1, ""1001"": 1, ""1002"": 0, ""1003"": 0}",,-2.816285419626648,-1.517193511356344,99,100,-2.8999999999999995,True,,,0.08186482691532998,,2,4,,,8,True,0.0,SchedulingOutput,default,2329.6853950000695,qaoa_pennylane_lightning.gpu_x_mixer,"{""device"": ""lightning.gpu"", ""final_beta"": [0.4443365242442376, 0.719181471471556], ""final_gamma"": [2.3400694098042596, -1.0798728309004038], ""init_beta"": 0.5, ""init_gamma"": 0.5, ""init_strategy"": ""fixed"", ""initial_beta"": [0.5, 0.5], ""initial_gamma"": [0.5, 0.5], ""mixer_type"": ""x"", ""opt_steps"": 100, ""p_layers"": 2, ""random_seed"": null, ""selection_pool"": ""top_k_probable_states"", ""top_k"": 16}",1,1,sweep_20260626_163548_3b2fdff6,src/experiments/scenarios/research_c2_penalty_distribution_cases.toml,C2.12,Penalty robustness across weight distributions [12/40],success,u06_2psafe,,,,,uniform,u06,2.0,,,,0.6,,,,,"[0.3, 0.2, 0.27, 0.23]",{},,,,,,,,,"{""1000"": 1, ""1001"": 1, ""1002"": 0, ""1003"": 0}",-2.8999999999999995,[],"{""1000"": 1, ""1001"": 1, ""1002"": 0, ""1003"": 0}",-2.8999999999999995,True,"{""1000"": 1, ""1001"": 1, ""1002"": 0, ""1003"": 0}",-2.8999999999999995,True,True
2.1815409660339355,,,,,"{""1000"": 0, ""1001"": 1, ""1002"": 1, ""1003"": 0}",,-1.6947210596791684,-0.9893871275769223,100,100,-1.7800000000000002,True,,,0.09033164780079198,,2,4,,,8,True,0.0,SchedulingOutput,default,2176.7043370000465,qaoa_pennylane_lightning.gpu_x_mixer,"{""device"": ""lightning.gpu"", ""final_beta"": [0.5660223560920848, 0.5885540370916283], ""final_gamma"": [3.4874895710591427, -1.6474942957956245], ""init_beta"": 0.5, ""init_gamma"": 0.5, ""init_strategy"": ""fixed"", ""initial_beta"": [0.5, 0.5], ""initial_gamma"": [0.5, 0.5], ""mixer_type"": ""x"", ""opt_steps"": 100, ""p_layers"": 2, ""random_seed"": null, ""selection_pool"": ""top_k_probable_states"", ""top_k"": 16}",1,1,sweep_20260626_163548_3b2fdff6,src/experiments/scenarios/research_c2_penalty_distribution_cases.toml,C2.13,Penalty robustness across weight distributions [13/40],success,u07_psafe,,,,,uniform,u07,1.0,,,,0.32,,,,,"[0.22, 0.32, 0.18, 0.28]",{},,,,,,,,,"{""1000"": 0, ""1001"": 1, ""1002"": 1, ""1003"": 0}",-1.7800000000000002,[],"{""1000"": 1, ""1001"": 0, ""1002"": 0, ""1003"": 1}",-1.7800000000000002,True,"{""1000"": 1, ""1001"": 0, ""1002"": 0, ""1003"": 1}",-1.7800000000000002,True,True
2.315406084060669,,,,,"{""1000"": 0, ""1001"": 1, ""1002"": 1, ""1003"": 0}",,-2.9738948207922267,-1.588501902765474,97,100,-3.0600000000000005,True,,,0.08160990921030986,,2,4,,,8,True,0.0,SchedulingOutput,default,2310.5633360000866,qaoa_pennylane_lightning.gpu_x_mixer,"{""device"": ""lightning.gpu"", ""final_beta"": [0.43115273020702627, 0.7363766225254216], ""final_gamma"": [2.268107342067488, -1.0556145554802376], ""init_beta"": 0.5, ""init_gamma"": 0.5, ""init_strategy"": ""fixed"", ""initial_beta"": [0.5, 0.5], ""initial_gamma"": [0.5, 0.5], ""mixer_type"": ""x"", ""opt_steps"": 100, ""p_layers"": 2, ""random_seed"": null, ""selection_pool"": ""top_k_probable_states"", ""top_k"": 16}",1,1,sweep_20260626_163548_3b2fdff6,src/experiments/scenarios/research_c2_penalty_distribution_cases.toml,C2.14,Penalty robustness across weight distributions [14/40],success,u07_2psafe,,,,,uniform,u07,2.0,,,,0.64,,,,,"[0.22, 0.32, 0.18, 0.28]",{},,,,,,,,,"{""1000"": 0, ""1001"": 1, ""1002"": 1, ""1003"": 0}",-3.0600000000000005,[],"{""1000"": 1, ""1001"": 0, ""1002"": 0, ""1003"": 1}",-3.0600000000000005,True,"{""1000"": 1, ""1001"": 0, ""1002"": 0, ""1003"": 1}",-3.0600000000000005,True,True
2.310246706008911,,,,,"{""1000"": 1, ""1001"": 1, ""1002"": 0, ""1003"": 0}",,-1.5344804585078369,-0.9170733232567759,100,100,-1.6192000000000002,True,,,0.09090135614555382,,2,4,,,8,True,0.0,SchedulingOutput,default,2305.465178999839,qaoa_pennylane_lightning.gpu_x_mixer,"{""device"": ""lightning.gpu"", ""final_beta"": [0.5870509680407314, 0.5674968082194699], ""final_gamma"": [3.763795994931779, -1.8321470414306584], ""init_beta"": 0.5, ""init_gamma"": 0.5, ""init_strategy"": ""fixed"", ""initial_beta"": [0.5, 0.5], ""initial_gamma"": [0.5, 0.5], ""mixer_type"": ""x"", ""opt_steps"": 100, ""p_layers"": 2, ""random_seed"": null, ""selection_pool"": ""top_k_probable_states"", ""top_k"": 16}",1,1,sweep_20260626_163548_3b2fdff6,src/experiments/scenarios/research_c2_penalty_distribution_cases.toml,C2.15,Penalty robustness across weight distributions [15/40],success,u08_psafe,,,,,uniform,u08,1.0,,,,0.28,,,,,"[0.25, 0.27, 0.2, 0.28]",{},,,,,,,,,"{""1000"": 1, ""1001"": 1, ""1002"": 0, ""1003"": 0}",-1.6192000000000002,[],"{""1000"": 1, ""1001"": 1, ""1002"": 0, ""1003"": 0}",-1.6192000000000002,True,"{""1000"": 1, ""1001"": 1, ""1002"": 0, ""1003"": 0}",-1.6192000000000002,True,True
2.3002851009368896,,,,,"{""1000"": 1, ""1001"": 1, ""1002"": 0, ""1003"": 0}",,-2.6571418781444294,-1.4438312853130666,99,100,-2.7392000000000003,True,,,0.08221770455350225,,2,4,,,8,True,0.0,SchedulingOutput,default,2295.6779189998997,qaoa_pennylane_lightning.gpu_x_mixer,"{""device"": ""lightning.gpu"", ""final_beta"": [0.4589858719954374, 0.7015910162053952], ""final_gamma"": [2.420142350545577, -1.1103569975482073], ""init_beta"": 0.5, ""init_gamma"": 0.5, ""init_strategy"": ""fixed"", ""initial_beta"": [0.5, 0.5], ""initial_gamma"": [0.5, 0.5], ""mixer_type"": ""x"", ""opt_steps"": 100, ""p_layers"": 2, ""random_seed"": null, ""selection_pool"": ""top_k_probable_states"", ""top_k"": 16}",1,1,sweep_20260626_163548_3b2fdff6,src/experiments/scenarios/research_c2_penalty_distribution_cases.toml,C2.16,Penalty robustness across weight distributions [16/40],success,u08_2psafe,,,,,uniform,u08,2.0,,,,0.56,,,,,"[0.25, 0.27, 0.2, 0.28]",{},,,,,,,,,"{""1000"": 1, ""1001"": 1, ""1002"": 0, ""1003"": 0}",-2.7392000000000003,[],"{""1000"": 1, ""1001"": 1, ""1002"": 0, ""1003"": 0}",-2.7392000000000003,True,"{""1000"": 1, ""1001"": 1, ""1002"": 0, ""1003"": 0}",-2.7392000000000003,True,True
2.2278389930725098,,,,,"{""1000"": 0, ""1001"": 0, ""1002"": 1, ""1003"": 1}",,-1.614118035307409,-0.951262627600141,100,100,-1.6968,True,,,0.09005526739882301,,2,4,,,8,True,0.0,SchedulingOutput,default,2223.1825119997666,qaoa_pennylane_lightning.gpu_x_mixer,"{""device"": ""lightning.gpu"", ""final_beta"": [0.57170387773146, 0.5827818288311051], ""final_gamma"": [3.6348842372811525, -1.7313098260459288], ""init_beta"": 0.5, ""init_gamma"": 0.5, ""init_strategy"": ""fixed"", ""initial_beta"": [0.5, 0.5], ""initial_gamma"": [0.5, 0.5], ""mixer_type"": ""x"", ""opt_steps"": 100, ""p_layers"": 2, ""random_seed"": null, ""selection_pool"": ""top_k_probable_states"", ""top_k"": 16}",1,1,sweep_20260626_163548_3b2fdff6,src/experiments/scenarios/research_c2_penalty_distribution_cases.toml,C2.17,Penalty robustness across weight distributions [17/40],success,u09_psafe,,,,,uniform,u09,1.0,,,,0.3,,,,,"[0.16, 0.3, 0.26, 0.28]",{},,,,,,,,,"{""1000"": 0, ""1001"": 0, ""1002"": 1, ""1003"": 1}",-1.6968,[],"{""1000"": 1, ""1001"": 1, ""1002"": 0, ""1003"": 0}",-1.6968,True,"{""1000"": 1, ""1001"": 1, ""1002"": 0, ""1003"": 0}",-1.6968,True,True
2.3343114852905273,,,,,"{""1000"": 0, ""1001"": 0, ""1002"": 1, ""1003"": 1}",,-2.814859400970949,-1.5140815262522185,99,100,-2.8968000000000003,True,,,0.08165212441070142,,2,4,,,8,True,0.0,SchedulingOutput,default,2329.7928160000083,qaoa_pennylane_lightning.gpu_x_mixer,"{""device"": ""lightning.gpu"", ""final_beta"": [0.4433729661315949, 0.7203267432113333], ""final_gamma"": [2.345394902135525, -1.0855195648296172], ""init_beta"": 0.5, ""init_gamma"": 0.5, ""init_strategy"": ""fixed"", ""initial_beta"": [0.5, 0.5], ""initial_gamma"": [0.5, 0.5], ""mixer_type"": ""x"", ""opt_steps"": 100, ""p_layers"": 2, ""random_seed"": null, ""selection_pool"": ""top_k_probable_states"", ""top_k"": 16}",1,1,sweep_20260626_163548_3b2fdff6,src/experiments/scenarios/research_c2_penalty_distribution_cases.toml,C2.18,Penalty robustness across weight distributions [18/40],success,u09_2psafe,,,,,uniform,u09,2.0,,,,0.6,,,,,"[0.16, 0.3, 0.26, 0.28]",{},,,,,,,,,"{""1000"": 0, ""1001"": 0, ""1002"": 1, ""1003"": 1}",-2.8968000000000003,[],"{""1000"": 1, ""1001"": 1, ""1002"": 0, ""1003"": 0}",-2.8968000000000003,True,"{""1000"": 1, ""1001"": 1, ""1002"": 0, ""1003"": 0}",-2.8968000000000003,True,True
2.226886510848999,,,,,"{""1000"": 0, ""1001"": 1, ""1002"": 0, ""1003"": 1}",,-1.5758197792584085,-0.9367885874967883,100,100,-1.6598,True,,,0.09080001580648525,,2,4,,,8,True,0.0,SchedulingOutput,default,2222.085538000101,qaoa_pennylane_lightning.gpu_x_mixer,"{""device"": ""lightning.gpu"", ""final_beta"": [0.582558110071292, 0.5723137087316944], ""final_gamma"": [3.695682412810612, -1.7819915569473634], ""init_beta"": 0.5, ""init_gamma"": 0.5, ""init_strategy"": ""fixed"", ""initial_beta"": [0.5, 0.5], ""initial_gamma"": [0.5, 0.5], ""mixer_type"": ""x"", ""opt_steps"": 100, ""p_layers"": 2, ""random_seed"": null, ""selection_pool"": ""top_k_probable_states"", ""top_k"": 16}",1,1,sweep_20260626_163548_3b2fdff6,src/experiments/scenarios/research_c2_penalty_distribution_cases.toml,C2.19,Penalty robustness across weight distributions [19/40],success,u10_psafe,,,,,uniform,u10,1.0,,,,0.29,,,,,"[0.29, 0.24, 0.22, 0.25]",{},,,,,,,,,"{""1000"": 0, ""1001"": 1, ""1002"": 0, ""1003"": 1}",-1.6598,[],"{""1000"": 1, ""1001"": 0, ""1002"": 1, ""1003"": 0}",-1.6598,True,"{""1000"": 1, ""1001"": 0, ""1002"": 1, ""1003"": 0}",-1.6598,True,True
2.3057544231414795,,,,,"{""1000"": 0, ""1001"": 1, ""1002"": 0, ""1003"": 1}",,-2.7374053345343645,-1.481671305854883,99,100,-2.8198,True,,,0.08194153399111728,,2,4,,,8,True,0.0,SchedulingOutput,default,2300.9974649999094,qaoa_pennylane_lightning.gpu_x_mixer,"{""device"": ""lightning.gpu"", ""final_beta"": [0.4516811411948489, 0.7101832216760531], ""final_gamma"": [2.3775354234117843, -1.0924166570586893], ""init_beta"": 0.5, ""init_gamma"": 0.5, ""init_strategy"": ""fixed"", ""initial_beta"": [0.5, 0.5], ""initial_gamma"": [0.5, 0.5], ""mixer_type"": ""x"", ""opt_steps"": 100, ""p_layers"": 2, ""random_seed"": null, ""selection_pool"": ""top_k_probable_states"", ""top_k"": 16}",1,1,sweep_20260626_163548_3b2fdff6,src/experiments/scenarios/research_c2_penalty_distribution_cases.toml,C2.20,Penalty robustness across weight distributions [20/40],success,u10_2psafe,,,,,uniform,u10,2.0,,,,0.58,,,,,"[0.29, 0.24, 0.22, 0.25]",{},,,,,,,,,"{""1000"": 0, ""1001"": 1, ""1002"": 0, ""1003"": 1}",-2.8198,[],"{""1000"": 1, ""1001"": 0, ""1002"": 1, ""1003"": 0}",-2.8198,True,"{""1000"": 1, ""1001"": 0, ""1002"": 1, ""1003"": 0}",-2.8198,True,True
2.265000104904175,,,,,"{""1000"": 0, ""1001"": 1, ""1002"": 1, ""1003"": 1}",,-2.560193771039995,-1.3653849263654754,99,100,-2.695,True,,,0.08877426109051333,,2,4,,,8,True,0.0,SchedulingOutput,default,2260.357328000282,qaoa_pennylane_lightning.gpu_x_mixer,"{""device"": ""lightning.gpu"", ""final_beta"": [0.4572979088619585, 0.7023407701320868], ""final_gamma"": [2.457764598003775, -1.1633872169394084], ""init_beta"": 0.5, ""init_gamma"": 0.5, ""init_strategy"": ""fixed"", ""initial_beta"": [0.5, 0.5], ""initial_gamma"": [0.5, 0.5], ""mixer_type"": ""x"", ""opt_steps"": 100, ""p_layers"": 2, ""random_seed"": null, ""selection_pool"": ""top_k_probable_states"", ""top_k"": 16}",1,1,sweep_20260626_163548_3b2fdff6,src/experiments/scenarios/research_c2_penalty_distribution_cases.toml,C2.21,Penalty robustness across weight distributions [21/40],success,s01_psafe,,,,,skewed,s01,1.0,,,,0.55,,,,,"[0.55, 0.2, 0.15, 0.1]",{},,,,,,,,,"{""1000"": 0, ""1001"": 1, ""1002"": 1, ""1003"": 1}",-2.695,[],"{""1000"": 1, ""1001"": 0, ""1002"": 0, ""1003"": 0}",-2.695,True,"{""1000"": 1, ""1001"": 0, ""1002"": 0, ""1003"": 0}",-2.695,True,True
2.3117785453796387,,,,,"{""1000"": 0, ""1001"": 1, ""1002"": 1, ""1003"": 1}",,-4.746587002256666,-2.406454649221893,77,100,-4.8950000000000005,True,,,0.08059429065981429,,2,4,,,8,True,0.0,SchedulingOutput,default,2307.1069739999075,qaoa_pennylane_lightning.gpu_x_mixer,"{""device"": ""lightning.gpu"", ""final_beta"": [0.34979880327281737, 0.8538471043702298], ""final_gamma"": [1.6217470697312848, -0.8037501845999061], ""init_beta"": 0.5, ""init_gamma"": 0.5, ""init_strategy"": ""fixed"", ""initial_beta"": [0.5, 0.5], ""initial_gamma"": [0.5, 0.5], ""mixer_type"": ""x"", ""opt_steps"": 100, ""p_layers"": 2, ""random_seed"": null, ""selection_pool"": ""top_k_probable_states"", ""top_k"": 16}",1,1,sweep_20260626_163548_3b2fdff6,src/experiments/scenarios/research_c2_penalty_distribution_cases.toml,C2.22,Penalty robustness across weight distributions [22/40],success,s01_2psafe,,,,,skewed,s01,2.0,,,,1.1,,,,,"[0.55, 0.2, 0.15, 0.1]",{},,,,,,,,,"{""1000"": 0, ""1001"": 1, ""1002"": 1, ""1003"": 1}",-4.8950000000000005,[],"{""1000"": 1, ""1001"": 0, ""1002"": 0, ""1003"": 0}",-4.8950000000000005,True,"{""1000"": 1, ""1001"": 0, ""1002"": 0, ""1003"": 0}",-4.8950000000000005,True,True
2.225806474685669,,,,,"{""1000"": 0, ""1001"": 1, ""1002"": 1, ""1003"": 1}",,-2.735246298044834,-1.4383443907797355,99,100,-2.88,True,,,0.08919691443333658,,2,4,,,8,True,0.0,SchedulingOutput,default,2221.148415999778,qaoa_pennylane_lightning.gpu_x_mixer,"{""device"": ""lightning.gpu"", ""final_beta"": [0.4424651027761233, 0.7204106477298201], ""final_gamma"": [2.340715146243957, -1.1120897727908146], ""init_beta"": 0.5, ""init_gamma"": 0.5, ""init_strategy"": ""fixed"", ""initial_beta"": [0.5, 0.5], ""initial_gamma"": [0.5, 0.5], ""mixer_type"": ""x"", ""opt_steps"": 100, ""p_layers"": 2, ""random_seed"": null, ""selection_pool"": ""top_k_probable_states"", ""top_k"": 16}",1,1,sweep_20260626_163548_3b2fdff6,src/experiments/scenarios/research_c2_penalty_distribution_cases.toml,C2.23,Penalty robustness across weight distributions [23/40],success,s02_psafe,,,,,skewed,s02,1.0,,,,0.6,,,,,"[0.6, 0.18, 0.12, 0.1]",{},,,,,,,,,"{""1000"": 0, ""1001"": 1, ""1002"": 1, ""1003"": 1}",-2.88,[],"{""1000"": 1, ""1001"": 0, ""1002"": 0, ""1003"": 0}",-2.88,True,"{""1000"": 1, ""1001"": 0, ""1002"": 0, ""1003"": 0}",-2.88,True,True
2.282686233520508,,,,,"{""1000"": 0, ""1001"": 1, ""1002"": 1, ""1003"": 1}",,-5.120780270395,-2.589189879708764,79,100,-5.279999999999999,True,,,0.08016299569692376,,2,4,,,8,True,0.0,SchedulingOutput,default,2278.0746840003303,qaoa_pennylane_lightning.gpu_x_mixer,"{""device"": ""lightning.gpu"", ""final_beta"": [0.3444076672808466, 0.862218495357696], ""final_gamma"": [1.5107320127471333, -0.7430825539523795], ""init_beta"": 0.5, ""init_gamma"": 0.5, ""init_strategy"": ""fixed"", ""initial_beta"": [0.5, 0.5], ""initial_gamma"": [0.5, 0.5], ""mixer_type"": ""x"", ""opt_steps"": 100, ""p_layers"": 2, ""random_seed"": null, ""selection_pool"": ""top_k_probable_states"", ""top_k"": 16}",1,1,sweep_20260626_163548_3b2fdff6,src/experiments/scenarios/research_c2_penalty_distribution_cases.toml,C2.24,Penalty robustness across weight distributions [24/40],success,s02_2psafe,,,,,skewed,s02,2.0,,,,1.2,,,,,"[0.6, 0.18, 0.12, 0.1]",{},,,,,,,,,"{""1000"": 0, ""1001"": 1, ""1002"": 1, ""1003"": 1}",-5.279999999999999,[],"{""1000"": 1, ""1001"": 0, ""1002"": 0, ""1003"": 0}",-5.279999999999999,True,"{""1000"": 1, ""1001"": 0, ""1002"": 0, ""1003"": 0}",-5.279999999999999,True,True
2.2513527870178223,,,,,"{""1000"": 1, ""1001"": 0, ""1002"": 0, ""1003"": 0}",,-2.3072551086253066,-1.2534092502113574,100,100,-2.4192,True,,,0.08785007325840424,,2,4,,,8,True,0.0,SchedulingOutput,default,2246.675876000154,qaoa_pennylane_lightning.gpu_x_mixer,"{""device"": ""lightning.gpu"", ""final_beta"": [0.47855912107069265, 0.6781904466767785], ""final_gamma"": [2.6714345321637043, -1.2633954114766195], ""init_beta"": 0.5, ""init_gamma"": 0.5, ""init_strategy"": ""fixed"", ""initial_beta"": [0.5, 0.5], ""initial_gamma"": [0.5, 0.5], ""mixer_type"": ""x"", ""opt_steps"": 100, ""p_layers"": 2, ""random_seed"": null, ""selection_pool"": ""top_k_probable_states"", ""top_k"": 16}",1,1,sweep_20260626_163548_3b2fdff6,src/experiments/scenarios/research_c2_penalty_distribution_cases.toml,C2.25,Penalty robustness across weight distributions [25/40],success,s03_psafe,,,,,skewed,s03,1.0,,,,0.48,,,,,"[0.48, 0.27, 0.15, 0.1]",{},,,,,,,,,"{""1000"": 1, ""1001"": 0, ""1002"": 0, ""1003"": 0}",-2.4192,[],"{""1000"": 1, ""1001"": 0, ""1002"": 0, ""1003"": 0}",-2.4192,True,"{""1000"": 1, ""1001"": 0, ""1002"": 0, ""1003"": 0}",-2.4192,True,True
2.2684385776519775,,,,,"{""1000"": 0, ""1001"": 1, ""1002"": 1, ""1003"": 1}",,-4.2151529020013285,-2.1506962242493493,81,100,-4.3392,True,,,0.08023578322718693,,2,4,,,8,True,0.0,SchedulingOutput,default,2263.687708999896,qaoa_pennylane_lightning.gpu_x_mixer,"{""device"": ""lightning.gpu"", ""final_beta"": [0.358706727160122, 0.8369516875691393], ""final_gamma"": [1.7967895044716338, -0.8880020997536104], ""init_beta"": 0.5, ""init_gamma"": 0.5, ""init_strategy"": ""fixed"", ""initial_beta"": [0.5, 0.5], ""initial_gamma"": [0.5, 0.5], ""mixer_type"": ""x"", ""opt_steps"": 100, ""p_layers"": 2, ""random_seed"": null, ""selection_pool"": ""top_k_probable_states"", ""top_k"": 16}",1,1,sweep_20260626_163548_3b2fdff6,src/experiments/scenarios/research_c2_penalty_distribution_cases.toml,C2.26,Penalty robustness across weight distributions [26/40],success,s03_2psafe,,,,,skewed,s03,2.0,,,,0.96,,,,,"[0.48, 0.27, 0.15, 0.1]",{},,,,,,,,,"{""1000"": 0, ""1001"": 1, ""1002"": 1, ""1003"": 1}",-4.3392,[],"{""1000"": 1, ""1001"": 0, ""1002"": 0, ""1003"": 0}",-4.3392,True,"{""1000"": 1, ""1001"": 0, ""1002"": 0, ""1003"": 0}",-4.3392,True,True
2.277015209197998,,,,,"{""1000"": 1, ""1001"": 0, ""1002"": 0, ""1003"": 0}",,-2.4536066026136822,-1.3175793272531138,100,100,-2.5792,True,,,0.08844360112447865,,2,4,,,8,True,0.0,SchedulingOutput,default,2272.480665999865,qaoa_pennylane_lightning.gpu_x_mixer,"{""device"": ""lightning.gpu"", ""final_beta"": [0.4644217830673248, 0.6940231075248962], ""final_gamma"": [2.5485968215060457, -1.2081221823025037], ""init_beta"": 0.5, ""init_gamma"": 0.5, ""init_strategy"": ""fixed"", ""initial_beta"": [0.5, 0.5], ""initial_gamma"": [0.5, 0.5], ""mixer_type"": ""x"", ""opt_steps"": 100, ""p_layers"": 2, ""random_seed"": null, ""selection_pool"": ""top_k_probable_states"", ""top_k"": 16}",1,1,sweep_20260626_163548_3b2fdff6,src/experiments/scenarios/research_c2_penalty_distribution_cases.toml,C2.27,Penalty robustness across weight distributions [27/40],success,s04_psafe,,,,,skewed,s04,1.0,,,,0.52,,,,,"[0.52, 0.24, 0.14, 0.1]",{},,,,,,,,,"{""1000"": 1, ""1001"": 0, ""1002"": 0, ""1003"": 0}",-2.5792,[],"{""1000"": 1, ""1001"": 0, ""1002"": 0, ""1003"": 0}",-2.5792,True,"{""1000"": 1, ""1001"": 0, ""1002"": 0, ""1003"": 0}",-2.5792,True,True
2.3274731636047363,,,,,"{""1000"": 0, ""1001"": 1, ""1002"": 1, ""1003"": 1}",,-4.51988112456233,-2.2954369885785675,77,100,-4.6592,True,,,0.08072457766831162,,2,4,,,8,True,0.0,SchedulingOutput,default,2322.3962629999733,qaoa_pennylane_lightning.gpu_x_mixer,"{""device"": ""lightning.gpu"", ""final_beta"": [0.3532818442236897, 0.8478183722286347], ""final_gamma"": [1.6951649045480073, -0.8419609525247177], ""init_beta"": 0.5, ""init_gamma"": 0.5, ""init_strategy"": ""fixed"", ""initial_beta"": [0.5, 0.5], ""initial_gamma"": [0.5, 0.5], ""mixer_type"": ""x"", ""opt_steps"": 100, ""p_layers"": 2, ""random_seed"": null, ""selection_pool"": ""top_k_probable_states"", ""top_k"": 16}",1,1,sweep_20260626_163548_3b2fdff6,src/experiments/scenarios/research_c2_penalty_distribution_cases.toml,C2.28,Penalty robustness across weight distributions [28/40],success,s04_2psafe,,,,,skewed,s04,2.0,,,,1.04,,,,,"[0.52, 0.24, 0.14, 0.1]",{},,,,,,,,,"{""1000"": 0, ""1001"": 1, ""1002"": 1, ""1003"": 1}",-4.6592,[],"{""1000"": 1, ""1001"": 0, ""1002"": 0, ""1003"": 0}",-4.6592,True,"{""1000"": 1, ""1001"": 0, ""1002"": 0, ""1003"": 0}",-4.6592,True,True
2.247145175933838,,,,,"{""1000"": 0, ""1001"": 1, ""1002"": 1, ""1003"": 1}",,-2.8718013688301394,-1.4938982046883436,98,100,-3.0208,True,,,0.08875669050287893,,2,4,,,8,True,0.0,SchedulingOutput,default,2242.4820920000457,qaoa_pennylane_lightning.gpu_x_mixer,"{""device"": ""lightning.gpu"", ""final_beta"": [0.4316534026612121, 0.7346575619173168], ""final_gamma"": [2.255428368870205, -1.0715685486225215], ""init_beta"": 0.5, ""init_gamma"": 0.5, ""init_strategy"": ""fixed"", ""initial_beta"": [0.5, 0.5], ""initial_gamma"": [0.5, 0.5], ""mixer_type"": ""x"", ""opt_steps"": 100, ""p_layers"": 2, ""random_seed"": null, ""selection_pool"": ""top_k_probable_states"", ""top_k"": 16}",1,1,sweep_20260626_163548_3b2fdff6,src/experiments/scenarios/research_c2_penalty_distribution_cases.toml,C2.29,Penalty robustness across weight distributions [29/40],success,s05_psafe,,,,,skewed,s05,1.0,,,,0.64,,,,,"[0.64, 0.16, 0.12, 0.08]",{},,,,,,,,,"{""1000"": 0, ""1001"": 1, ""1002"": 1, ""1003"": 1}",-3.0208,[],"{""1000"": 1, ""1001"": 0, ""1002"": 0, ""1003"": 0}",-3.0208,True,"{""1000"": 1, ""1001"": 0, ""1002"": 0, ""1003"": 0}",-3.0208,True,True
2.30240797996521,,,,,"{""1000"": 0, ""1001"": 1, ""1002"": 1, ""1003"": 1}",,-5.41741117556414,-2.737916614600042,84,100,-5.5808,True,,,0.07931895870498915,,2,4,,,8,True,0.0,SchedulingOutput,default,2297.9242559999875,qaoa_pennylane_lightning.gpu_x_mixer,"{""device"": ""lightning.gpu"", ""final_beta"": [0.34041735132134776, 0.867094729952771], ""final_gamma"": [1.4270023335806037, -0.6916856010473307], ""init_beta"": 0.5, ""init_gamma"": 0.5, ""init_strategy"": ""fixed"", ""initial_beta"": [0.5, 0.5], ""initial_gamma"": [0.5, 0.5], ""mixer_type"": ""x"", ""opt_steps"": 100, ""p_layers"": 2, ""random_seed"": null, ""selection_pool"": ""top_k_probable_states"", ""top_k"": 16}",1,1,sweep_20260626_163548_3b2fdff6,src/experiments/scenarios/research_c2_penalty_distribution_cases.toml,C2.30,Penalty robustness across weight distributions [30/40],success,s05_2psafe,,,,,skewed,s05,2.0,,,,1.28,,,,,"[0.64, 0.16, 0.12, 0.08]",{},,,,,,,,,"{""1000"": 0, ""1001"": 1, ""1002"": 1, ""1003"": 1}",-5.5808,[],"{""1000"": 1, ""1001"": 0, ""1002"": 0, ""1003"": 0}",-5.5808,True,"{""1000"": 1, ""1001"": 0, ""1002"": 0, ""1003"": 0}",-5.5808,True,True
2.2960593700408936,,,,,"{""1000"": 1, ""1001"": 0, ""1002"": 0, ""1003"": 0}",,-2.233223215784536,-1.2174497719893482,100,100,-2.3368,True,,,0.08943302590686181,,2,4,,,8,True,0.0,SchedulingOutput,default,2291.405295000004,qaoa_pennylane_lightning.gpu_x_mixer,"{""device"": ""lightning.gpu"", ""final_beta"": [0.4820001439743616, 0.6740071075739462], ""final_gamma"": [2.7581473238980467, -1.3047326566307222], ""init_beta"": 0.5, ""init_gamma"": 0.5, ""init_strategy"": ""fixed"", ""initial_beta"": [0.5, 0.5], ""initial_gamma"": [0.5, 0.5], ""mixer_type"": ""x"", ""opt_steps"": 100, ""p_layers"": 2, ""random_seed"": null, ""selection_pool"": ""top_k_probable_states"", ""top_k"": 16}",1,1,sweep_20260626_163548_3b2fdff6,src/experiments/scenarios/research_c2_penalty_distribution_cases.toml,C2.31,Penalty robustness across weight distributions [31/40],success,s06_psafe,,,,,skewed,s06,1.0,,,,0.46,,,,,"[0.46, 0.3, 0.15, 0.09]",{},,,,,,,,,"{""1000"": 1, ""1001"": 0, ""1002"": 0, ""1003"": 0}",-2.3368,[],"{""1000"": 1, ""1001"": 0, ""1002"": 0, ""1003"": 0}",-2.3368,True,"{""1000"": 1, ""1001"": 0, ""1002"": 0, ""1003"": 0}",-2.3368,True,True
2.2894532680511475,,,,,"{""1000"": 0, ""1001"": 1, ""1002"": 1, ""1003"": 1}",,-4.060975531320365,-2.075188361887174,83,100,-4.1768,True,,,0.08117738164413123,,2,4,,,8,True,0.0,SchedulingOutput,default,2284.9567449998176,qaoa_pennylane_lightning.gpu_x_mixer,"{""device"": ""lightning.gpu"", ""final_beta"": [0.36166656018341903, 0.8311834530877626], ""final_gamma"": [1.8544145059689352, -0.913748762417786], ""init_beta"": 0.5, ""init_gamma"": 0.5, ""init_strategy"": ""fixed"", ""initial_beta"": [0.5, 0.5], ""initial_gamma"": [0.5, 0.5], ""mixer_type"": ""x"", ""opt_steps"": 100, ""p_layers"": 2, ""random_seed"": null, ""selection_pool"": ""top_k_probable_states"", ""top_k"": 16}",1,1,sweep_20260626_163548_3b2fdff6,src/experiments/scenarios/research_c2_penalty_distribution_cases.toml,C2.32,Penalty robustness across weight distributions [32/40],success,s06_2psafe,,,,,skewed,s06,2.0,,,,0.92,,,,,"[0.46, 0.3, 0.15, 0.09]",{},,,,,,,,,"{""1000"": 0, ""1001"": 1, ""1002"": 1, ""1003"": 1}",-4.1768,[],"{""1000"": 1, ""1001"": 0, ""1002"": 0, ""1003"": 0}",-4.1768,True,"{""1000"": 1, ""1001"": 0, ""1002"": 0, ""1003"": 0}",-4.1768,True,True
2.2060580253601074,,,,,"{""1000"": 0, ""1001"": 1, ""1002"": 1, ""1003"": 1}",,-2.6683413649076306,-1.4051067582976258,99,100,-2.8071999999999995,True,,,0.09004875974690797,,2,4,,,8,True,0.0,SchedulingOutput,default,2201.47529399992,qaoa_pennylane_lightning.gpu_x_mixer,"{""device"": ""lightning.gpu"", ""final_beta"": [0.4441845943328966, 0.7180476426216256], ""final_gamma"": [2.410876302569444, -1.1537098097343355], ""init_beta"": 0.5, ""init_gamma"": 0.5, ""init_strategy"": ""fixed"", ""initial_beta"": [0.5, 0.5], ""initial_gamma"": [0.5, 0.5], ""mixer_type"": ""x"", ""opt_steps"": 100, ""p_layers"": 2, ""random_seed"": null, ""selection_pool"": ""top_k_probable_states"", ""top_k"": 16}",1,1,sweep_20260626_163548_3b2fdff6,src/experiments/scenarios/research_c2_penalty_distribution_cases.toml,C2.33,Penalty robustness across weight distributions [33/40],success,s07_psafe,,,,,skewed,s07,1.0,,,,0.58,,,,,"[0.58, 0.22, 0.13, 0.07]",{},,,,,,,,,"{""1000"": 0, ""1001"": 1, ""1002"": 1, ""1003"": 1}",-2.8071999999999995,[],"{""1000"": 1, ""1001"": 0, ""1002"": 0, ""1003"": 0}",-2.8071999999999995,True,"{""1000"": 1, ""1001"": 0, ""1002"": 0, ""1003"": 0}",-2.8071999999999995,True,True
2.3143370151519775,,,,,"{""1000"": 1, ""1001"": 0, ""1002"": 0, ""1003"": 0}",,-4.97152886410205,-2.5096639238613654,75,100,-5.127199999999999,True,,,0.08085591902334888,,2,4,,,8,True,0.0,SchedulingOutput,default,2309.2361619997064,qaoa_pennylane_lightning.gpu_x_mixer,"{""device"": ""lightning.gpu"", ""final_beta"": [0.34678433107623974, 0.8596916846241113], ""final_gamma"": [1.5580637899416332, -0.7766270286743829], ""init_beta"": 0.5, ""init_gamma"": 0.5, ""init_strategy"": ""fixed"", ""initial_beta"": [0.5, 0.5], ""initial_gamma"": [0.5, 0.5], ""mixer_type"": ""x"", ""opt_steps"": 100, ""p_layers"": 2, ""random_seed"": null, ""selection_pool"": ""top_k_probable_states"", ""top_k"": 16}",1,1,sweep_20260626_163548_3b2fdff6,src/experiments/scenarios/research_c2_penalty_distribution_cases.toml,C2.34,Penalty robustness across weight distributions [34/40],success,s07_2psafe,,,,,skewed,s07,2.0,,,,1.16,,,,,"[0.58, 0.22, 0.13, 0.07]",{},,,,,,,,,"{""1000"": 1, ""1001"": 0, ""1002"": 0, ""1003"": 0}",-5.127199999999999,[],"{""1000"": 1, ""1001"": 0, ""1002"": 0, ""1003"": 0}",-5.127199999999999,True,"{""1000"": 1, ""1001"": 0, ""1002"": 0, ""1003"": 0}",-5.127199999999999,True,True
2.2528176307678223,,,,,"{""1000"": 1, ""1001"": 0, ""1002"": 0, ""1003"": 0}",,-2.38244329720876,-1.2811568499639325,100,100,-2.5,True,,,0.0889374680650599,,2,4,,,8,True,0.0,SchedulingOutput,default,2248.091320000185,qaoa_pennylane_lightning.gpu_x_mixer,"{""device"": ""lightning.gpu"", ""final_beta"": [0.4648871654115677, 0.6932163189928602], ""final_gamma"": [2.635533098161065, -1.2524306919254302], ""init_beta"": 0.5, ""init_gamma"": 0.5, ""init_strategy"": ""fixed"", ""initial_beta"": [0.5, 0.5], ""initial_gamma"": [0.5, 0.5], ""mixer_type"": ""x"", ""opt_steps"": 100, ""p_layers"": 2, ""random_seed"": null, ""selection_pool"": ""top_k_probable_states"", ""top_k"": 16}",1,1,sweep_20260626_163548_3b2fdff6,src/experiments/scenarios/research_c2_penalty_distribution_cases.toml,C2.35,Penalty robustness across weight distributions [35/40],success,s08_psafe,,,,,skewed,s08,1.0,,,,0.5,,,,,"[0.5, 0.28, 0.14, 0.08]",{},,,,,,,,,"{""1000"": 1, ""1001"": 0, ""1002"": 0, ""1003"": 0}",-2.5,[],"{""1000"": 1, ""1001"": 0, ""1002"": 0, ""1003"": 0}",-2.5,True,"{""1000"": 1, ""1001"": 0, ""1002"": 0, ""1003"": 0}",-2.5,True,True
2.1641428470611572,,,,,"{""1000"": 0, ""1001"": 1, ""1002"": 1, ""1003"": 1}",,-4.367209740632524,-2.2173367959963506,72,100,-4.5,True,,,0.08110336177970749,,2,4,,,8,True,0.0,SchedulingOutput,default,2159.607632999723,qaoa_pennylane_lightning.gpu_x_mixer,"{""device"": ""lightning.gpu"", ""final_beta"": [0.35528580952133093, 0.8441958816266546], ""final_gamma"": [1.7510965940480268, -0.8697624327729468], ""init_beta"": 0.5, ""init_gamma"": 0.5, ""init_strategy"": ""fixed"", ""initial_beta"": [0.5, 0.5], ""initial_gamma"": [0.5, 0.5], ""mixer_type"": ""x"", ""opt_steps"": 100, ""p_layers"": 2, ""random_seed"": null, ""selection_pool"": ""top_k_probable_states"", ""top_k"": 16}",1,1,sweep_20260626_163548_3b2fdff6,src/experiments/scenarios/research_c2_penalty_distribution_cases.toml,C2.36,Penalty robustness across weight distributions [36/40],success,s08_2psafe,,,,,skewed,s08,2.0,,,,1.0,,,,,"[0.5, 0.28, 0.14, 0.08]",{},,,,,,,,,"{""1000"": 0, ""1001"": 1, ""1002"": 1, ""1003"": 1}",-4.5,[],"{""1000"": 1, ""1001"": 0, ""1002"": 0, ""1003"": 0}",-4.5,True,"{""1000"": 1, ""1001"": 0, ""1002"": 0, ""1003"": 0}",-4.5,True,True
2.2882025241851807,,,,,"{""1000"": 0, ""1001"": 1, ""1002"": 1, ""1003"": 1}",,-2.8062640602945788,-1.4628818404432997,98,100,-2.9512,True,,,0.08970037443064095,,2,4,,,8,True,0.0,SchedulingOutput,default,2283.5789109999496,qaoa_pennylane_lightning.gpu_x_mixer,"{""device"": ""lightning.gpu"", ""final_beta"": [0.43408744129052873, 0.7312658430905413], ""final_gamma"": [2.3160252400743895, -1.1120176150679466], ""init_beta"": 0.5, ""init_gamma"": 0.5, ""init_strategy"": ""fixed"", ""initial_beta"": [0.5, 0.5], ""initial_gamma"": [0.5, 0.5], ""mixer_type"": ""x"", ""opt_steps"": 100, ""p_layers"": 2, ""random_seed"": null, ""selection_pool"": ""top_k_probable_states"", ""top_k"": 16}",1,1,sweep_20260626_163548_3b2fdff6,src/experiments/scenarios/research_c2_penalty_distribution_cases.toml,C2.37,Penalty robustness across weight distributions [37/40],success,s09_psafe,,,,,skewed,s09,1.0,,,,0.62,,,,,"[0.62, 0.2, 0.11, 0.07]",{},,,,,,,,,"{""1000"": 0, ""1001"": 1, ""1002"": 1, ""1003"": 1}",-2.9512,[],"{""1000"": 1, ""1001"": 0, ""1002"": 0, ""1003"": 0}",-2.9512,True,"{""1000"": 1, ""1001"": 0, ""1002"": 0, ""1003"": 0}",-2.9512,True,True
2.263845443725586,,,,,"{""1000"": 0, ""1001"": 1, ""1002"": 1, ""1003"": 1}",,-5.269591364919526,-2.658221940513755,79,100,-5.4312000000000005,True,,,0.08010532421542288,,2,4,,,8,True,0.0,SchedulingOutput,default,2259.2048449996582,qaoa_pennylane_lightning.gpu_x_mixer,"{""device"": ""lightning.gpu"", ""final_beta"": [0.3431637043846349, 0.864767895582768], ""final_gamma"": [1.4706674458100326, -0.7280394807970647], ""init_beta"": 0.5, ""init_gamma"": 0.5, ""init_strategy"": ""fixed"", ""initial_beta"": [0.5, 0.5], ""initial_gamma"": [0.5, 0.5], ""mixer_type"": ""x"", ""opt_steps"": 100, ""p_layers"": 2, ""random_seed"": null, ""selection_pool"": ""top_k_probable_states"", ""top_k"": 16}",1,1,sweep_20260626_163548_3b2fdff6,src/experiments/scenarios/research_c2_penalty_distribution_cases.toml,C2.38,Penalty robustness across weight distributions [38/40],success,s09_2psafe,,,,,skewed,s09,2.0,,,,1.24,,,,,"[0.62, 0.2, 0.11, 0.07]",{},,,,,,,,,"{""1000"": 0, ""1001"": 1, ""1002"": 1, ""1003"": 1}",-5.4312000000000005,[],"{""1000"": 1, ""1001"": 0, ""1002"": 0, ""1003"": 0}",-5.4312000000000005,True,"{""1000"": 1, ""1001"": 0, ""1002"": 0, ""1003"": 0}",-5.4312000000000005,True,True
2.2243902683258057,,,,,"{""1000"": 1, ""1001"": 0, ""1002"": 0, ""1003"": 0}",,-2.528112156554032,-1.3432211483561585,100,100,-2.6567999999999996,True,,,0.09009338020080833,,2,4,,,8,True,0.0,SchedulingOutput,default,2219.786130999637,qaoa_pennylane_lightning.gpu_x_mixer,"{""device"": ""lightning.gpu"", ""final_beta"": [0.45274396104008013, 0.7073690026254602], ""final_gamma"": [2.5259899251662996, -1.2077356325369168], ""init_beta"": 0.5, ""init_gamma"": 0.5, ""init_strategy"": ""fixed"", ""initial_beta"": [0.5, 0.5], ""initial_gamma"": [0.5, 0.5], ""mixer_type"": ""x"", ""opt_steps"": 100, ""p_layers"": 2, ""random_seed"": null, ""selection_pool"": ""top_k_probable_states"", ""top_k"": 16}",1,1,sweep_20260626_163548_3b2fdff6,src/experiments/scenarios/research_c2_penalty_distribution_cases.toml,C2.39,Penalty robustness across weight distributions [39/40],success,s10_psafe,,,,,skewed,s10,1.0,,,,0.54,,,,,"[0.54, 0.26, 0.12, 0.08]",{},,,,,,,,,"{""1000"": 1, ""1001"": 0, ""1002"": 0, ""1003"": 0}",-2.6567999999999996,[],"{""1000"": 1, ""1001"": 0, ""1002"": 0, ""1003"": 0}",-2.6567999999999996,True,"{""1000"": 1, ""1001"": 0, ""1002"": 0, ""1003"": 0}",-2.6567999999999996,True,True
2.2041780948638916,,,,,"{""1000"": 1, ""1001"": 0, ""1002"": 0, ""1003"": 0}",,-4.670728456067572,-2.3612604484117514,73,100,-4.8168,True,,,0.08135081111650802,,2,4,,,8,True,0.0,SchedulingOutput,default,2199.5414870002605,qaoa_pennylane_lightning.gpu_x_mixer,"{""device"": ""lightning.gpu"", ""final_beta"": [0.35062930648539237, 0.8534703039060226], ""final_gamma"": [1.6531797010560978, -0.8256084569196873], ""init_beta"": 0.5, ""init_gamma"": 0.5, ""init_strategy"": ""fixed"", ""initial_beta"": [0.5, 0.5], ""initial_gamma"": [0.5, 0.5], ""mixer_type"": ""x"", ""opt_steps"": 100, ""p_layers"": 2, ""random_seed"": null, ""selection_pool"": ""top_k_probable_states"", ""top_k"": 16}",1,1,sweep_20260626_163548_3b2fdff6,src/experiments/scenarios/research_c2_penalty_distribution_cases.toml,C2.40,Penalty robustness across weight distributions [40/40],success,s10_2psafe,,,,,skewed,s10,2.0,,,,1.08,,,,,"[0.54, 0.26, 0.12, 0.08]",{},,,,,,,,,"{""1000"": 1, ""1001"": 0, ""1002"": 0, ""1003"": 0}",-4.8168,[],"{""1000"": 1, ""1001"": 0, ""1002"": 0, ""1003"": 0}",-4.8168,True,"{""1000"": 1, ""1001"": 0, ""1002"": 0, ""1003"": 0}",-4.8168,True,True
0.8783419132232666,,,,,"{""1000"": 0, ""1001"": 1}",,-10.24999737952156,-10.14096182785224,15,100,-10.5,True,,,0.25108786849916254,,2,2,,,4,True,0.0,SchedulingOutput,default,877.040106000095,qaoa_pennylane_lightning.gpu_xy_mixer,"{""device"": ""lightning.gpu"", ""final_beta"": [0.5887769503990157, 0.5887769503990006], ""final_gamma"": [0.5000002756278173, 9.167478338948482e-05], ""init_beta"": 0.5, ""init_gamma"": 0.5, ""init_strategy"": ""fixed"", ""initial_beta"": [0.5, 0.5], ""initial_gamma"": [0.5, 0.5], ""mixer_type"": ""xy"", ""opt_steps"": 100, ""p_layers"": 2, ""random_seed"": null, ""selection_pool"": ""top_k_probable_states"", ""top_k"": 32}",5,1,sweep_20260626_163548_3b2fdff6,src/experiments/scenarios/research_d1_sweep_n.toml,D1.1,Sweep N with fixed K and qubit_max [1/7],success,,,,,,,,,2,,,,,,,,,{},,,,,,,,,"{""1000"": 0, ""1001"": 1}",-10.5,[],"{""1000"": 1, ""1001"": 0}",-10.5,True,"{""1000"": 1, ""1001"": 0}",-10.5,True,True
0.8978490829467773,,,,,"{""1000"": 0, ""1001"": 1}",,-10.24999737952156,-10.14096182785224,15,100,-10.5,True,,,0.25108786849916254,,2,2,,,4,True,0.0,SchedulingOutput,default,896.7506789999788,qaoa_pennylane_lightning.gpu_xy_mixer,"{""device"": ""lightning.gpu"", ""final_beta"": [0.5887769503990157, 0.5887769503990006], ""final_gamma"": [0.5000002756278173, 9.167478338948482e-05], ""init_beta"": 0.5, ""init_gamma"": 0.5, ""init_strategy"": ""fixed"", ""initial_beta"": [0.5, 0.5], ""initial_gamma"": [0.5, 0.5], ""mixer_type"": ""xy"", ""opt_steps"": 100, ""p_layers"": 2, ""random_seed"": null, ""selection_pool"": ""top_k_probable_states"", ""top_k"": 32}",5,2,sweep_20260626_163548_3b2fdff6,src/experiments/scenarios/research_d1_sweep_n.toml,D1.1,Sweep N with fixed K and qubit_max [1/7],success,,,,,,,,,2,,,,,,,,,{},,,,,,,,,"{""1000"": 0, ""1001"": 1}",-10.5,[],"{""1000"": 1, ""1001"": 0}",-10.5,True,"{""1000"": 1, ""1001"": 0}",-10.5,True,True
0.9308445453643799,,,,,"{""1000"": 0, ""1001"": 1}",,-10.24999737952156,-10.14096182785224,15,100,-10.5,True,,,0.25108786849916254,,2,2,,,4,True,0.0,SchedulingOutput,default,929.8420820000501,qaoa_pennylane_lightning.gpu_xy_mixer,"{""device"": ""lightning.gpu"", ""final_beta"": [0.5887769503990157, 0.5887769503990006], ""final_gamma"": [0.5000002756278173, 9.167478338948482e-05], ""init_beta"": 0.5, ""init_gamma"": 0.5, ""init_strategy"": ""fixed"", ""initial_beta"": [0.5, 0.5], ""initial_gamma"": [0.5, 0.5], ""mixer_type"": ""xy"", ""opt_steps"": 100, ""p_layers"": 2, ""random_seed"": null, ""selection_pool"": ""top_k_probable_states"", ""top_k"": 32}",5,3,sweep_20260626_163548_3b2fdff6,src/experiments/scenarios/research_d1_sweep_n.toml,D1.1,Sweep N with fixed K and qubit_max [1/7],success,,,,,,,,,2,,,,,,,,,{},,,,,,,,,"{""1000"": 0, ""1001"": 1}",-10.5,[],"{""1000"": 1, ""1001"": 0}",-10.5,True,"{""1000"": 1, ""1001"": 0}",-10.5,True,True
0.8612680435180664,,,,,"{""1000"": 0, ""1001"": 1}",,-10.24999737952156,-10.14096182785224,15,100,-10.5,True,,,0.25108786849916254,,2,2,,,4,True,0.0,SchedulingOutput,default,860.2561939997031,qaoa_pennylane_lightning.gpu_xy_mixer,"{""device"": ""lightning.gpu"", ""final_beta"": [0.5887769503990157, 0.5887769503990006], ""final_gamma"": [0.5000002756278173, 9.167478338948482e-05], ""init_beta"": 0.5, ""init_gamma"": 0.5, ""init_strategy"": ""fixed"", ""initial_beta"": [0.5, 0.5], ""initial_gamma"": [0.5, 0.5], ""mixer_type"": ""xy"", ""opt_steps"": 100, ""p_layers"": 2, ""random_seed"": null, ""selection_pool"": ""top_k_probable_states"", ""top_k"": 32}",5,4,sweep_20260626_163548_3b2fdff6,src/experiments/scenarios/research_d1_sweep_n.toml,D1.1,Sweep N with fixed K and qubit_max [1/7],success,,,,,,,,,2,,,,,,,,,{},,,,,,,,,"{""1000"": 0, ""1001"": 1}",-10.5,[],"{""1000"": 1, ""1001"": 0}",-10.5,True,"{""1000"": 1, ""1001"": 0}",-10.5,True,True
0.9177544116973877,,,,,"{""1000"": 0, ""1001"": 1}",,-10.24999737952156,-10.14096182785224,15,100,-10.5,True,,,0.25108786849916254,,2,2,,,4,True,0.0,SchedulingOutput,default,916.7574309999509,qaoa_pennylane_lightning.gpu_xy_mixer,"{""device"": ""lightning.gpu"", ""final_beta"": [0.5887769503990157, 0.5887769503990006], ""final_gamma"": [0.5000002756278173, 9.167478338948482e-05], ""init_beta"": 0.5, ""init_gamma"": 0.5, ""init_strategy"": ""fixed"", ""initial_beta"": [0.5, 0.5], ""initial_gamma"": [0.5, 0.5], ""mixer_type"": ""xy"", ""opt_steps"": 100, ""p_layers"": 2, ""random_seed"": null, ""selection_pool"": ""top_k_probable_states"", ""top_k"": 32}",5,5,sweep_20260626_163548_3b2fdff6,src/experiments/scenarios/research_d1_sweep_n.toml,D1.1,Sweep N with fixed K and qubit_max [1/7],success,,,,,,,,,2,,,,,,,,,{},,,,,,,,,"{""1000"": 0, ""1001"": 1}",-10.5,[],"{""1000"": 1, ""1001"": 0}",-10.5,True,"{""1000"": 1, ""1001"": 0}",-10.5,True,True
1.261702060699463,,,,,"{""1000"": 0, ""1001"": 1, ""1002"": 1}",,-15.33333019174604,-15.191371111502356,15,100,-15.444444444444446,True,,,0.12559750288174026,,2,3,,,6,True,0.0,SchedulingOutput,default,1259.9530460001915,qaoa_pennylane_lightning.gpu_xy_mixer,"{""device"": ""lightning.gpu"", ""final_beta"": [0.5888497712580306, 0.5888497712580375], ""final_gamma"": [0.4999995763468528, -0.00022868983070588908], ""init_beta"": 0.5, ""init_gamma"": 0.5, ""init_strategy"": ""fixed"", ""initial_beta"": [0.5, 0.5], ""initial_gamma"": [0.5, 0.5], ""mixer_type"": ""xy"", ""opt_steps"": 100, ""p_layers"": 2, ""random_seed"": null, ""selection_pool"": ""top_k_probable_states"", ""top_k"": 32}",5,1,sweep_20260626_163548_3b2fdff6,src/experiments/scenarios/research_d1_sweep_n.toml,D1.2,Sweep N with fixed K and qubit_max [2/7],success,,,,,,,,,3,,,,,,,,,{},,,,,,,,,"{""1000"": 0, ""1001"": 1, ""1002"": 1}",-15.444444444444446,[],"{""1000"": 1, ""1001"": 1, ""1002"": 0}",-15.444444444444446,True,"{""1000"": 1, ""1001"": 1, ""1002"": 0}",-15.444444444444446,True,True
1.2489967346191406,,,,,"{""1000"": 0, ""1001"": 1, ""1002"": 1}",,-15.33333019174604,-15.191371111502356,15,100,-15.444444444444446,True,,,0.12559750288174026,,2,3,,,6,True,0.0,SchedulingOutput,default,1247.2031960001004,qaoa_pennylane_lightning.gpu_xy_mixer,"{""device"": ""lightning.gpu"", ""final_beta"": [0.5888497712580306, 0.5888497712580375], ""final_gamma"": [0.4999995763468528, -0.00022868983070588908], ""init_beta"": 0.5, ""init_gamma"": 0.5, ""init_strategy"": ""fixed"", ""initial_beta"": [0.5, 0.5], ""initial_gamma"": [0.5, 0.5], ""mixer_type"": ""xy"", ""opt_steps"": 100, ""p_layers"": 2, ""random_seed"": null, ""selection_pool"": ""top_k_probable_states"", ""top_k"": 32}",5,2,sweep_20260626_163548_3b2fdff6,src/experiments/scenarios/research_d1_sweep_n.toml,D1.2,Sweep N with fixed K and qubit_max [2/7],success,,,,,,,,,3,,,,,,,,,{},,,,,,,,,"{""1000"": 0, ""1001"": 1, ""1002"": 1}",-15.444444444444446,[],"{""1000"": 1, ""1001"": 1, ""1002"": 0}",-15.444444444444446,True,"{""1000"": 1, ""1001"": 1, ""1002"": 0}",-15.444444444444446,True,True
1.2797043323516846,,,,,"{""1000"": 0, ""1001"": 1, ""1002"": 1}",,-15.33333019174604,-15.191371111502356,15,100,-15.444444444444446,True,,,0.12559750288174026,,2,3,,,6,True,0.0,SchedulingOutput,default,1278.0194420001862,qaoa_pennylane_lightning.gpu_xy_mixer,"{""device"": ""lightning.gpu"", ""final_beta"": [0.5888497712580306, 0.5888497712580375], ""final_gamma"": [0.4999995763468528, -0.00022868983070588908], ""init_beta"": 0.5, ""init_gamma"": 0.5, ""init_strategy"": ""fixed"", ""initial_beta"": [0.5, 0.5], ""initial_gamma"": [0.5, 0.5], ""mixer_type"": ""xy"", ""opt_steps"": 100, ""p_layers"": 2, ""random_seed"": null, ""selection_pool"": ""top_k_probable_states"", ""top_k"": 32}",5,3,sweep_20260626_163548_3b2fdff6,src/experiments/scenarios/research_d1_sweep_n.toml,D1.2,Sweep N with fixed K and qubit_max [2/7],success,,,,,,,,,3,,,,,,,,,{},,,,,,,,,"{""1000"": 0, ""1001"": 1, ""1002"": 1}",-15.444444444444446,[],"{""1000"": 1, ""1001"": 1, ""1002"": 0}",-15.444444444444446,True,"{""1000"": 1, ""1001"": 1, ""1002"": 0}",-15.444444444444446,True,True
1.3215436935424805,,,,,"{""1000"": 0, ""1001"": 1, ""1002"": 1}",,-15.33333019174604,-15.191371111502356,15,100,-15.444444444444446,True,,,0.12559750288174026,,2,3,,,6,True,0.0,SchedulingOutput,default,1319.59813200001,qaoa_pennylane_lightning.gpu_xy_mixer,"{""device"": ""lightning.gpu"", ""final_beta"": [0.5888497712580306, 0.5888497712580375], ""final_gamma"": [0.4999995763468528, -0.00022868983070588908], ""init_beta"": 0.5, ""init_gamma"": 0.5, ""init_strategy"": ""fixed"", ""initial_beta"": [0.5, 0.5], ""initial_gamma"": [0.5, 0.5], ""mixer_type"": ""xy"", ""opt_steps"": 100, ""p_layers"": 2, ""random_seed"": null, ""selection_pool"": ""top_k_probable_states"", ""top_k"": 32}",5,4,sweep_20260626_163548_3b2fdff6,src/experiments/scenarios/research_d1_sweep_n.toml,D1.2,Sweep N with fixed K and qubit_max [2/7],success,,,,,,,,,3,,,,,,,,,{},,,,,,,,,"{""1000"": 0, ""1001"": 1, ""1002"": 1}",-15.444444444444446,[],"{""1000"": 1, ""1001"": 1, ""1002"": 0}",-15.444444444444446,True,"{""1000"": 1, ""1001"": 1, ""1002"": 0}",-15.444444444444446,True,True
1.2950143814086914,,,,,"{""1000"": 0, ""1001"": 1, ""1002"": 1}",,-15.33333019174604,-15.191371111502356,15,100,-15.444444444444446,True,,,0.12559750288174026,,2,3,,,6,True,0.0,SchedulingOutput,default,1293.26395399994,qaoa_pennylane_lightning.gpu_xy_mixer,"{""device"": ""lightning.gpu"", ""final_beta"": [0.5888497712580306, 0.5888497712580375], ""final_gamma"": [0.4999995763468528, -0.00022868983070588908], ""init_beta"": 0.5, ""init_gamma"": 0.5, ""init_strategy"": ""fixed"", ""initial_beta"": [0.5, 0.5], ""initial_gamma"": [0.5, 0.5], ""mixer_type"": ""xy"", ""opt_steps"": 100, ""p_layers"": 2, ""random_seed"": null, ""selection_pool"": ""top_k_probable_states"", ""top_k"": 32}",5,5,sweep_20260626_163548_3b2fdff6,src/experiments/scenarios/research_d1_sweep_n.toml,D1.2,Sweep N with fixed K and qubit_max [2/7],success,,,,,,,,,3,,,,,,,,,{},,,,,,,,,"{""1000"": 0, ""1001"": 1, ""1002"": 1}",-15.444444444444446,[],"{""1000"": 1, ""1001"": 1, ""1002"": 0}",-15.444444444444446,True,"{""1000"": 1, ""1001"": 1, ""1002"": 0}",-15.444444444444446,True,True
3.2734944820404053,True,,,,"{""1000"": 1, ""1001"": 0, ""1002"": 1, ""1003"": 0}",,,,,200,-20.5,True,"[0.5, 0.5]",0.0,,7,2,4,2,2,8,True,0.0,IterativeSchedulingOutput,iterative,2392.846000999725,,"{""sub_qubos"": 2}",5,1,sweep_20260626_163548_3b2fdff6,src/experiments/scenarios/research_d1_sweep_n.toml,D1.3,Sweep N with fixed K and qubit_max [3/7],success,,,,,,,,,4,,,,,,,,,{},,,,,,,,,"{""1000"": 1, ""1001"": 0, ""1002"": 1, ""1003"": 0}",-20.5,[],"{""1000"": 1, ""1001"": 1, ""1002"": 0, ""1003"": 0}",-20.5,True,"{""1000"": 1, ""1001"": 1, ""1002"": 0, ""1003"": 0}",-20.5,True,True
3.393585443496704,True,,,,"{""1000"": 1, ""1001"": 0, ""1002"": 1, ""1003"": 0}",,,,,200,-20.5,True,"[0.5, 0.5]",0.0,,7,2,4,2,2,8,True,0.0,IterativeSchedulingOutput,iterative,2469.6184730000823,,"{""sub_qubos"": 2}",5,2,sweep_20260626_163548_3b2fdff6,src/experiments/scenarios/research_d1_sweep_n.toml,D1.3,Sweep N with fixed K and qubit_max [3/7],success,,,,,,,,,4,,,,,,,,,{},,,,,,,,,"{""1000"": 1, ""1001"": 0, ""1002"": 1, ""1003"": 0}",-20.5,[],"{""1000"": 1, ""1001"": 1, ""1002"": 0, ""1003"": 0}",-20.5,True,"{""1000"": 1, ""1001"": 1, ""1002"": 0, ""1003"": 0}",-20.5,True,True
3.2318477630615234,True,,,,"{""1000"": 1, ""1001"": 0, ""1002"": 1, ""1003"": 0}",,,,,200,-20.5,True,"[0.5, 0.5]",0.0,,7,2,4,2,2,8,True,0.0,IterativeSchedulingOutput,iterative,2290.229917000488,,"{""sub_qubos"": 2}",5,3,sweep_20260626_163548_3b2fdff6,src/experiments/scenarios/research_d1_sweep_n.toml,D1.3,Sweep N with fixed K and qubit_max [3/7],success,,,,,,,,,4,,,,,,,,,{},,,,,,,,,"{""1000"": 1, ""1001"": 0, ""1002"": 1, ""1003"": 0}",-20.5,[],"{""1000"": 1, ""1001"": 1, ""1002"": 0, ""1003"": 0}",-20.5,True,"{""1000"": 1, ""1001"": 1, ""1002"": 0, ""1003"": 0}",-20.5,True,True
3.234368324279785,True,,,,"{""1000"": 1, ""1001"": 0, ""1002"": 1, ""1003"": 0}",,,,,200,-20.5,True,"[0.5, 0.5]",0.0,,7,2,4,2,2,8,True,0.0,IterativeSchedulingOutput,iterative,2374.668193999696,,"{""sub_qubos"": 2}",5,4,sweep_20260626_163548_3b2fdff6,src/experiments/scenarios/research_d1_sweep_n.toml,D1.3,Sweep N with fixed K and qubit_max [3/7],success,,,,,,,,,4,,,,,,,,,{},,,,,,,,,"{""1000"": 1, ""1001"": 0, ""1002"": 1, ""1003"": 0}",-20.5,[],"{""1000"": 1, ""1001"": 1, ""1002"": 0, ""1003"": 0}",-20.5,True,"{""1000"": 1, ""1001"": 1, ""1002"": 0, ""1003"": 0}",-20.5,True,True
3.3536746501922607,True,,,,"{""1000"": 1, ""1001"": 0, ""1002"": 1, ""1003"": 0}",,,,,200,-20.5,True,"[0.5, 0.5]",0.0,,7,2,4,2,2,8,True,0.0,IterativeSchedulingOutput,iterative,2479.2839540004934,,"{""sub_qubos"": 2}",5,5,sweep_20260626_163548_3b2fdff6,src/experiments/scenarios/research_d1_sweep_n.toml,D1.3,Sweep N with fixed K and qubit_max [3/7],success,,,,,,,,,4,,,,,,,,,{},,,,,,,,,"{""1000"": 1, ""1001"": 0, ""1002"": 1, ""1003"": 0}",-20.5,[],"{""1000"": 1, ""1001"": 1, ""1002"": 0, ""1003"": 0}",-20.5,True,"{""1000"": 1, ""1001"": 1, ""1002"": 0, ""1003"": 0}",-20.5,True,True
3.700234889984131,True,,,,"{""1000"": 1, ""1001"": 0, ""1002"": 1, ""1003"": 0, ""1004"": 0}",,,,,200,-25.479999999999997,True,"[0.6000000000000001, 0.4]",0.20000000000000007,,6,2,5,2,2,10,True,0.0,IterativeSchedulingOutput,iterative,2809.8971690001235,,"{""sub_qubos"": 2}",5,1,sweep_20260626_163548_3b2fdff6,src/experiments/scenarios/research_d1_sweep_n.toml,D1.4,Sweep N with fixed K and qubit_max [4/7],success,,,,,,,,,5,,,,,,,,,{},,,,,,,,,"{""1000"": 1, ""1001"": 0, ""1002"": 1, ""1003"": 0, ""1004"": 0}",-25.479999999999997,[],"{""1000"": 1, ""1001"": 1, ""1002"": 0, ""1003"": 0, ""1004"": 1}",-25.480000000000004,True,"{""1000"": 1, ""1001"": 1, ""1002"": 0, ""1003"": 0, ""1004"": 1}",-25.480000000000004,True,True
3.84371280670166,True,,,,"{""1000"": 1, ""1001"": 0, ""1002"": 1, ""1003"": 0, ""1004"": 0}",,,,,200,-25.479999999999997,True,"[0.6000000000000001, 0.4]",0.20000000000000007,,6,2,5,2,2,10,True,0.0,IterativeSchedulingOutput,iterative,2825.7477679999283,,"{""sub_qubos"": 2}",5,2,sweep_20260626_163548_3b2fdff6,src/experiments/scenarios/research_d1_sweep_n.toml,D1.4,Sweep N with fixed K and qubit_max [4/7],success,,,,,,,,,5,,,,,,,,,{},,,,,,,,,"{""1000"": 1, ""1001"": 0, ""1002"": 1, ""1003"": 0, ""1004"": 0}",-25.479999999999997,[],"{""1000"": 1, ""1001"": 1, ""1002"": 0, ""1003"": 0, ""1004"": 1}",-25.480000000000004,True,"{""1000"": 1, ""1001"": 1, ""1002"": 0, ""1003"": 0, ""1004"": 1}",-25.480000000000004,True,True
3.7541866302490234,True,,,,"{""1000"": 1, ""1001"": 0, ""1002"": 1, ""1003"": 0, ""1004"": 0}",,,,,200,-25.479999999999997,True,"[0.6000000000000001, 0.4]",0.20000000000000007,,6,2,5,2,2,10,True,0.0,IterativeSchedulingOutput,iterative,2864.477131000058,,"{""sub_qubos"": 2}",5,3,sweep_20260626_163548_3b2fdff6,src/experiments/scenarios/research_d1_sweep_n.toml,D1.4,Sweep N with fixed K and qubit_max [4/7],success,,,,,,,,,5,,,,,,,,,{},,,,,,,,,"{""1000"": 1, ""1001"": 0, ""1002"": 1, ""1003"": 0, ""1004"": 0}",-25.479999999999997,[],"{""1000"": 1, ""1001"": 1, ""1002"": 0, ""1003"": 0, ""1004"": 1}",-25.480000000000004,True,"{""1000"": 1, ""1001"": 1, ""1002"": 0, ""1003"": 0, ""1004"": 1}",-25.480000000000004,True,True
3.7751803398132324,True,,,,"{""1000"": 1, ""1001"": 0, ""1002"": 1, ""1003"": 0, ""1004"": 0}",,,,,200,-25.479999999999997,True,"[0.6000000000000001, 0.4]",0.20000000000000007,,6,2,5,2,2,10,True,0.0,IterativeSchedulingOutput,iterative,2865.9940259994983,,"{""sub_qubos"": 2}",5,4,sweep_20260626_163548_3b2fdff6,src/experiments/scenarios/research_d1_sweep_n.toml,D1.4,Sweep N with fixed K and qubit_max [4/7],success,,,,,,,,,5,,,,,,,,,{},,,,,,,,,"{""1000"": 1, ""1001"": 0, ""1002"": 1, ""1003"": 0, ""1004"": 0}",-25.479999999999997,[],"{""1000"": 1, ""1001"": 1, ""1002"": 0, ""1003"": 0, ""1004"": 1}",-25.480000000000004,True,"{""1000"": 1, ""1001"": 1, ""1002"": 0, ""1003"": 0, ""1004"": 1}",-25.480000000000004,True,True
3.8838133811950684,True,,,,"{""1000"": 1, ""1001"": 0, ""1002"": 1, ""1003"": 0, ""1004"": 0}",,,,,200,-25.479999999999997,True,"[0.6000000000000001, 0.4]",0.20000000000000007,,6,2,5,2,2,10,True,0.0,IterativeSchedulingOutput,iterative,2979.3781539997326,,"{""sub_qubos"": 2}",5,5,sweep_20260626_163548_3b2fdff6,src/experiments/scenarios/research_d1_sweep_n.toml,D1.4,Sweep N with fixed K and qubit_max [4/7],success,,,,,,,,,5,,,,,,,,,{},,,,,,,,,"{""1000"": 1, ""1001"": 0, ""1002"": 1, ""1003"": 0, ""1004"": 0}",-25.479999999999997,[],"{""1000"": 1, ""1001"": 1, ""1002"": 0, ""1003"": 0, ""1004"": 1}",-25.480000000000004,True,"{""1000"": 1, ""1001"": 1, ""1002"": 0, ""1003"": 0, ""1004"": 1}",-25.480000000000004,True,True
4.254434585571289,True,,,,"{""1000"": 1, ""1001"": 1, ""1002"": 0, ""1003"": 1, ""1004"": 0, ""1005"": 0}",,,,,200,-30.500000000000007,True,"[0.5, 0.5]",0.0,,4,2,6,2,2,12,True,0.0,IterativeSchedulingOutput,iterative,3295.9187340002245,,"{""sub_qubos"": 2}",5,1,sweep_20260626_163548_3b2fdff6,src/experiments/scenarios/research_d1_sweep_n.toml,D1.5,Sweep N with fixed K and qubit_max [5/7],success,,,,,,,,,6,,,,,,,,,{},,,,,,,,,"{""1000"": 1, ""1001"": 1, ""1002"": 0, ""1003"": 1, ""1004"": 0, ""1005"": 0}",-30.500000000000007,[],"{""1000"": 1, ""1001"": 1, ""1002"": 1, ""1003"": 0, ""1004"": 0, ""1005"": 0}",-30.500000000000007,True,"{""1000"": 1, ""1001"": 1, ""1002"": 1, ""1003"": 0, ""1004"": 0, ""1005"": 0}",-30.500000000000007,True,True
4.322784423828125,True,,,,"{""1000"": 1, ""1001"": 1, ""1002"": 0, ""1003"": 1, ""1004"": 0, ""1005"": 0}",,,,,200,-30.500000000000007,True,"[0.5, 0.5]",0.0,,4,2,6,2,2,12,True,0.0,IterativeSchedulingOutput,iterative,3277.1765859997686,,"{""sub_qubos"": 2}",5,2,sweep_20260626_163548_3b2fdff6,src/experiments/scenarios/research_d1_sweep_n.toml,D1.5,Sweep N with fixed K and qubit_max [5/7],success,,,,,,,,,6,,,,,,,,,{},,,,,,,,,"{""1000"": 1, ""1001"": 1, ""1002"": 0, ""1003"": 1, ""1004"": 0, ""1005"": 0}",-30.500000000000007,[],"{""1000"": 1, ""1001"": 1, ""1002"": 1, ""1003"": 0, ""1004"": 0, ""1005"": 0}",-30.500000000000007,True,"{""1000"": 1, ""1001"": 1, ""1002"": 1, ""1003"": 0, ""1004"": 0, ""1005"": 0}",-30.500000000000007,True,True
4.295383930206299,True,,,,"{""1000"": 1, ""1001"": 1, ""1002"": 0, ""1003"": 1, ""1004"": 0, ""1005"": 0}",,,,,200,-30.500000000000007,True,"[0.5, 0.5]",0.0,,4,2,6,2,2,12,True,0.0,IterativeSchedulingOutput,iterative,3258.9587770003163,,"{""sub_qubos"": 2}",5,3,sweep_20260626_163548_3b2fdff6,src/experiments/scenarios/research_d1_sweep_n.toml,D1.5,Sweep N with fixed K and qubit_max [5/7],success,,,,,,,,,6,,,,,,,,,{},,,,,,,,,"{""1000"": 1, ""1001"": 1, ""1002"": 0, ""1003"": 1, ""1004"": 0, ""1005"": 0}",-30.500000000000007,[],"{""1000"": 1, ""1001"": 1, ""1002"": 1, ""1003"": 0, ""1004"": 0, ""1005"": 0}",-30.500000000000007,True,"{""1000"": 1, ""1001"": 1, ""1002"": 1, ""1003"": 0, ""1004"": 0, ""1005"": 0}",-30.500000000000007,True,True
4.16329288482666,True,,,,"{""1000"": 1, ""1001"": 1, ""1002"": 0, ""1003"": 1, ""1004"": 0, ""1005"": 0}",,,,,200,-30.500000000000007,True,"[0.5, 0.5]",0.0,,4,2,6,2,2,12,True,0.0,IterativeSchedulingOutput,iterative,3238.7524140003734,,"{""sub_qubos"": 2}",5,4,sweep_20260626_163548_3b2fdff6,src/experiments/scenarios/research_d1_sweep_n.toml,D1.5,Sweep N with fixed K and qubit_max [5/7],success,,,,,,,,,6,,,,,,,,,{},,,,,,,,,"{""1000"": 1, ""1001"": 1, ""1002"": 0, ""1003"": 1, ""1004"": 0, ""1005"": 0}",-30.500000000000007,[],"{""1000"": 1, ""1001"": 1, ""1002"": 1, ""1003"": 0, ""1004"": 0, ""1005"": 0}",-30.500000000000007,True,"{""1000"": 1, ""1001"": 1, ""1002"": 1, ""1003"": 0, ""1004"": 0, ""1005"": 0}",-30.500000000000007,True,True
4.347971677780151,True,,,,"{""1000"": 1, ""1001"": 1, ""1002"": 0, ""1003"": 1, ""1004"": 0, ""1005"": 0}",,,,,200,-30.500000000000007,True,"[0.5, 0.5]",0.0,,4,2,6,2,2,12,True,0.0,IterativeSchedulingOutput,iterative,3324.3337130002146,,"{""sub_qubos"": 2}",5,5,sweep_20260626_163548_3b2fdff6,src/experiments/scenarios/research_d1_sweep_n.toml,D1.5,Sweep N with fixed K and qubit_max [5/7],success,,,,,,,,,6,,,,,,,,,{},,,,,,,,,"{""1000"": 1, ""1001"": 1, ""1002"": 0, ""1003"": 1, ""1004"": 0, ""1005"": 0}",-30.500000000000007,[],"{""1000"": 1, ""1001"": 1, ""1002"": 1, ""1003"": 0, ""1004"": 0, ""1005"": 0}",-30.500000000000007,True,"{""1000"": 1, ""1001"": 1, ""1002"": 1, ""1003"": 0, ""1004"": 0, ""1005"": 0}",-30.500000000000007,True,True
6.8073883056640625,True,,,,"{""1000"": 1, ""1001"": 1, ""1002"": 0, ""1003"": 0, ""1004"": 0, ""1005"": 1, ""1006"": 0, ""1007"": 1}",,,,,300,-40.5,True,"[0.5, 0.5]",0.0,,4,2,8,3,3,16,True,0.0,IterativeSchedulingOutput,iterative,4304.230980999819,,"{""sub_qubos"": 3}",5,1,sweep_20260626_163548_3b2fdff6,src/experiments/scenarios/research_d1_sweep_n.toml,D1.6,Sweep N with fixed K and qubit_max [6/7],success,,,,,,,,,8,,,,,,,,,{},,,,,,,,,"{""1000"": 1, ""1001"": 1, ""1002"": 0, ""1003"": 0, ""1004"": 0, ""1005"": 1, ""1006"": 0, ""1007"": 1}",-40.5,[],"{""1000"": 1, ""1001"": 1, ""1002"": 1, ""1003"": 1, ""1004"": 0, ""1005"": 0, ""1006"": 0, ""1007"": 0}",-40.5,True,"{""1000"": 1, ""1001"": 1, ""1002"": 1, ""1003"": 1, ""1004"": 0, ""1005"": 0, ""1006"": 0, ""1007"": 0}",-40.5,True,True
6.730868101119995,True,,,,"{""1000"": 1, ""1001"": 1, ""1002"": 0, ""1003"": 0, ""1004"": 0, ""1005"": 1, ""1006"": 0, ""1007"": 1}",,,,,300,-40.5,True,"[0.5, 0.5]",0.0,,4,2,8,3,3,16,True,0.0,IterativeSchedulingOutput,iterative,4146.649282999988,,"{""sub_qubos"": 3}",5,2,sweep_20260626_163548_3b2fdff6,src/experiments/scenarios/research_d1_sweep_n.toml,D1.6,Sweep N with fixed K and qubit_max [6/7],success,,,,,,,,,8,,,,,,,,,{},,,,,,,,,"{""1000"": 1, ""1001"": 1, ""1002"": 0, ""1003"": 0, ""1004"": 0, ""1005"": 1, ""1006"": 0, ""1007"": 1}",-40.5,[],"{""1000"": 1, ""1001"": 1, ""1002"": 1, ""1003"": 1, ""1004"": 0, ""1005"": 0, ""1006"": 0, ""1007"": 0}",-40.5,True,"{""1000"": 1, ""1001"": 1, ""1002"": 1, ""1003"": 1, ""1004"": 0, ""1005"": 0, ""1006"": 0, ""1007"": 0}",-40.5,True,True
6.7388036251068115,True,,,,"{""1000"": 1, ""1001"": 1, ""1002"": 0, ""1003"": 0, ""1004"": 0, ""1005"": 1, ""1006"": 0, ""1007"": 1}",,,,,300,-40.5,True,"[0.5, 0.5]",0.0,,4,2,8,3,3,16,True,0.0,IterativeSchedulingOutput,iterative,4179.508546999841,,"{""sub_qubos"": 3}",5,3,sweep_20260626_163548_3b2fdff6,src/experiments/scenarios/research_d1_sweep_n.toml,D1.6,Sweep N with fixed K and qubit_max [6/7],success,,,,,,,,,8,,,,,,,,,{},,,,,,,,,"{""1000"": 1, ""1001"": 1, ""1002"": 0, ""1003"": 0, ""1004"": 0, ""1005"": 1, ""1006"": 0, ""1007"": 1}",-40.5,[],"{""1000"": 1, ""1001"": 1, ""1002"": 1, ""1003"": 1, ""1004"": 0, ""1005"": 0, ""1006"": 0, ""1007"": 0}",-40.5,True,"{""1000"": 1, ""1001"": 1, ""1002"": 1, ""1003"": 1, ""1004"": 0, ""1005"": 0, ""1006"": 0, ""1007"": 0}",-40.5,True,True
6.719604015350342,True,,,,"{""1000"": 1, ""1001"": 1, ""1002"": 0, ""1003"": 0, ""1004"": 0, ""1005"": 1, ""1006"": 0, ""1007"": 1}",,,,,300,-40.5,True,"[0.5, 0.5]",0.0,,4,2,8,3,3,16,True,0.0,IterativeSchedulingOutput,iterative,4206.6354529997625,,"{""sub_qubos"": 3}",5,4,sweep_20260626_163548_3b2fdff6,src/experiments/scenarios/research_d1_sweep_n.toml,D1.6,Sweep N with fixed K and qubit_max [6/7],success,,,,,,,,,8,,,,,,,,,{},,,,,,,,,"{""1000"": 1, ""1001"": 1, ""1002"": 0, ""1003"": 0, ""1004"": 0, ""1005"": 1, ""1006"": 0, ""1007"": 1}",-40.5,[],"{""1000"": 1, ""1001"": 1, ""1002"": 1, ""1003"": 1, ""1004"": 0, ""1005"": 0, ""1006"": 0, ""1007"": 0}",-40.5,True,"{""1000"": 1, ""1001"": 1, ""1002"": 1, ""1003"": 1, ""1004"": 0, ""1005"": 0, ""1006"": 0, ""1007"": 0}",-40.5,True,True
6.607802391052246,True,,,,"{""1000"": 1, ""1001"": 1, ""1002"": 0, ""1003"": 0, ""1004"": 0, ""1005"": 1, ""1006"": 0, ""1007"": 1}",,,,,300,-40.5,True,"[0.5, 0.5]",0.0,,4,2,8,3,3,16,True,0.0,IterativeSchedulingOutput,iterative,4177.305818999685,,"{""sub_qubos"": 3}",5,5,sweep_20260626_163548_3b2fdff6,src/experiments/scenarios/research_d1_sweep_n.toml,D1.6,Sweep N with fixed K and qubit_max [6/7],success,,,,,,,,,8,,,,,,,,,{},,,,,,,,,"{""1000"": 1, ""1001"": 1, ""1002"": 0, ""1003"": 0, ""1004"": 0, ""1005"": 1, ""1006"": 0, ""1007"": 1}",-40.5,[],"{""1000"": 1, ""1001"": 1, ""1002"": 1, ""1003"": 1, ""1004"": 0, ""1005"": 0, ""1006"": 0, ""1007"": 0}",-40.5,True,"{""1000"": 1, ""1001"": 1, ""1002"": 1, ""1003"": 1, ""1004"": 0, ""1005"": 0, ""1006"": 0, ""1007"": 0}",-40.5,True,True
36.72110176086426,True,,,,"{""1000"": 0, ""1001"": 1, ""1002"": 1, ""1003"": 0, ""1004"": 0, ""1005"": 1, ""1006"": 0, ""1007"": 1, ""1008"": 1, ""1009"": 0}",,,,,400,-50.5,True,"[0.5, 0.5]",0.0,,6,2,10,4,4,20,True,0.0,IterativeSchedulingOutput,iterative,5843.575565000265,,"{""sub_qubos"": 4}",5,1,sweep_20260626_163548_3b2fdff6,src/experiments/scenarios/research_d1_sweep_n.toml,D1.7,Sweep N with fixed K and qubit_max [7/7],success,,,,,,,,,10,,,,,,,,,{},,,,,,,,,"{""1000"": 0, ""1001"": 1, ""1002"": 1, ""1003"": 0, ""1004"": 0, ""1005"": 1, ""1006"": 0, ""1007"": 1, ""1008"": 1, ""1009"": 0}",-50.5,[],"{""1000"": 1, ""1001"": 1, ""1002"": 1, ""1003"": 1, ""1004"": 1, ""1005"": 0, ""1006"": 0, ""1007"": 0, ""1008"": 0, ""1009"": 0}",-50.5,True,"{""1000"": 1, ""1001"": 1, ""1002"": 1, ""1003"": 1, ""1004"": 1, ""1005"": 0, ""1006"": 0, ""1007"": 0, ""1008"": 0, ""1009"": 0}",-50.5,True,True
36.00003361701965,True,,,,"{""1000"": 0, ""1001"": 1, ""1002"": 1, ""1003"": 0, ""1004"": 0, ""1005"": 1, ""1006"": 0, ""1007"": 1, ""1008"": 1, ""1009"": 0}",,,,,400,-50.5,True,"[0.5, 0.5]",0.0,,6,2,10,4,4,20,True,0.0,IterativeSchedulingOutput,iterative,5716.072131000601,,"{""sub_qubos"": 4}",5,2,sweep_20260626_163548_3b2fdff6,src/experiments/scenarios/research_d1_sweep_n.toml,D1.7,Sweep N with fixed K and qubit_max [7/7],success,,,,,,,,,10,,,,,,,,,{},,,,,,,,,"{""1000"": 0, ""1001"": 1, ""1002"": 1, ""1003"": 0, ""1004"": 0, ""1005"": 1, ""1006"": 0, ""1007"": 1, ""1008"": 1, ""1009"": 0}",-50.5,[],"{""1000"": 1, ""1001"": 1, ""1002"": 1, ""1003"": 1, ""1004"": 1, ""1005"": 0, ""1006"": 0, ""1007"": 0, ""1008"": 0, ""1009"": 0}",-50.5,True,"{""1000"": 1, ""1001"": 1, ""1002"": 1, ""1003"": 1, ""1004"": 1, ""1005"": 0, ""1006"": 0, ""1007"": 0, ""1008"": 0, ""1009"": 0}",-50.5,True,True
36.83833956718445,True,,,,"{""1000"": 0, ""1001"": 1, ""1002"": 1, ""1003"": 0, ""1004"": 0, ""1005"": 1, ""1006"": 0, ""1007"": 1, ""1008"": 1, ""1009"": 0}",,,,,400,-50.5,True,"[0.5, 0.5]",0.0,,6,2,10,4,4,20,True,0.0,IterativeSchedulingOutput,iterative,5841.169397999693,,"{""sub_qubos"": 4}",5,3,sweep_20260626_163548_3b2fdff6,src/experiments/scenarios/research_d1_sweep_n.toml,D1.7,Sweep N with fixed K and qubit_max [7/7],success,,,,,,,,,10,,,,,,,,,{},,,,,,,,,"{""1000"": 0, ""1001"": 1, ""1002"": 1, ""1003"": 0, ""1004"": 0, ""1005"": 1, ""1006"": 0, ""1007"": 1, ""1008"": 1, ""1009"": 0}",-50.5,[],"{""1000"": 1, ""1001"": 1, ""1002"": 1, ""1003"": 1, ""1004"": 1, ""1005"": 0, ""1006"": 0, ""1007"": 0, ""1008"": 0, ""1009"": 0}",-50.5,True,"{""1000"": 1, ""1001"": 1, ""1002"": 1, ""1003"": 1, ""1004"": 1, ""1005"": 0, ""1006"": 0, ""1007"": 0, ""1008"": 0, ""1009"": 0}",-50.5,True,True
36.398029804229736,True,,,,"{""1000"": 0, ""1001"": 1, ""1002"": 1, ""1003"": 0, ""1004"": 0, ""1005"": 1, ""1006"": 0, ""1007"": 1, ""1008"": 1, ""1009"": 0}",,,,,400,-50.5,True,"[0.5, 0.5]",0.0,,6,2,10,4,4,20,True,0.0,IterativeSchedulingOutput,iterative,5699.206370000411,,"{""sub_qubos"": 4}",5,4,sweep_20260626_163548_3b2fdff6,src/experiments/scenarios/research_d1_sweep_n.toml,D1.7,Sweep N with fixed K and qubit_max [7/7],success,,,,,,,,,10,,,,,,,,,{},,,,,,,,,"{""1000"": 0, ""1001"": 1, ""1002"": 1, ""1003"": 0, ""1004"": 0, ""1005"": 1, ""1006"": 0, ""1007"": 1, ""1008"": 1, ""1009"": 0}",-50.5,[],"{""1000"": 1, ""1001"": 1, ""1002"": 1, ""1003"": 1, ""1004"": 1, ""1005"": 0, ""1006"": 0, ""1007"": 0, ""1008"": 0, ""1009"": 0}",-50.5,True,"{""1000"": 1, ""1001"": 1, ""1002"": 1, ""1003"": 1, ""1004"": 1, ""1005"": 0, ""1006"": 0, ""1007"": 0, ""1008"": 0, ""1009"": 0}",-50.5,True,True
36.29401612281799,True,,,,"{""1000"": 0, ""1001"": 1, ""1002"": 1, ""1003"": 0, ""1004"": 0, ""1005"": 1, ""1006"": 0, ""1007"": 1, ""1008"": 1, ""1009"": 0}",,,,,400,-50.5,True,"[0.5, 0.5]",0.0,,6,2,10,4,4,20,True,0.0,IterativeSchedulingOutput,iterative,5679.245914999228,,"{""sub_qubos"": 4}",5,5,sweep_20260626_163548_3b2fdff6,src/experiments/scenarios/research_d1_sweep_n.toml,D1.7,Sweep N with fixed K and qubit_max [7/7],success,,,,,,,,,10,,,,,,,,,{},,,,,,,,,"{""1000"": 0, ""1001"": 1, ""1002"": 1, ""1003"": 0, ""1004"": 0, ""1005"": 1, ""1006"": 0, ""1007"": 1, ""1008"": 1, ""1009"": 0}",-50.5,[],"{""1000"": 1, ""1001"": 1, ""1002"": 1, ""1003"": 1, ""1004"": 1, ""1005"": 0, ""1006"": 0, ""1007"": 0, ""1008"": 0, ""1009"": 0}",-50.5,True,"{""1000"": 1, ""1001"": 1, ""1002"": 1, ""1003"": 1, ""1004"": 1, ""1005"": 0, ""1006"": 0, ""1007"": 0, ""1008"": 0, ""1009"": 0}",-50.5,True,True
4.507134199142456,True,,,,"{""1000"": 0, ""1001"": 1, ""1002"": 0, ""1003"": 1, ""1004"": 1, ""1005"": 0}",,,,,200,-31.125,True,"[0.7500000000000001, 0.7499999999999999]",2.220446049250313e-16,,15,2,6,2,2,12,True,0.0,IterativeSchedulingOutput,iterative,3398.4555920001185,,"{""sub_qubos"": 2}",5,1,sweep_20260626_163548_3b2fdff6,src/experiments/scenarios/research_d3_direct_iterative_overlap.toml,D3.1,Direct versus iterative overlap [1/2],success,,,,,,,,,,,6,,,,,,,{},,,,,,,,,"{""1000"": 0, ""1001"": 1, ""1002"": 0, ""1003"": 1, ""1004"": 1, ""1005"": 0}",-31.125,[],"{""1000"": 1, ""1001"": 1, ""1002"": 1, ""1003"": 0, ""1004"": 1, ""1005"": 0}",-31.125,True,"{""1000"": 1, ""1001"": 1, ""1002"": 1, ""1003"": 0, ""1004"": 1, ""1005"": 0}",-31.125,True,True
4.3381736278533936,True,,,,"{""1000"": 0, ""1001"": 1, ""1002"": 0, ""1003"": 1, ""1004"": 1, ""1005"": 0}",,,,,200,-31.125,True,"[0.7500000000000001, 0.7499999999999999]",2.220446049250313e-16,,15,2,6,2,2,12,True,0.0,IterativeSchedulingOutput,iterative,3356.490675000259,,"{""sub_qubos"": 2}",5,2,sweep_20260626_163548_3b2fdff6,src/experiments/scenarios/research_d3_direct_iterative_overlap.toml,D3.1,Direct versus iterative overlap [1/2],success,,,,,,,,,,,6,,,,,,,{},,,,,,,,,"{""1000"": 0, ""1001"": 1, ""1002"": 0, ""1003"": 1, ""1004"": 1, ""1005"": 0}",-31.125,[],"{""1000"": 1, ""1001"": 1, ""1002"": 1, ""1003"": 0, ""1004"": 1, ""1005"": 0}",-31.125,True,"{""1000"": 1, ""1001"": 1, ""1002"": 1, ""1003"": 0, ""1004"": 1, ""1005"": 0}",-31.125,True,True
4.264279842376709,True,,,,"{""1000"": 0, ""1001"": 1, ""1002"": 0, ""1003"": 1, ""1004"": 1, ""1005"": 0}",,,,,200,-31.125,True,"[0.7500000000000001, 0.7499999999999999]",2.220446049250313e-16,,15,2,6,2,2,12,True,0.0,IterativeSchedulingOutput,iterative,3263.851421000254,,"{""sub_qubos"": 2}",5,3,sweep_20260626_163548_3b2fdff6,src/experiments/scenarios/research_d3_direct_iterative_overlap.toml,D3.1,Direct versus iterative overlap [1/2],success,,,,,,,,,,,6,,,,,,,{},,,,,,,,,"{""1000"": 0, ""1001"": 1, ""1002"": 0, ""1003"": 1, ""1004"": 1, ""1005"": 0}",-31.125,[],"{""1000"": 1, ""1001"": 1, ""1002"": 1, ""1003"": 0, ""1004"": 1, ""1005"": 0}",-31.125,True,"{""1000"": 1, ""1001"": 1, ""1002"": 1, ""1003"": 0, ""1004"": 1, ""1005"": 0}",-31.125,True,True
4.311192512512207,True,,,,"{""1000"": 0, ""1001"": 1, ""1002"": 0, ""1003"": 1, ""1004"": 1, ""1005"": 0}",,,,,200,-31.125,True,"[0.7500000000000001, 0.7499999999999999]",2.220446049250313e-16,,15,2,6,2,2,12,True,0.0,IterativeSchedulingOutput,iterative,3333.6244500001158,,"{""sub_qubos"": 2}",5,4,sweep_20260626_163548_3b2fdff6,src/experiments/scenarios/research_d3_direct_iterative_overlap.toml,D3.1,Direct versus iterative overlap [1/2],success,,,,,,,,,,,6,,,,,,,{},,,,,,,,,"{""1000"": 0, ""1001"": 1, ""1002"": 0, ""1003"": 1, ""1004"": 1, ""1005"": 0}",-31.125,[],"{""1000"": 1, ""1001"": 1, ""1002"": 1, ""1003"": 0, ""1004"": 1, ""1005"": 0}",-31.125,True,"{""1000"": 1, ""1001"": 1, ""1002"": 1, ""1003"": 0, ""1004"": 1, ""1005"": 0}",-31.125,True,True
4.274924039840698,True,,,,"{""1000"": 0, ""1001"": 1, ""1002"": 0, ""1003"": 1, ""1004"": 1, ""1005"": 0}",,,,,200,-31.125,True,"[0.7500000000000001, 0.7499999999999999]",2.220446049250313e-16,,15,2,6,2,2,12,True,0.0,IterativeSchedulingOutput,iterative,3254.1449480004303,,"{""sub_qubos"": 2}",5,5,sweep_20260626_163548_3b2fdff6,src/experiments/scenarios/research_d3_direct_iterative_overlap.toml,D3.1,Direct versus iterative overlap [1/2],success,,,,,,,,,,,6,,,,,,,{},,,,,,,,,"{""1000"": 0, ""1001"": 1, ""1002"": 0, ""1003"": 1, ""1004"": 1, ""1005"": 0}",-31.125,[],"{""1000"": 1, ""1001"": 1, ""1002"": 1, ""1003"": 0, ""1004"": 1, ""1005"": 0}",-31.125,True,"{""1000"": 1, ""1001"": 1, ""1002"": 1, ""1003"": 0, ""1004"": 1, ""1005"": 0}",-31.125,True,True
3.7079105377197266,,,,,"{""1000"": 1, ""1001"": 1, ""1002"": 1, ""1003"": 0, ""1004"": 1, ""1005"": 0}",,-30.90249566491648,-30.52499923377615,15,100,-31.125,True,,,0.015636453043179722,,2,6,,,12,True,0.0,SchedulingOutput,default,3631.4173159998973,qaoa_pennylane_lightning.gpu_xy_mixer,"{""device"": ""lightning.gpu"", ""final_beta"": [0.5902468574726766, 0.5878198493369029], ""final_gamma"": [0.500002231561132, -0.001417599076319043], ""init_beta"": 0.5, ""init_gamma"": 0.5, ""init_strategy"": ""fixed"", ""initial_beta"": [0.5, 0.5], ""initial_gamma"": [0.5, 0.5], ""mixer_type"": ""xy"", ""opt_steps"": 100, ""p_layers"": 2, ""random_seed"": null, ""selection_pool"": ""top_k_probable_states"", ""top_k"": 20}",5,1,sweep_20260626_163548_3b2fdff6,src/experiments/scenarios/research_d3_direct_iterative_overlap.toml,D3.2,Direct versus iterative overlap [2/2],success,,,,,,,,,,,12,,,,,,,{},,,,,,,,,"{""1000"": 1, ""1001"": 1, ""1002"": 1, ""1003"": 0, ""1004"": 1, ""1005"": 0}",-31.125,[],"{""1000"": 1, ""1001"": 1, ""1002"": 1, ""1003"": 0, ""1004"": 1, ""1005"": 0}",-31.125,True,"{""1000"": 1, ""1001"": 1, ""1002"": 1, ""1003"": 0, ""1004"": 1, ""1005"": 0}",-31.125,True,True
3.8000314235687256,,,,,"{""1000"": 1, ""1001"": 1, ""1002"": 1, ""1003"": 0, ""1004"": 1, ""1005"": 0}",,-30.90249566491648,-30.52499923377615,15,100,-31.125,True,,,0.015636453043179722,,2,6,,,12,True,0.0,SchedulingOutput,default,3712.9796029998943,qaoa_pennylane_lightning.gpu_xy_mixer,"{""device"": ""lightning.gpu"", ""final_beta"": [0.5902468574726766, 0.5878198493369029], ""final_gamma"": [0.500002231561132, -0.001417599076319043], ""init_beta"": 0.5, ""init_gamma"": 0.5, ""init_strategy"": ""fixed"", ""initial_beta"": [0.5, 0.5], ""initial_gamma"": [0.5, 0.5], ""mixer_type"": ""xy"", ""opt_steps"": 100, ""p_layers"": 2, ""random_seed"": null, ""selection_pool"": ""top_k_probable_states"", ""top_k"": 20}",5,2,sweep_20260626_163548_3b2fdff6,src/experiments/scenarios/research_d3_direct_iterative_overlap.toml,D3.2,Direct versus iterative overlap [2/2],success,,,,,,,,,,,12,,,,,,,{},,,,,,,,,"{""1000"": 1, ""1001"": 1, ""1002"": 1, ""1003"": 0, ""1004"": 1, ""1005"": 0}",-31.125,[],"{""1000"": 1, ""1001"": 1, ""1002"": 1, ""1003"": 0, ""1004"": 1, ""1005"": 0}",-31.125,True,"{""1000"": 1, ""1001"": 1, ""1002"": 1, ""1003"": 0, ""1004"": 1, ""1005"": 0}",-31.125,True,True
3.669020652770996,,,,,"{""1000"": 1, ""1001"": 1, ""1002"": 1, ""1003"": 0, ""1004"": 1, ""1005"": 0}",,-30.90249566491648,-30.52499923377615,15,100,-31.125,True,,,0.015636453043179722,,2,6,,,12,True,0.0,SchedulingOutput,default,3591.9347359999847,qaoa_pennylane_lightning.gpu_xy_mixer,"{""device"": ""lightning.gpu"", ""final_beta"": [0.5902468574726766, 0.5878198493369029], ""final_gamma"": [0.500002231561132, -0.001417599076319043], ""init_beta"": 0.5, ""init_gamma"": 0.5, ""init_strategy"": ""fixed"", ""initial_beta"": [0.5, 0.5], ""initial_gamma"": [0.5, 0.5], ""mixer_type"": ""xy"", ""opt_steps"": 100, ""p_layers"": 2, ""random_seed"": null, ""selection_pool"": ""top_k_probable_states"", ""top_k"": 20}",5,3,sweep_20260626_163548_3b2fdff6,src/experiments/scenarios/research_d3_direct_iterative_overlap.toml,D3.2,Direct versus iterative overlap [2/2],success,,,,,,,,,,,12,,,,,,,{},,,,,,,,,"{""1000"": 1, ""1001"": 1, ""1002"": 1, ""1003"": 0, ""1004"": 1, ""1005"": 0}",-31.125,[],"{""1000"": 1, ""1001"": 1, ""1002"": 1, ""1003"": 0, ""1004"": 1, ""1005"": 0}",-31.125,True,"{""1000"": 1, ""1001"": 1, ""1002"": 1, ""1003"": 0, ""1004"": 1, ""1005"": 0}",-31.125,True,True
3.5617308616638184,,,,,"{""1000"": 1, ""1001"": 1, ""1002"": 1, ""1003"": 0, ""1004"": 1, ""1005"": 0}",,-30.90249566491648,-30.52499923377615,15,100,-31.125,True,,,0.015636453043179722,,2,6,,,12,True,0.0,SchedulingOutput,default,3482.92322899988,qaoa_pennylane_lightning.gpu_xy_mixer,"{""device"": ""lightning.gpu"", ""final_beta"": [0.5902468574726766, 0.5878198493369029], ""final_gamma"": [0.500002231561132, -0.001417599076319043], ""init_beta"": 0.5, ""init_gamma"": 0.5, ""init_strategy"": ""fixed"", ""initial_beta"": [0.5, 0.5], ""initial_gamma"": [0.5, 0.5], ""mixer_type"": ""xy"", ""opt_steps"": 100, ""p_layers"": 2, ""random_seed"": null, ""selection_pool"": ""top_k_probable_states"", ""top_k"": 20}",5,4,sweep_20260626_163548_3b2fdff6,src/experiments/scenarios/research_d3_direct_iterative_overlap.toml,D3.2,Direct versus iterative overlap [2/2],success,,,,,,,,,,,12,,,,,,,{},,,,,,,,,"{""1000"": 1, ""1001"": 1, ""1002"": 1, ""1003"": 0, ""1004"": 1, ""1005"": 0}",-31.125,[],"{""1000"": 1, ""1001"": 1, ""1002"": 1, ""1003"": 0, ""1004"": 1, ""1005"": 0}",-31.125,True,"{""1000"": 1, ""1001"": 1, ""1002"": 1, ""1003"": 0, ""1004"": 1, ""1005"": 0}",-31.125,True,True
3.567117214202881,,,,,"{""1000"": 1, ""1001"": 1, ""1002"": 1, ""1003"": 0, ""1004"": 1, ""1005"": 0}",,-30.90249566491648,-30.52499923377615,15,100,-31.125,True,,,0.015636453043179722,,2,6,,,12,True,0.0,SchedulingOutput,default,3489.4725899998775,qaoa_pennylane_lightning.gpu_xy_mixer,"{""device"": ""lightning.gpu"", ""final_beta"": [0.5902468574726766, 0.5878198493369029], ""final_gamma"": [0.500002231561132, -0.001417599076319043], ""init_beta"": 0.5, ""init_gamma"": 0.5, ""init_strategy"": ""fixed"", ""initial_beta"": [0.5, 0.5], ""initial_gamma"": [0.5, 0.5], ""mixer_type"": ""xy"", ""opt_steps"": 100, ""p_layers"": 2, ""random_seed"": null, ""selection_pool"": ""top_k_probable_states"", ""top_k"": 20}",5,5,sweep_20260626_163548_3b2fdff6,src/experiments/scenarios/research_d3_direct_iterative_overlap.toml,D3.2,Direct versus iterative overlap [2/2],success,,,,,,,,,,,12,,,,,,,{},,,,,,,,,"{""1000"": 1, ""1001"": 1, ""1002"": 1, ""1003"": 0, ""1004"": 1, ""1005"": 0}",-31.125,[],"{""1000"": 1, ""1001"": 1, ""1002"": 1, ""1003"": 0, ""1004"": 1, ""1005"": 0}",-31.125,True,"{""1000"": 1, ""1001"": 1, ""1002"": 1, ""1003"": 0, ""1004"": 1, ""1005"": 0}",-31.125,True,True
6.965890169143677,True,,,,"{""1000"": 0, ""1001"": 1, ""1002"": 1, ""1003"": 0, ""1004"": 0, ""1005"": 1, ""1006"": 1, ""1007"": 0}",,,,,300,-40.9248,True,"[0.68, 0.6799999999999999]",1.1102230246251565e-16,,9,2,8,3,3,16,True,0.0,IterativeSchedulingOutput,iterative,4442.43106499971,,"{""sub_qubos"": 3}",5,1,sweep_20260626_163548_3b2fdff6,src/experiments/scenarios/research_d4_sorting_strategy_sweep.toml,D4.1,Decomposition sorting strategy sweep [1/2],success,,,,,,,,,,,,,,WEIGHT_DESCENDING,,,,{},,,,,,,,,"{""1000"": 0, ""1001"": 1, ""1002"": 1, ""1003"": 0, ""1004"": 0, ""1005"": 1, ""1006"": 1, ""1007"": 0}",-40.9248,[],"{""1000"": 1, ""1001"": 1, ""1002"": 0, ""1003"": 0, ""1004"": 0, ""1005"": 1, ""1006"": 0, ""1007"": 0}",-40.924800000000005,True,"{""1000"": 1, ""1001"": 1, ""1002"": 0, ""1003"": 0, ""1004"": 0, ""1005"": 1, ""1006"": 0, ""1007"": 0}",-40.924800000000005,True,True
6.897955894470215,True,,,,"{""1000"": 0, ""1001"": 1, ""1002"": 1, ""1003"": 0, ""1004"": 0, ""1005"": 1, ""1006"": 1, ""1007"": 0}",,,,,300,-40.9248,True,"[0.68, 0.6799999999999999]",1.1102230246251565e-16,,9,2,8,3,3,16,True,0.0,IterativeSchedulingOutput,iterative,4382.324928000344,,"{""sub_qubos"": 3}",5,2,sweep_20260626_163548_3b2fdff6,src/experiments/scenarios/research_d4_sorting_strategy_sweep.toml,D4.1,Decomposition sorting strategy sweep [1/2],success,,,,,,,,,,,,,,WEIGHT_DESCENDING,,,,{},,,,,,,,,"{""1000"": 0, ""1001"": 1, ""1002"": 1, ""1003"": 0, ""1004"": 0, ""1005"": 1, ""1006"": 1, ""1007"": 0}",-40.9248,[],"{""1000"": 1, ""1001"": 1, ""1002"": 0, ""1003"": 0, ""1004"": 0, ""1005"": 1, ""1006"": 0, ""1007"": 0}",-40.924800000000005,True,"{""1000"": 1, ""1001"": 1, ""1002"": 0, ""1003"": 0, ""1004"": 0, ""1005"": 1, ""1006"": 0, ""1007"": 0}",-40.924800000000005,True,True
7.087653398513794,True,,,,"{""1000"": 0, ""1001"": 1, ""1002"": 1, ""1003"": 0, ""1004"": 0, ""1005"": 1, ""1006"": 1, ""1007"": 0}",,,,,300,-40.9248,True,"[0.68, 0.6799999999999999]",1.1102230246251565e-16,,9,2,8,3,3,16,True,0.0,IterativeSchedulingOutput,iterative,4580.011535000267,,"{""sub_qubos"": 3}",5,3,sweep_20260626_163548_3b2fdff6,src/experiments/scenarios/research_d4_sorting_strategy_sweep.toml,D4.1,Decomposition sorting strategy sweep [1/2],success,,,,,,,,,,,,,,WEIGHT_DESCENDING,,,,{},,,,,,,,,"{""1000"": 0, ""1001"": 1, ""1002"": 1, ""1003"": 0, ""1004"": 0, ""1005"": 1, ""1006"": 1, ""1007"": 0}",-40.9248,[],"{""1000"": 1, ""1001"": 1, ""1002"": 0, ""1003"": 0, ""1004"": 0, ""1005"": 1, ""1006"": 0, ""1007"": 0}",-40.924800000000005,True,"{""1000"": 1, ""1001"": 1, ""1002"": 0, ""1003"": 0, ""1004"": 0, ""1005"": 1, ""1006"": 0, ""1007"": 0}",-40.924800000000005,True,True
6.998973608016968,True,,,,"{""1000"": 0, ""1001"": 1, ""1002"": 1, ""1003"": 0, ""1004"": 0, ""1005"": 1, ""1006"": 1, ""1007"": 0}",,,,,300,-40.9248,True,"[0.68, 0.6799999999999999]",1.1102230246251565e-16,,9,2,8,3,3,16,True,0.0,IterativeSchedulingOutput,iterative,4491.867966999962,,"{""sub_qubos"": 3}",5,4,sweep_20260626_163548_3b2fdff6,src/experiments/scenarios/research_d4_sorting_strategy_sweep.toml,D4.1,Decomposition sorting strategy sweep [1/2],success,,,,,,,,,,,,,,WEIGHT_DESCENDING,,,,{},,,,,,,,,"{""1000"": 0, ""1001"": 1, ""1002"": 1, ""1003"": 0, ""1004"": 0, ""1005"": 1, ""1006"": 1, ""1007"": 0}",-40.9248,[],"{""1000"": 1, ""1001"": 1, ""1002"": 0, ""1003"": 0, ""1004"": 0, ""1005"": 1, ""1006"": 0, ""1007"": 0}",-40.924800000000005,True,"{""1000"": 1, ""1001"": 1, ""1002"": 0, ""1003"": 0, ""1004"": 0, ""1005"": 1, ""1006"": 0, ""1007"": 0}",-40.924800000000005,True,True
7.364048957824707,True,,,,"{""1000"": 0, ""1001"": 1, ""1002"": 1, ""1003"": 0, ""1004"": 0, ""1005"": 1, ""1006"": 1, ""1007"": 0}",,,,,300,-40.9248,True,"[0.68, 0.6799999999999999]",1.1102230246251565e-16,,9,2,8,3,3,16,True,0.0,IterativeSchedulingOutput,iterative,4578.137239000171,,"{""sub_qubos"": 3}",5,5,sweep_20260626_163548_3b2fdff6,src/experiments/scenarios/research_d4_sorting_strategy_sweep.toml,D4.1,Decomposition sorting strategy sweep [1/2],success,,,,,,,,,,,,,,WEIGHT_DESCENDING,,,,{},,,,,,,,,"{""1000"": 0, ""1001"": 1, ""1002"": 1, ""1003"": 0, ""1004"": 0, ""1005"": 1, ""1006"": 1, ""1007"": 0}",-40.9248,[],"{""1000"": 1, ""1001"": 1, ""1002"": 0, ""1003"": 0, ""1004"": 0, ""1005"": 1, ""1006"": 0, ""1007"": 0}",-40.924800000000005,True,"{""1000"": 1, ""1001"": 1, ""1002"": 0, ""1003"": 0, ""1004"": 0, ""1005"": 1, ""1006"": 0, ""1007"": 0}",-40.924800000000005,True,True
6.978870868682861,True,,,,"{""1000"": 0, ""1001"": 1, ""1002"": 1, ""1003"": 0, ""1004"": 0, ""1005"": 1, ""1006"": 1, ""1007"": 0}",,,,,300,-40.9248,True,"[0.68, 0.6799999999999999]",1.1102230246251565e-16,,9,2,8,3,3,16,True,0.0,IterativeSchedulingOutput,iterative,4469.6726930001205,,"{""sub_qubos"": 3}",5,1,sweep_20260626_163548_3b2fdff6,src/experiments/scenarios/research_d4_sorting_strategy_sweep.toml,D4.2,Decomposition sorting strategy sweep [2/2],success,,,,,,,,,,,,,,COUPLING_DESCENDING,,,,{},,,,,,,,,"{""1000"": 0, ""1001"": 1, ""1002"": 1, ""1003"": 0, ""1004"": 0, ""1005"": 1, ""1006"": 1, ""1007"": 0}",-40.9248,[],"{""1000"": 1, ""1001"": 1, ""1002"": 0, ""1003"": 0, ""1004"": 0, ""1005"": 1, ""1006"": 0, ""1007"": 0}",-40.924800000000005,True,"{""1000"": 1, ""1001"": 1, ""1002"": 0, ""1003"": 0, ""1004"": 0, ""1005"": 1, ""1006"": 0, ""1007"": 0}",-40.924800000000005,True,True
7.0318922996521,True,,,,"{""1000"": 0, ""1001"": 1, ""1002"": 1, ""1003"": 0, ""1004"": 0, ""1005"": 1, ""1006"": 1, ""1007"": 0}",,,,,300,-40.9248,True,"[0.68, 0.6799999999999999]",1.1102230246251565e-16,,9,2,8,3,3,16,True,0.0,IterativeSchedulingOutput,iterative,4420.5976630000805,,"{""sub_qubos"": 3}",5,2,sweep_20260626_163548_3b2fdff6,src/experiments/scenarios/research_d4_sorting_strategy_sweep.toml,D4.2,Decomposition sorting strategy sweep [2/2],success,,,,,,,,,,,,,,COUPLING_DESCENDING,,,,{},,,,,,,,,"{""1000"": 0, ""1001"": 1, ""1002"": 1, ""1003"": 0, ""1004"": 0, ""1005"": 1, ""1006"": 1, ""1007"": 0}",-40.9248,[],"{""1000"": 1, ""1001"": 1, ""1002"": 0, ""1003"": 0, ""1004"": 0, ""1005"": 1, ""1006"": 0, ""1007"": 0}",-40.924800000000005,True,"{""1000"": 1, ""1001"": 1, ""1002"": 0, ""1003"": 0, ""1004"": 0, ""1005"": 1, ""1006"": 0, ""1007"": 0}",-40.924800000000005,True,True
7.167731285095215,True,,,,"{""1000"": 0, ""1001"": 1, ""1002"": 1, ""1003"": 0, ""1004"": 0, ""1005"": 1, ""1006"": 1, ""1007"": 0}",,,,,300,-40.9248,True,"[0.68, 0.6799999999999999]",1.1102230246251565e-16,,9,2,8,3,3,16,True,0.0,IterativeSchedulingOutput,iterative,4526.515089999975,,"{""sub_qubos"": 3}",5,3,sweep_20260626_163548_3b2fdff6,src/experiments/scenarios/research_d4_sorting_strategy_sweep.toml,D4.2,Decomposition sorting strategy sweep [2/2],success,,,,,,,,,,,,,,COUPLING_DESCENDING,,,,{},,,,,,,,,"{""1000"": 0, ""1001"": 1, ""1002"": 1, ""1003"": 0, ""1004"": 0, ""1005"": 1, ""1006"": 1, ""1007"": 0}",-40.9248,[],"{""1000"": 1, ""1001"": 1, ""1002"": 0, ""1003"": 0, ""1004"": 0, ""1005"": 1, ""1006"": 0, ""1007"": 0}",-40.924800000000005,True,"{""1000"": 1, ""1001"": 1, ""1002"": 0, ""1003"": 0, ""1004"": 0, ""1005"": 1, ""1006"": 0, ""1007"": 0}",-40.924800000000005,True,True
7.3278892040252686,True,,,,"{""1000"": 0, ""1001"": 1, ""1002"": 1, ""1003"": 0, ""1004"": 0, ""1005"": 1, ""1006"": 1, ""1007"": 0}",,,,,300,-40.9248,True,"[0.68, 0.6799999999999999]",1.1102230246251565e-16,,9,2,8,3,3,16,True,0.0,IterativeSchedulingOutput,iterative,4549.155244999838,,"{""sub_qubos"": 3}",5,4,sweep_20260626_163548_3b2fdff6,src/experiments/scenarios/research_d4_sorting_strategy_sweep.toml,D4.2,Decomposition sorting strategy sweep [2/2],success,,,,,,,,,,,,,,COUPLING_DESCENDING,,,,{},,,,,,,,,"{""1000"": 0, ""1001"": 1, ""1002"": 1, ""1003"": 0, ""1004"": 0, ""1005"": 1, ""1006"": 1, ""1007"": 0}",-40.9248,[],"{""1000"": 1, ""1001"": 1, ""1002"": 0, ""1003"": 0, ""1004"": 0, ""1005"": 1, ""1006"": 0, ""1007"": 0}",-40.924800000000005,True,"{""1000"": 1, ""1001"": 1, ""1002"": 0, ""1003"": 0, ""1004"": 0, ""1005"": 1, ""1006"": 0, ""1007"": 0}",-40.924800000000005,True,True
7.19219446182251,True,,,,"{""1000"": 0, ""1001"": 1, ""1002"": 1, ""1003"": 0, ""1004"": 0, ""1005"": 1, ""1006"": 1, ""1007"": 0}",,,,,300,-40.9248,True,"[0.68, 0.6799999999999999]",1.1102230246251565e-16,,9,2,8,3,3,16,True,0.0,IterativeSchedulingOutput,iterative,4467.8288480004085,,"{""sub_qubos"": 3}",5,5,sweep_20260626_163548_3b2fdff6,src/experiments/scenarios/research_d4_sorting_strategy_sweep.toml,D4.2,Decomposition sorting strategy sweep [2/2],success,,,,,,,,,,,,,,COUPLING_DESCENDING,,,,{},,,,,,,,,"{""1000"": 0, ""1001"": 1, ""1002"": 1, ""1003"": 0, ""1004"": 0, ""1005"": 1, ""1006"": 1, ""1007"": 0}",-40.9248,[],"{""1000"": 1, ""1001"": 1, ""1002"": 0, ""1003"": 0, ""1004"": 0, ""1005"": 1, ""1006"": 0, ""1007"": 0}",-40.924800000000005,True,"{""1000"": 1, ""1001"": 1, ""1002"": 0, ""1003"": 0, ""1004"": 0, ""1005"": 1, ""1006"": 0, ""1007"": 0}",-40.924800000000005,True,True
7.143384695053101,True,,,,"{""1000"": 1, ""1001"": 1, ""1002"": 1, ""1003"": 0, ""1004"": 0, ""1005"": 0, ""1006"": 0, ""1007"": 0}",,,,,300,-40.9006,True,"[0.57, 0.79]",0.22000000000000008,,9,2,8,3,3,16,False,0.0005913284854173253,IterativeSchedulingOutput,iterative,4407.810580999467,,"{""sub_qubos"": 3}",5,1,sweep_20260626_163548_3b2fdff6,src/experiments/scenarios/research_d6_top_k_sweep.toml,D6.1,Sub-QUBO top-k sweep [1/4],success,,,,,,,,,,,,,,,,1,,{},,,,,,,,,"{""1000"": 1, ""1001"": 1, ""1002"": 1, ""1003"": 0, ""1004"": 0, ""1005"": 0, ""1006"": 0, ""1007"": 0}",-40.9006,[],"{""1000"": 1, ""1001"": 1, ""1002"": 0, ""1003"": 0, ""1004"": 0, ""1005"": 1, ""1006"": 0, ""1007"": 0}",-40.924800000000005,False,"{""1000"": 1, ""1001"": 1, ""1002"": 0, ""1003"": 0, ""1004"": 0, ""1005"": 1, ""1006"": 0, ""1007"": 0}",-40.924800000000005,True,True
7.335657596588135,True,,,,"{""1000"": 1, ""1001"": 1, ""1002"": 1, ""1003"": 0, ""1004"": 0, ""1005"": 0, ""1006"": 0, ""1007"": 0}",,,,,300,-40.9006,True,"[0.57, 0.79]",0.22000000000000008,,9,2,8,3,3,16,False,0.0005913284854173253,IterativeSchedulingOutput,iterative,4591.2076329996125,,"{""sub_qubos"": 3}",5,2,sweep_20260626_163548_3b2fdff6,src/experiments/scenarios/research_d6_top_k_sweep.toml,D6.1,Sub-QUBO top-k sweep [1/4],success,,,,,,,,,,,,,,,,1,,{},,,,,,,,,"{""1000"": 1, ""1001"": 1, ""1002"": 1, ""1003"": 0, ""1004"": 0, ""1005"": 0, ""1006"": 0, ""1007"": 0}",-40.9006,[],"{""1000"": 1, ""1001"": 1, ""1002"": 0, ""1003"": 0, ""1004"": 0, ""1005"": 1, ""1006"": 0, ""1007"": 0}",-40.924800000000005,False,"{""1000"": 1, ""1001"": 1, ""1002"": 0, ""1003"": 0, ""1004"": 0, ""1005"": 1, ""1006"": 0, ""1007"": 0}",-40.924800000000005,True,True
7.19838547706604,True,,,,"{""1000"": 1, ""1001"": 1, ""1002"": 1, ""1003"": 0, ""1004"": 0, ""1005"": 0, ""1006"": 0, ""1007"": 0}",,,,,300,-40.9006,True,"[0.57, 0.79]",0.22000000000000008,,9,2,8,3,3,16,False,0.0005913284854173253,IterativeSchedulingOutput,iterative,4586.327666000216,,"{""sub_qubos"": 3}",5,3,sweep_20260626_163548_3b2fdff6,src/experiments/scenarios/research_d6_top_k_sweep.toml,D6.1,Sub-QUBO top-k sweep [1/4],success,,,,,,,,,,,,,,,,1,,{},,,,,,,,,"{""1000"": 1, ""1001"": 1, ""1002"": 1, ""1003"": 0, ""1004"": 0, ""1005"": 0, ""1006"": 0, ""1007"": 0}",-40.9006,[],"{""1000"": 1, ""1001"": 1, ""1002"": 0, ""1003"": 0, ""1004"": 0, ""1005"": 1, ""1006"": 0, ""1007"": 0}",-40.924800000000005,False,"{""1000"": 1, ""1001"": 1, ""1002"": 0, ""1003"": 0, ""1004"": 0, ""1005"": 1, ""1006"": 0, ""1007"": 0}",-40.924800000000005,True,True
7.242586612701416,True,,,,"{""1000"": 1, ""1001"": 1, ""1002"": 1, ""1003"": 0, ""1004"": 0, ""1005"": 0, ""1006"": 0, ""1007"": 0}",,,,,300,-40.9006,True,"[0.57, 0.79]",0.22000000000000008,,9,2,8,3,3,16,False,0.0005913284854173253,IterativeSchedulingOutput,iterative,4498.930519000169,,"{""sub_qubos"": 3}",5,4,sweep_20260626_163548_3b2fdff6,src/experiments/scenarios/research_d6_top_k_sweep.toml,D6.1,Sub-QUBO top-k sweep [1/4],success,,,,,,,,,,,,,,,,1,,{},,,,,,,,,"{""1000"": 1, ""1001"": 1, ""1002"": 1, ""1003"": 0, ""1004"": 0, ""1005"": 0, ""1006"": 0, ""1007"": 0}",-40.9006,[],"{""1000"": 1, ""1001"": 1, ""1002"": 0, ""1003"": 0, ""1004"": 0, ""1005"": 1, ""1006"": 0, ""1007"": 0}",-40.924800000000005,False,"{""1000"": 1, ""1001"": 1, ""1002"": 0, ""1003"": 0, ""1004"": 0, ""1005"": 1, ""1006"": 0, ""1007"": 0}",-40.924800000000005,True,True
7.189974546432495,True,,,,"{""1000"": 1, ""1001"": 1, ""1002"": 1, ""1003"": 0, ""1004"": 0, ""1005"": 0, ""1006"": 0, ""1007"": 0}",,,,,300,-40.9006,True,"[0.57, 0.79]",0.22000000000000008,,9,2,8,3,3,16,False,0.0005913284854173253,IterativeSchedulingOutput,iterative,4489.704230999905,,"{""sub_qubos"": 3}",5,5,sweep_20260626_163548_3b2fdff6,src/experiments/scenarios/research_d6_top_k_sweep.toml,D6.1,Sub-QUBO top-k sweep [1/4],success,,,,,,,,,,,,,,,,1,,{},,,,,,,,,"{""1000"": 1, ""1001"": 1, ""1002"": 1, ""1003"": 0, ""1004"": 0, ""1005"": 0, ""1006"": 0, ""1007"": 0}",-40.9006,[],"{""1000"": 1, ""1001"": 1, ""1002"": 0, ""1003"": 0, ""1004"": 0, ""1005"": 1, ""1006"": 0, ""1007"": 0}",-40.924800000000005,False,"{""1000"": 1, ""1001"": 1, ""1002"": 0, ""1003"": 0, ""1004"": 0, ""1005"": 1, ""1006"": 0, ""1007"": 0}",-40.924800000000005,True,True
7.082069635391235,True,,,,"{""1000"": 1, ""1001"": 0, ""1002"": 1, ""1003"": 0, ""1004"": 0, ""1005"": 1, ""1006"": 0, ""1007"": 1}",,,,,300,-40.924800000000005,True,"[0.6799999999999999, 0.68]",1.1102230246251565e-16,,9,2,8,3,3,16,True,0.0,IterativeSchedulingOutput,iterative,4402.1405030002825,,"{""sub_qubos"": 3}",5,1,sweep_20260626_163548_3b2fdff6,src/experiments/scenarios/research_d6_top_k_sweep.toml,D6.2,Sub-QUBO top-k sweep [2/4],success,,,,,,,,,,,,,,,,3,,{},,,,,,,,,"{""1000"": 1, ""1001"": 0, ""1002"": 1, ""1003"": 0, ""1004"": 0, ""1005"": 1, ""1006"": 0, ""1007"": 1}",-40.924800000000005,[],"{""1000"": 1, ""1001"": 1, ""1002"": 0, ""1003"": 0, ""1004"": 0, ""1005"": 1, ""1006"": 0, ""1007"": 0}",-40.924800000000005,True,"{""1000"": 1, ""1001"": 1, ""1002"": 0, ""1003"": 0, ""1004"": 0, ""1005"": 1, ""1006"": 0, ""1007"": 0}",-40.924800000000005,True,True
7.253031969070435,True,,,,"{""1000"": 1, ""1001"": 0, ""1002"": 1, ""1003"": 0, ""1004"": 0, ""1005"": 1, ""1006"": 0, ""1007"": 1}",,,,,300,-40.924800000000005,True,"[0.6799999999999999, 0.68]",1.1102230246251565e-16,,9,2,8,3,3,16,True,0.0,IterativeSchedulingOutput,iterative,4630.029410000134,,"{""sub_qubos"": 3}",5,2,sweep_20260626_163548_3b2fdff6,src/experiments/scenarios/research_d6_top_k_sweep.toml,D6.2,Sub-QUBO top-k sweep [2/4],success,,,,,,,,,,,,,,,,3,,{},,,,,,,,,"{""1000"": 1, ""1001"": 0, ""1002"": 1, ""1003"": 0, ""1004"": 0, ""1005"": 1, ""1006"": 0, ""1007"": 1}",-40.924800000000005,[],"{""1000"": 1, ""1001"": 1, ""1002"": 0, ""1003"": 0, ""1004"": 0, ""1005"": 1, ""1006"": 0, ""1007"": 0}",-40.924800000000005,True,"{""1000"": 1, ""1001"": 1, ""1002"": 0, ""1003"": 0, ""1004"": 0, ""1005"": 1, ""1006"": 0, ""1007"": 0}",-40.924800000000005,True,True
7.182708978652954,True,,,,"{""1000"": 1, ""1001"": 0, ""1002"": 1, ""1003"": 0, ""1004"": 0, ""1005"": 1, ""1006"": 0, ""1007"": 1}",,,,,300,-40.924800000000005,True,"[0.6799999999999999, 0.68]",1.1102230246251565e-16,,9,2,8,3,3,16,True,0.0,IterativeSchedulingOutput,iterative,4563.534041999901,,"{""sub_qubos"": 3}",5,3,sweep_20260626_163548_3b2fdff6,src/experiments/scenarios/research_d6_top_k_sweep.toml,D6.2,Sub-QUBO top-k sweep [2/4],success,,,,,,,,,,,,,,,,3,,{},,,,,,,,,"{""1000"": 1, ""1001"": 0, ""1002"": 1, ""1003"": 0, ""1004"": 0, ""1005"": 1, ""1006"": 0, ""1007"": 1}",-40.924800000000005,[],"{""1000"": 1, ""1001"": 1, ""1002"": 0, ""1003"": 0, ""1004"": 0, ""1005"": 1, ""1006"": 0, ""1007"": 0}",-40.924800000000005,True,"{""1000"": 1, ""1001"": 1, ""1002"": 0, ""1003"": 0, ""1004"": 0, ""1005"": 1, ""1006"": 0, ""1007"": 0}",-40.924800000000005,True,True
7.112228155136108,True,,,,"{""1000"": 1, ""1001"": 0, ""1002"": 1, ""1003"": 0, ""1004"": 0, ""1005"": 1, ""1006"": 0, ""1007"": 1}",,,,,300,-40.924800000000005,True,"[0.6799999999999999, 0.68]",1.1102230246251565e-16,,9,2,8,3,3,16,True,0.0,IterativeSchedulingOutput,iterative,4487.5430730003245,,"{""sub_qubos"": 3}",5,4,sweep_20260626_163548_3b2fdff6,src/experiments/scenarios/research_d6_top_k_sweep.toml,D6.2,Sub-QUBO top-k sweep [2/4],success,,,,,,,,,,,,,,,,3,,{},,,,,,,,,"{""1000"": 1, ""1001"": 0, ""1002"": 1, ""1003"": 0, ""1004"": 0, ""1005"": 1, ""1006"": 0, ""1007"": 1}",-40.924800000000005,[],"{""1000"": 1, ""1001"": 1, ""1002"": 0, ""1003"": 0, ""1004"": 0, ""1005"": 1, ""1006"": 0, ""1007"": 0}",-40.924800000000005,True,"{""1000"": 1, ""1001"": 1, ""1002"": 0, ""1003"": 0, ""1004"": 0, ""1005"": 1, ""1006"": 0, ""1007"": 0}",-40.924800000000005,True,True
7.3060712814331055,True,,,,"{""1000"": 1, ""1001"": 0, ""1002"": 1, ""1003"": 0, ""1004"": 0, ""1005"": 1, ""1006"": 0, ""1007"": 1}",,,,,300,-40.924800000000005,True,"[0.6799999999999999, 0.68]",1.1102230246251565e-16,,9,2,8,3,3,16,True,0.0,IterativeSchedulingOutput,iterative,4624.668682000447,,"{""sub_qubos"": 3}",5,5,sweep_20260626_163548_3b2fdff6,src/experiments/scenarios/research_d6_top_k_sweep.toml,D6.2,Sub-QUBO top-k sweep [2/4],success,,,,,,,,,,,,,,,,3,,{},,,,,,,,,"{""1000"": 1, ""1001"": 0, ""1002"": 1, ""1003"": 0, ""1004"": 0, ""1005"": 1, ""1006"": 0, ""1007"": 1}",-40.924800000000005,[],"{""1000"": 1, ""1001"": 1, ""1002"": 0, ""1003"": 0, ""1004"": 0, ""1005"": 1, ""1006"": 0, ""1007"": 0}",-40.924800000000005,True,"{""1000"": 1, ""1001"": 1, ""1002"": 0, ""1003"": 0, ""1004"": 0, ""1005"": 1, ""1006"": 0, ""1007"": 0}",-40.924800000000005,True,True
6.856975793838501,True,,,,"{""1000"": 0, ""1001"": 1, ""1002"": 1, ""1003"": 0, ""1004"": 0, ""1005"": 1, ""1006"": 1, ""1007"": 0}",,,,,300,-40.9248,True,"[0.68, 0.6799999999999999]",1.1102230246251565e-16,,9,2,8,3,3,16,True,0.0,IterativeSchedulingOutput,iterative,4224.618459999874,,"{""sub_qubos"": 3}",5,1,sweep_20260626_163548_3b2fdff6,src/experiments/scenarios/research_d6_top_k_sweep.toml,D6.3,Sub-QUBO top-k sweep [3/4],success,,,,,,,,,,,,,,,,5,,{},,,,,,,,,"{""1000"": 0, ""1001"": 1, ""1002"": 1, ""1003"": 0, ""1004"": 0, ""1005"": 1, ""1006"": 1, ""1007"": 0}",-40.9248,[],"{""1000"": 1, ""1001"": 1, ""1002"": 0, ""1003"": 0, ""1004"": 0, ""1005"": 1, ""1006"": 0, ""1007"": 0}",-40.924800000000005,True,"{""1000"": 1, ""1001"": 1, ""1002"": 0, ""1003"": 0, ""1004"": 0, ""1005"": 1, ""1006"": 0, ""1007"": 0}",-40.924800000000005,True,True
6.772688865661621,True,,,,"{""1000"": 0, ""1001"": 1, ""1002"": 1, ""1003"": 0, ""1004"": 0, ""1005"": 1, ""1006"": 1, ""1007"": 0}",,,,,300,-40.9248,True,"[0.68, 0.6799999999999999]",1.1102230246251565e-16,,9,2,8,3,3,16,True,0.0,IterativeSchedulingOutput,iterative,4182.595972999934,,"{""sub_qubos"": 3}",5,2,sweep_20260626_163548_3b2fdff6,src/experiments/scenarios/research_d6_top_k_sweep.toml,D6.3,Sub-QUBO top-k sweep [3/4],success,,,,,,,,,,,,,,,,5,,{},,,,,,,,,"{""1000"": 0, ""1001"": 1, ""1002"": 1, ""1003"": 0, ""1004"": 0, ""1005"": 1, ""1006"": 1, ""1007"": 0}",-40.9248,[],"{""1000"": 1, ""1001"": 1, ""1002"": 0, ""1003"": 0, ""1004"": 0, ""1005"": 1, ""1006"": 0, ""1007"": 0}",-40.924800000000005,True,"{""1000"": 1, ""1001"": 1, ""1002"": 0, ""1003"": 0, ""1004"": 0, ""1005"": 1, ""1006"": 0, ""1007"": 0}",-40.924800000000005,True,True
6.788907289505005,True,,,,"{""1000"": 0, ""1001"": 1, ""1002"": 1, ""1003"": 0, ""1004"": 0, ""1005"": 1, ""1006"": 1, ""1007"": 0}",,,,,300,-40.9248,True,"[0.68, 0.6799999999999999]",1.1102230246251565e-16,,9,2,8,3,3,16,True,0.0,IterativeSchedulingOutput,iterative,4205.36650799977,,"{""sub_qubos"": 3}",5,3,sweep_20260626_163548_3b2fdff6,src/experiments/scenarios/research_d6_top_k_sweep.toml,D6.3,Sub-QUBO top-k sweep [3/4],success,,,,,,,,,,,,,,,,5,,{},,,,,,,,,"{""1000"": 0, ""1001"": 1, ""1002"": 1, ""1003"": 0, ""1004"": 0, ""1005"": 1, ""1006"": 1, ""1007"": 0}",-40.9248,[],"{""1000"": 1, ""1001"": 1, ""1002"": 0, ""1003"": 0, ""1004"": 0, ""1005"": 1, ""1006"": 0, ""1007"": 0}",-40.924800000000005,True,"{""1000"": 1, ""1001"": 1, ""1002"": 0, ""1003"": 0, ""1004"": 0, ""1005"": 1, ""1006"": 0, ""1007"": 0}",-40.924800000000005,True,True
6.792454242706299,True,,,,"{""1000"": 0, ""1001"": 1, ""1002"": 1, ""1003"": 0, ""1004"": 0, ""1005"": 1, ""1006"": 1, ""1007"": 0}",,,,,300,-40.9248,True,"[0.68, 0.6799999999999999]",1.1102230246251565e-16,,9,2,8,3,3,16,True,0.0,IterativeSchedulingOutput,iterative,4122.770246999153,,"{""sub_qubos"": 3}",5,4,sweep_20260626_163548_3b2fdff6,src/experiments/scenarios/research_d6_top_k_sweep.toml,D6.3,Sub-QUBO top-k sweep [3/4],success,,,,,,,,,,,,,,,,5,,{},,,,,,,,,"{""1000"": 0, ""1001"": 1, ""1002"": 1, ""1003"": 0, ""1004"": 0, ""1005"": 1, ""1006"": 1, ""1007"": 0}",-40.9248,[],"{""1000"": 1, ""1001"": 1, ""1002"": 0, ""1003"": 0, ""1004"": 0, ""1005"": 1, ""1006"": 0, ""1007"": 0}",-40.924800000000005,True,"{""1000"": 1, ""1001"": 1, ""1002"": 0, ""1003"": 0, ""1004"": 0, ""1005"": 1, ""1006"": 0, ""1007"": 0}",-40.924800000000005,True,True
6.8629982471466064,True,,,,"{""1000"": 0, ""1001"": 1, ""1002"": 1, ""1003"": 0, ""1004"": 0, ""1005"": 1, ""1006"": 1, ""1007"": 0}",,,,,300,-40.9248,True,"[0.68, 0.6799999999999999]",1.1102230246251565e-16,,9,2,8,3,3,16,True,0.0,IterativeSchedulingOutput,iterative,4182.859834000283,,"{""sub_qubos"": 3}",5,5,sweep_20260626_163548_3b2fdff6,src/experiments/scenarios/research_d6_top_k_sweep.toml,D6.3,Sub-QUBO top-k sweep [3/4],success,,,,,,,,,,,,,,,,5,,{},,,,,,,,,"{""1000"": 0, ""1001"": 1, ""1002"": 1, ""1003"": 0, ""1004"": 0, ""1005"": 1, ""1006"": 1, ""1007"": 0}",-40.9248,[],"{""1000"": 1, ""1001"": 1, ""1002"": 0, ""1003"": 0, ""1004"": 0, ""1005"": 1, ""1006"": 0, ""1007"": 0}",-40.924800000000005,True,"{""1000"": 1, ""1001"": 1, ""1002"": 0, ""1003"": 0, ""1004"": 0, ""1005"": 1, ""1006"": 0, ""1007"": 0}",-40.924800000000005,True,True
6.817124366760254,True,,,,"{""1000"": 0, ""1001"": 1, ""1002"": 1, ""1003"": 0, ""1004"": 0, ""1005"": 1, ""1006"": 1, ""1007"": 0}",,,,,300,-40.9248,True,"[0.68, 0.6799999999999999]",1.1102230246251565e-16,,9,2,8,3,3,16,True,0.0,IterativeSchedulingOutput,iterative,4114.670750999721,,"{""sub_qubos"": 3}",5,1,sweep_20260626_163548_3b2fdff6,src/experiments/scenarios/research_d6_top_k_sweep.toml,D6.4,Sub-QUBO top-k sweep [4/4],success,,,,,,,,,,,,,,,,10,,{},,,,,,,,,"{""1000"": 0, ""1001"": 1, ""1002"": 1, ""1003"": 0, ""1004"": 0, ""1005"": 1, ""1006"": 1, ""1007"": 0}",-40.9248,[],"{""1000"": 1, ""1001"": 1, ""1002"": 0, ""1003"": 0, ""1004"": 0, ""1005"": 1, ""1006"": 0, ""1007"": 0}",-40.924800000000005,True,"{""1000"": 1, ""1001"": 1, ""1002"": 0, ""1003"": 0, ""1004"": 0, ""1005"": 1, ""1006"": 0, ""1007"": 0}",-40.924800000000005,True,True
6.7804741859436035,True,,,,"{""1000"": 0, ""1001"": 1, ""1002"": 1, ""1003"": 0, ""1004"": 0, ""1005"": 1, ""1006"": 1, ""1007"": 0}",,,,,300,-40.9248,True,"[0.68, 0.6799999999999999]",1.1102230246251565e-16,,9,2,8,3,3,16,True,0.0,IterativeSchedulingOutput,iterative,4125.601125999765,,"{""sub_qubos"": 3}",5,2,sweep_20260626_163548_3b2fdff6,src/experiments/scenarios/research_d6_top_k_sweep.toml,D6.4,Sub-QUBO top-k sweep [4/4],success,,,,,,,,,,,,,,,,10,,{},,,,,,,,,"{""1000"": 0, ""1001"": 1, ""1002"": 1, ""1003"": 0, ""1004"": 0, ""1005"": 1, ""1006"": 1, ""1007"": 0}",-40.9248,[],"{""1000"": 1, ""1001"": 1, ""1002"": 0, ""1003"": 0, ""1004"": 0, ""1005"": 1, ""1006"": 0, ""1007"": 0}",-40.924800000000005,True,"{""1000"": 1, ""1001"": 1, ""1002"": 0, ""1003"": 0, ""1004"": 0, ""1005"": 1, ""1006"": 0, ""1007"": 0}",-40.924800000000005,True,True
6.886868000030518,True,,,,"{""1000"": 0, ""1001"": 1, ""1002"": 1, ""1003"": 0, ""1004"": 0, ""1005"": 1, ""1006"": 1, ""1007"": 0}",,,,,300,-40.9248,True,"[0.68, 0.6799999999999999]",1.1102230246251565e-16,,9,2,8,3,3,16,True,0.0,IterativeSchedulingOutput,iterative,4184.520060000523,,"{""sub_qubos"": 3}",5,3,sweep_20260626_163548_3b2fdff6,src/experiments/scenarios/research_d6_top_k_sweep.toml,D6.4,Sub-QUBO top-k sweep [4/4],success,,,,,,,,,,,,,,,,10,,{},,,,,,,,,"{""1000"": 0, ""1001"": 1, ""1002"": 1, ""1003"": 0, ""1004"": 0, ""1005"": 1, ""1006"": 1, ""1007"": 0}",-40.9248,[],"{""1000"": 1, ""1001"": 1, ""1002"": 0, ""1003"": 0, ""1004"": 0, ""1005"": 1, ""1006"": 0, ""1007"": 0}",-40.924800000000005,True,"{""1000"": 1, ""1001"": 1, ""1002"": 0, ""1003"": 0, ""1004"": 0, ""1005"": 1, ""1006"": 0, ""1007"": 0}",-40.924800000000005,True,True
6.690565586090088,True,,,,"{""1000"": 0, ""1001"": 1, ""1002"": 1, ""1003"": 0, ""1004"": 0, ""1005"": 1, ""1006"": 1, ""1007"": 0}",,,,,300,-40.9248,True,"[0.68, 0.6799999999999999]",1.1102230246251565e-16,,9,2,8,3,3,16,True,0.0,IterativeSchedulingOutput,iterative,4088.2326740006647,,"{""sub_qubos"": 3}",5,4,sweep_20260626_163548_3b2fdff6,src/experiments/scenarios/research_d6_top_k_sweep.toml,D6.4,Sub-QUBO top-k sweep [4/4],success,,,,,,,,,,,,,,,,10,,{},,,,,,,,,"{""1000"": 0, ""1001"": 1, ""1002"": 1, ""1003"": 0, ""1004"": 0, ""1005"": 1, ""1006"": 1, ""1007"": 0}",-40.9248,[],"{""1000"": 1, ""1001"": 1, ""1002"": 0, ""1003"": 0, ""1004"": 0, ""1005"": 1, ""1006"": 0, ""1007"": 0}",-40.924800000000005,True,"{""1000"": 1, ""1001"": 1, ""1002"": 0, ""1003"": 0, ""1004"": 0, ""1005"": 1, ""1006"": 0, ""1007"": 0}",-40.924800000000005,True,True
6.69481635093689,True,,,,"{""1000"": 0, ""1001"": 1, ""1002"": 1, ""1003"": 0, ""1004"": 0, ""1005"": 1, ""1006"": 1, ""1007"": 0}",,,,,300,-40.9248,True,"[0.68, 0.6799999999999999]",1.1102230246251565e-16,,9,2,8,3,3,16,True,0.0,IterativeSchedulingOutput,iterative,4118.884782999885,,"{""sub_qubos"": 3}",5,5,sweep_20260626_163548_3b2fdff6,src/experiments/scenarios/research_d6_top_k_sweep.toml,D6.4,Sub-QUBO top-k sweep [4/4],success,,,,,,,,,,,,,,,,10,,{},,,,,,,,,"{""1000"": 0, ""1001"": 1, ""1002"": 1, ""1003"": 0, ""1004"": 0, ""1005"": 1, ""1006"": 1, ""1007"": 0}",-40.9248,[],"{""1000"": 1, ""1001"": 1, ""1002"": 0, ""1003"": 0, ""1004"": 0, ""1005"": 1, ""1006"": 0, ""1007"": 0}",-40.924800000000005,True,"{""1000"": 1, ""1001"": 1, ""1002"": 0, ""1003"": 0, ""1004"": 0, ""1005"": 1, ""1006"": 0, ""1007"": 0}",-40.924800000000005,True,True
