N,num_variables,num_subqubos,instance_seed,qaoa_seed,source_run_id,status,baseline_method,baseline_certified,target_load,candidate_load_core_0,candidate_load_core_1,candidate_load_imbalance,candidate_normalized_load_imbalance,candidate_balance_objective,baseline_load_core_0,baseline_load_core_1,baseline_load_imbalance,baseline_normalized_load_imbalance,baseline_balance_objective,objective_regret,excess_normalized_load_imbalance,offset_free_tolerance,baseline_match_offset_free,certified_optimal_offset_free,legacy_pipeline_energy,legacy_baseline_energy,legacy_relative_gap,legacy_is_optimal,tempo_total_ms,tempo_qaoa_ms,tempo_overhead_ms,result_path
10,20,3,0,10000,sweep_20260705_142459_e5a8c292,success,bruteforce,True,2.752552564516206,2.6902753770280428,2.8148297520043695,0.12455437497632671,0.045250498240064906,0.007756896162871701,2.7545764021508146,2.7505287268815977,0.004047675269216899,0.001470516974460877,8.19183754251505e-06,0.007748704325329186,0.04377998126560403,1.0000081918375426e-09,False,False,-65.1453343446866,-65.15308304901194,0.00011893073915639577,False,6069.651809998504,6063.163082999381,6.488726999123173,src/experiments/results/phase5_e5_scalability_n_result/20260705_142459_sweep_20260705_142459_e5a8c292_repeat_001_of_020_result.json
10,20,3,1,10001,sweep_20260705_142459_e5a8c292,success,bruteforce,True,2.552153406485931,2.5390690551838153,2.5652377577880467,0.02616870260423143,0.010253577444728611,0.0003424004979943544,2.549212432088792,2.5550943808830695,0.005881948794277392,0.00230470032848702,1.729866080925063e-05,0.00032510183718510374,0.007948877116241591,1.0000172986608093e-09,False,False,-63.026631619977486,-63.02695672181468,5.15813953426585e-06,False,6151.42650099915,6145.464668000386,5.961832998764294,src/experiments/results/phase5_e5_scalability_n_result/20260705_142506_sweep_20260705_142459_e5a8c292_repeat_002_of_020_result.json
10,20,3,2,10002,sweep_20260705_142459_e5a8c292,success,bruteforce,True,1.985178048325784,1.9777216711758099,1.992634425475758,0.014912754299948094,0.007512048761835185,0.00011119512040531019,1.986094067653041,1.9842620289985269,0.0018320386545140899,0.0009228586101176942,1.6781828158168984e-06,0.0001095169375894933,0.00658919015171749,1.0000016781828158e-09,False,False,-57.88175257198873,-57.881862088926326,1.892076958933804e-06,False,6245.571254999959,6239.281469000161,6.289785999797459,src/experiments/results/phase5_e5_scalability_n_result/20260705_142513_sweep_20260705_142459_e5a8c292_repeat_003_of_020_result.json
10,20,3,3,10003,sweep_20260705_142459_e5a8c292,success,bruteforce,True,1.860095570797946,1.8439947699504553,1.8761963716454368,0.03220160169498154,0.017311799565851157,0.000518471575861119,1.8618798512405568,1.8583112903553356,0.0035685608852211725,0.0019184825453298225,6.36731339576526e-06,0.0005121042624653538,0.015393317020521335,1.0000063673133959e-09,False,False,-56.91939259342841,-56.919904697690875,8.99692761578117e-06,False,6166.561762998754,6160.2924270000585,6.269335998695169,src/experiments/results/phase5_e5_scalability_n_result/20260705_142519_sweep_20260705_142459_e5a8c292_repeat_004_of_020_result.json
10,20,3,4,10004,sweep_20260705_142459_e5a8c292,success,bruteforce,True,2.943655751221664,2.973061612276355,2.9142498901669733,0.05881172210938157,0.019979143989569355,0.0017294093287355606,2.9428347811801596,2.944476721263168,0.0016419400830085529,0.0005577894365966949,1.3479836180950669e-06,0.0017280613451174656,0.01942135455297266,1.000001347983618e-09,False,False,-67.32848895407203,-67.33021701541715,2.5665465250519987e-05,False,5888.058690996331,5881.9163669986665,6.142323997664789,src/experiments/results/phase5_e5_scalability_n_result/20260705_142525_sweep_20260705_142459_e5a8c292_repeat_005_of_020_result.json
10,20,3,5,10005,sweep_20260705_142459_e5a8c292,success,bruteforce,True,2.1765262314470077,2.2087762616153537,2.144276201278662,0.06450006033669187,0.02963440523012243,0.0020801288917184457,2.1760254776428316,2.177026985251184,0.00100150760835227,0.00046014038052114047,5.015087447937419e-07,0.002079627382973652,0.02917426484960129,1.0000005015087448e-09,False,False,-59.472452743462114,-59.47453237084508,3.4966687421796403e-05,False,5997.524255000826,5991.071630000079,6.452625000747503,src/experiments/results/phase5_e5_scalability_n_result/20260705_142531_sweep_20260705_142459_e5a8c292_repeat_006_of_020_result.json
10,20,3,6,10006,sweep_20260705_142459_e5a8c292,success,bruteforce,True,2.5261889557016595,2.455511747289519,2.5968661641138,0.14135441682428063,0.055955599245749554,0.009990535577866234,2.527215695655714,2.525162215747605,0.0020534799081088906,0.0008128766074581021,2.1083898665034487e-06,0.009988427187999731,0.05514272263829145,1.0000021083898666e-09,False,False,-62.75327074424021,-62.76325917142821,0.00015914449504154625,False,5947.147990998019,5940.990445998068,6.157544999950915,src/experiments/results/phase5_e5_scalability_n_result/20260705_142537_sweep_20260705_142459_e5a8c292_repeat_007_of_020_result.json
10,20,3,7,10007,sweep_20260705_142459_e5a8c292,success,bruteforce,True,2.8942099913308117,2.7925789537355845,2.995841028926039,0.20326207519045436,0.07023058997076805,0.02065773560536496,2.896258033001794,2.892161949659829,0.0040960833419649845,0.0014152681920918699,8.388949372161518e-06,0.020649346655992797,0.06881532177867618,1.0000083889493723e-09,False,False,-66.73224521223284,-66.75289455888883,0.00030934009367593194,False,6057.535650002137,6051.5867060003075,5.948944001829659,src/experiments/results/phase5_e5_scalability_n_result/20260705_142543_sweep_20260705_142459_e5a8c292_repeat_008_of_020_result.json
10,20,3,8,10008,sweep_20260705_142459_e5a8c292,success,bruteforce,True,2.5395200196660426,2.613919815648152,2.4651202236839334,0.14879959196421844,0.058593588871879106,0.01107065928435895,2.5393805505455838,2.5396594887865014,0.00027893824091762554,0.00010983896120429366,3.890327112310965e-08,0.011070620381087826,0.058483749910674815,1.0000000389032712e-09,False,False,-62.88725320128487,-62.898323821665976,0.0001760081939940577,False,5862.204205998751,5855.777160000798,6.4270459979525185,src/experiments/results/phase5_e5_scalability_n_result/20260705_142549_sweep_20260705_142459_e5a8c292_repeat_009_of_020_result.json
10,20,3,9,10009,sweep_20260705_142459_e5a8c292,success,bruteforce,True,3.205835204476103,3.2872286165978353,3.124441792354371,0.16278682424346425,0.050778288296346424,0.013249775073636259,3.1973704264411955,3.214299982511011,0.016929556069815277,0.005280856622379596,0.00014330493436050964,0.01310647013927575,0.04549743167396683,1.0001433049343605e-09,False,False,-70.54150894144304,-70.55461541158232,0.00018576346937504215,False,6109.514271996886,6103.105375000268,6.408896996617841,src/experiments/results/phase5_e5_scalability_n_result/20260705_142555_sweep_20260705_142459_e5a8c292_repeat_010_of_020_result.json
10,20,3,10,10010,sweep_20260705_142459_e5a8c292,success,bruteforce,True,2.8516769767367487,2.859604106589945,2.8437498468835525,0.015854259706392426,0.005559626786528566,0.00012567877541886922,2.851241326923883,2.8521126265496144,0.0008712996257314032,0.000305539383611553,3.7958151889984166e-07,0.00012529919389996937,0.005254087402917013,1.0000003795815189e-09,False,False,-66.26399748052548,-66.26412277971937,1.890905495171973e-06,False,6020.803940000405,6014.246732999709,6.557207000696508,src/experiments/results/phase5_e5_scalability_n_result/20260705_142601_sweep_20260705_142459_e5a8c292_repeat_011_of_020_result.json
10,20,3,11,10011,sweep_20260705_142459_e5a8c292,success,bruteforce,True,2.0522895551920475,2.049104673355248,2.055474437028847,0.006369763673599316,0.003103735365940237,2.0286944628752724e-05,2.0514245411825494,2.0531545692015447,0.0017300280189953554,0.0008429746253975669,1.4964984732544968e-06,1.879044615549823e-05,0.0022607607405426703,1.0000014964984732e-09,False,False,-58.423764549756115,-58.42378334020227,3.2162323425847377e-07,False,6280.693517000145,6274.359330998777,6.334186001367925,src/experiments/results/phase5_e5_scalability_n_result/20260705_142607_sweep_20260705_142459_e5a8c292_repeat_012_of_020_result.json
10,20,3,12,10012,sweep_20260705_142459_e5a8c292,success,bruteforce,True,2.3432923353982122,2.3738761158549044,2.31270855494152,0.06116756091338438,0.026103256511949346,0.001870735254046294,2.344093057079052,2.3424916137173724,0.0016014433616797774,0.0006834159517735258,1.282310420334113e-06,0.0018694529436259599,0.02541984056017582,1.0000012823104205e-09,False,False,-60.98016720301797,-60.98203665596159,3.065579711891134e-05,False,6027.705648002666,6021.5484330001345,6.157215002531302,src/experiments/results/phase5_e5_scalability_n_result/20260705_142613_sweep_20260705_142459_e5a8c292_repeat_013_of_020_result.json
10,20,3,13,10013,sweep_20260705_142459_e5a8c292,success,bruteforce,True,3.1639340991453717,3.053452046205158,3.274416152085586,0.22096410588042792,0.06983840337891797,0.024412568043768477,3.1803222528843547,3.1475459454063888,0.032776307477965894,0.010359352139104064,0.0005371431659450815,0.023875424877823397,0.05947905123981391,1.000537143165945e-09,False,False,-69.9965453994259,-70.02042082430373,0.00034097802607810373,False,6062.13009899966,6056.034485000055,6.095613999605121,src/experiments/results/phase5_e5_scalability_n_result/20260705_142619_sweep_20260705_142459_e5a8c292_repeat_014_of_020_result.json
10,20,3,14,10014,sweep_20260705_142459_e5a8c292,success,bruteforce,True,3.2313621324121145,3.2742419143019683,3.1884823505222606,0.08575956377970773,0.026539756383073907,0.0036773513898428786,3.229441652019263,3.233282612804965,0.0038409607857019523,0.0011886506768075515,7.3764898786500795e-06,0.0036699748999642285,0.025351105706266357,1.0000073764898788e-09,False,False,-70.8797251101841,-70.88339508508406,5.177481828513686e-05,False,5955.556755999169,5949.613861999751,5.94289399941772,src/experiments/results/phase5_e5_scalability_n_result/20260705_142625_sweep_20260705_142459_e5a8c292_repeat_015_of_020_result.json
10,20,3,15,10015,sweep_20260705_142459_e5a8c292,success,bruteforce,True,2.5563617702460855,2.597787676044697,2.5149358644474744,0.08285181159722255,0.032410049532718095,0.0034322113424708305,2.5553645512921226,2.5573589892000483,0.00199443790792575,0.0007801860953873355,1.9888912842856215e-06,0.003430222451186545,0.03162986343733076,1.0000019888912844e-09,False,False,-63.06653878940893,-63.06996901186012,5.4387571532517154e-05,False,6038.129600998218,6031.643344998884,6.486255999334389,src/experiments/results/phase5_e5_scalability_n_result/20260705_142631_sweep_20260705_142459_e5a8c292_repeat_016_of_020_result.json
10,20,3,16,10016,sweep_20260705_142459_e5a8c292,success,bruteforce,True,2.3291927449785645,2.319269328040683,2.3391161619164462,0.01984683387576336,0.008520906618205188,0.00019694840744607402,2.3222837485618104,2.336101741395319,0.013817992833508708,0.005932524417869022,9.5468462973449e-05,0.00010147994447262502,0.0025883822003361662,1.0000954684629735e-09,False,False,-60.850080738114116,-60.85018221805859,1.6677015709240061e-06,False,5966.114500000003,5959.348152001439,6.766347998564015,src/experiments/results/phase5_e5_scalability_n_result/20260705_142637_sweep_20260705_142459_e5a8c292_repeat_017_of_020_result.json
10,20,3,17,10017,sweep_20260705_142459_e5a8c292,success,bruteforce,True,2.161910754425263,2.2068988939880776,2.1169226148624487,0.08997627912562889,0.04161886837440188,0.0040478654026465406,2.162103993155452,2.161717515695074,0.0003864774603781207,0.00017876661170542374,7.468241369016093e-08,0.004047790720232851,0.041440101762696455,1.0000000746824138e-09,False,False,-59.34366835479657,-59.347716145516806,6.820465863102369e-05,False,5886.761855999794,5880.7332220003445,6.0286339994490845,src/experiments/results/phase5_e5_scalability_n_result/20260705_142643_sweep_20260705_142459_e5a8c292_repeat_018_of_020_result.json
10,20,3,18,10018,sweep_20260705_142459_e5a8c292,success,bruteforce,True,2.4164610722161846,2.4252290704092654,2.407693074023104,0.017535996386161212,0.0072568917363434295,0.00015375558462772955,2.4166233685455394,2.4162987758868297,0.0003245926587096548,0.0001343256311644054,5.2680197044101226e-08,0.00015370290443068545,0.007122566105179024,1.0000000526801972e-09,False,False,-61.678414471487756,-61.6785681743922,2.491998582178551e-06,False,5960.525995002172,5954.422691000218,6.103304001953802,src/experiments/results/phase5_e5_scalability_n_result/20260705_142649_sweep_20260705_142459_e5a8c292_repeat_019_of_020_result.json
10,20,3,19,10019,sweep_20260705_142459_e5a8c292,success,bruteforce,True,2.628288006906354,2.5533465012040124,2.7032295126086963,0.14988301140468385,0.05702685969377639,0.011232458553868296,2.633189932370753,2.6233860814419554,0.00980385092879743,0.0037301280921405284,4.805774651704112e-05,0.011184400807351254,0.05329673160163586,1.0000480577465171e-09,False,False,-63.804563235941686,-63.81574763674902,0.00017526082858107831,False,6120.497795000119,6113.903309000307,6.594485999812605,src/experiments/results/phase5_e5_scalability_n_result/20260705_142655_sweep_20260705_142459_e5a8c292_repeat_020_of_020_result.json
15,30,4,0,10000,sweep_20260705_142459_e5a8c292,success,bruteforce,True,3.972171240823535,3.920852791094534,4.023489690552536,0.1026368994580018,0.025838991633382477,0.005267166565175986,3.972137293766006,3.9722051878810625,6.789411505625509e-05,1.7092444142005033e-05,2.304805429636002e-09,0.005267164260370556,0.025821899189240473,1.0000000023048055e-09,False,False,-106.55102156628598,-106.55628873054636,4.943081561045557e-05,False,8970.888709000974,8788.617000001068,182.27170899990597,src/experiments/results/phase5_e5_scalability_n_result/20260705_142701_sweep_20260705_142459_e5a8c292_repeat_001_of_020_result.json
15,30,4,1,10001,sweep_20260705_142459_e5a8c292,success,bruteforce,True,3.908659242042544,3.868333353154463,3.9489851309306254,0.08065177777616261,0.020634128682452374,0.003252354629227759,3.908627259464368,3.9086912246207213,6.396515635342936e-05,1.636498665972303e-05,2.0457706136593326e-09,0.0032523525834571455,0.02061776369579265,1.0000000020457707e-09,False,False,-105.55198178617997,-105.5552341387634,3.081185513884748e-05,False,9101.770622998629,8916.393089998564,185.37753300006443,src/experiments/results/phase5_e5_scalability_n_result/20260705_142710_sweep_20260705_142459_e5a8c292_repeat_002_of_020_result.json
15,30,4,2,10002,sweep_20260705_142459_e5a8c292,success,bruteforce,True,3.1036983926933837,3.0931635716064916,3.1142332137802757,0.021069642173784153,0.006788559810897076,0.00022196491066565191,3.103452012439746,3.1039447729470204,0.0004927605072744257,0.00015876559025015605,1.2140645876467465e-07,0.00022184350420688723,0.00662979422064692,1.0000001214064589e-09,False,False,-94.26566546070431,-94.26588730420852,2.353380534050593e-06,False,8879.837030999624,8701.370074999431,178.46695600019302,src/experiments/results/phase5_e5_scalability_n_result/20260705_142719_sweep_20260705_142459_e5a8c292_repeat_003_of_020_result.json
15,30,4,3,10003,sweep_20260705_142459_e5a8c292,success,bruteforce,True,3.1917119469286983,3.163992778572377,3.219431115285019,0.05543833671264187,0.01736946743141678,0.0015367045887321276,3.191742869974876,3.1916810238825204,6.184609235582172e-05,1.9377090847855058e-05,1.912469569842415e-09,0.0015367026762625577,0.017350090340568926,1.0000000019124696e-09,False,False,-95.37251359974603,-95.3740503024223,1.6112377228431568e-05,False,8991.432943999826,8814.619005001077,176.8139389987482,src/experiments/results/phase5_e5_scalability_n_result/20260705_142728_sweep_20260705_142459_e5a8c292_repeat_004_of_020_result.json
15,30,4,4,10004,sweep_20260705_142459_e5a8c292,success,bruteforce,True,4.735138050601694,4.674749682105093,4.795526419098294,0.1207767369932009,0.025506486970924495,0.007293510099362412,4.735511068578843,4.7347650326245425,0.0007460359543003392,0.00015755315818205987,2.782848225544089e-07,0.007293231814539857,0.025348933812742436,1.0000002782848227e-09,False,False,-119.83577120641266,-119.84306443822719,6.085651972199359e-05,False,8935.828538998976,8757.134491001125,178.69404799785116,src/experiments/results/phase5_e5_scalability_n_result/20260705_142737_sweep_20260705_142459_e5a8c292_repeat_005_of_020_result.json
15,30,4,5,10005,sweep_20260705_142459_e5a8c292,success,bruteforce,True,3.7733715648723867,3.7626594372532502,3.7840836924915235,0.021424255238273293,0.005677748631414688,0.0002294993562573403,3.773338837626167,3.773404292118606,6.545449243899881e-05,1.7346421181613067e-05,2.1421452902234765e-09,0.00022949721411205009,0.005660402210233075,1.0000000021421454e-09,False,False,-103.4764364338187,-103.47666593103281,2.217864404910521e-06,False,8951.373198998226,8773.451870999452,177.92132799877436,src/experiments/results/phase5_e5_scalability_n_result/20260705_142746_sweep_20260705_142459_e5a8c292_repeat_006_of_020_result.json
15,30,4,6,10006,sweep_20260705_142459_e5a8c292,success,bruteforce,True,3.884482441867833,3.9135773019005002,3.8553875818351666,0.05818972006533363,0.014980044558356507,0.0016930217606409455,3.884682908840878,3.8842819748947885,0.0004009339460893102,0.00010321425108476567,8.037401456337296e-08,0.001692941386626382,0.014876830307271742,1.0000000803740147e-09,False,False,-105.17671466059834,-105.17840760198496,1.6095902431121117e-05,False,8917.993166998713,8736.155902999599,181.83726399911393,src/experiments/results/phase5_e5_scalability_n_result/20260705_142755_sweep_20260705_142459_e5a8c292_repeat_007_of_020_result.json
15,30,4,7,10007,sweep_20260705_142459_e5a8c292,success,bruteforce,True,3.7871860870382172,3.7959721721952,3.778400001881235,0.01757217031396463,0.0046399014756908896,0.0001543905847714899,3.7871844499256673,3.787187724150768,3.274225100824424e-06,8.645535301343071e-07,5.360275005434354e-12,0.0001543905794112149,0.004639036922160755,1.0000000000053604e-09,False,False,-103.68540252512693,-103.68555691570634,1.4890268616323958e-06,False,8893.2000349987,8713.505720000285,179.69431499841448,src/experiments/results/phase5_e5_scalability_n_result/20260705_142804_sweep_20260705_142459_e5a8c292_repeat_008_of_020_result.json
15,30,4,8,10008,sweep_20260705_142459_e5a8c292,success,bruteforce,True,3.384980604430822,3.3403840878446163,3.429577121017028,0.08919303317241178,0.026349643792836275,0.003977698583247475,3.384968420821436,3.3849927880402086,2.4367218772525234e-05,7.198628772238574e-06,2.9688067535405307e-10,0.003977698286366799,0.026342445164064036,1.0000000002968808e-09,False,False,-97.91220968616246,-97.91618738444883,4.0623500491899315e-05,False,8934.428923997984,8751.610186000107,182.81873799787718,src/experiments/results/phase5_e5_scalability_n_result/20260705_142813_sweep_20260705_142459_e5a8c292_repeat_009_of_020_result.json
15,30,4,9,10009,sweep_20260705_142459_e5a8c292,success,bruteforce,True,4.390659332618213,4.396892825939931,4.3844258392964965,0.012466986643434375,0.0028394338296339953,7.771287798378555e-05,4.390765334231328,4.3905533310050995,0.00021200322622849654,4.828505474189818e-05,2.2472683965645542e-08,7.76904052998199e-05,0.0027911487748920973,1.0000000224726841e-09,False,False,-113.55570103733685,-113.55577872774217,6.841607374817443e-07,False,9077.095519000068,8897.490192999612,179.60532600045553,src/experiments/results/phase5_e5_scalability_n_result/20260705_142822_sweep_20260705_142459_e5a8c292_repeat_010_of_020_result.json
15,30,4,10,10010,sweep_20260705_142459_e5a8c292,success,bruteforce,True,4.511534261003829,4.485663330316409,4.537405191691249,0.0517418613748406,0.011468794955649498,0.001338610109266611,4.511314032698477,4.5117544893091805,0.0004404566107032437,9.762900716734019e-05,9.70010129560944e-08,0.001338513108253655,0.011371165948482158,1.000000097001013e-09,False,False,-115.70654416631349,-115.70788267942174,1.1568037347636597e-05,False,9411.176887997499,9225.221565999163,185.95532199833542,src/experiments/results/phase5_e5_scalability_n_result/20260705_142831_sweep_20260705_142459_e5a8c292_repeat_011_of_020_result.json
15,30,4,11,10011,sweep_20260705_142459_e5a8c292,success,bruteforce,True,3.030541048531016,3.0366811048384443,3.024400992223588,0.012280112614856176,0.004052118885110853,7.54005829167749e-05,3.0306332694781397,3.030448827583893,0.0001844418942469339,6.0861044708943245e-05,1.7009406176698578e-08,7.53835735105982e-05,0.00399125784040191,1.0000000170094062e-09,False,False,-93.36828269308003,-93.36835807665352,8.073781636650819e-07,False,9242.648766999082,9053.652930999306,188.99583599977632,src/experiments/results/phase5_e5_scalability_n_result/20260705_142840_sweep_20260705_142459_e5a8c292_repeat_012_of_020_result.json
15,30,4,12,10012,sweep_20260705_142459_e5a8c292,success,bruteforce,True,3.006290069059836,2.987342119140957,3.0252380189787145,0.03789589983775743,0.012605536713763852,0.0007180496122566718,3.0062821086975244,3.006298029422147,1.5920724622642268e-05,5.2958045487677085e-06,1.267347362550039e-10,0.0007180494855219356,0.012600240909215084,1.0000000001267349e-09,False,False,-93.07484190904333,-93.07555995852884,7.71469423158344e-06,False,9381.81750000058,9200.085974999638,181.73152500094147,src/experiments/results/phase5_e5_scalability_n_result/20260705_142850_sweep_20260705_142459_e5a8c292_repeat_013_of_020_result.json
15,30,4,13,10013,sweep_20260705_142459_e5a8c292,success,bruteforce,True,4.383108845712716,4.366106662385566,4.400111029039865,0.0340043666542984,0.007758047507206981,0.0005781484757799805,4.3830976036677525,4.383120087757678,2.248408992588935e-05,5.1297128858394395e-06,2.5276714989773945e-10,0.0005781482230128306,0.007752917794321142,1.0000000002527672e-09,False,False,-113.42270815825431,-113.42328630647735,5.097262139624596e-06,False,9473.034992997782,9291.479877999336,181.5551149984458,src/experiments/results/phase5_e5_scalability_n_result/20260705_142859_sweep_20260705_142459_e5a8c292_repeat_014_of_020_result.json
15,30,4,14,10014,sweep_20260705_142459_e5a8c292,success,bruteforce,True,4.527151287393648,4.519595509469358,4.534707065317939,0.015111555848580593,0.0033379834004355867,0.00011417956008238517,4.527296165735375,4.527006409051922,0.0002897566834532128,6.400419713387362e-05,4.1979467802902684e-08,0.00011413758061458226,0.003273979203301713,1.0000000419794678e-09,False,False,-115.99008337833985,-115.99019751592047,9.840278150100384e-07,False,9153.69578300033,8965.46900300018,188.22678000015003,src/experiments/results/phase5_e5_scalability_n_result/20260705_142908_sweep_20260705_142459_e5a8c292_repeat_015_of_020_result.json
15,30,4,15,10015,sweep_20260705_142459_e5a8c292,success,bruteforce,True,4.126520589782021,4.10750342046524,4.145537759098802,0.03803433863356176,0.009217048068957021,0.0007233054576462243,4.126671096291675,4.126370083272366,0.0003010130193086269,7.294596325388203e-05,4.5304418896647896e-08,0.0007232601532273277,0.009144102105703138,1.000000045304419e-09,False,False,-109.05562105033226,-109.05634431048549,6.6319860416666055e-06,False,9572.058676997585,9387.999192999814,184.05948399777117,src/experiments/results/phase5_e5_scalability_n_result/20260705_142918_sweep_20260705_142459_e5a8c292_repeat_016_of_020_result.json
15,30,4,16,10016,sweep_20260705_142459_e5a8c292,success,bruteforce,True,3.6720292041279627,3.6687592412207946,3.675299167035131,0.006539925814336378,0.0017810113838376965,2.138531482851167e-05,3.672135133778497,3.6719232744774284,0.00021185930106870643,5.7695429227671136e-05,2.2442181724660398e-08,2.1362872646787008e-05,0.0017233159546100254,1.0000000224421818e-09,False,False,-101.96757556662243,-101.96759692949509,2.0950648344871735e-07,False,9894.586070000514,9710.821606999161,183.76446300135285,src/experiments/results/phase5_e5_scalability_n_result/20260705_142927_sweep_20260705_142459_e5a8c292_repeat_017_of_020_result.json
15,30,4,17,10017,sweep_20260705_142459_e5a8c292,success,bruteforce,True,3.5479273886589593,3.5744952015797966,3.521359575738122,0.05313562584167464,0.014976525734862564,0.0014116973667932207,3.547904700995994,3.547950076321925,4.537532593085203e-05,1.2789248752918512e-05,1.0294601016655262e-09,0.0014116963373331192,0.014963736486109646,1.0000000010294602e-09,False,False,-100.17416581302598,-100.17557750936332,1.4092220603475484e-05,False,8932.870240000739,8754.994869999791,177.87537000094744,src/experiments/results/phase5_e5_scalability_n_result/20260705_142937_sweep_20260705_142459_e5a8c292_repeat_018_of_020_result.json
15,30,4,18,10018,sweep_20260705_142459_e5a8c292,success,bruteforce,True,4.31351935421762,4.329799505284022,4.297239203151219,0.032560302132803365,0.007548430749700231,0.0005300866374897197,4.313711778514754,4.313326929920487,0.00038484859426635154,8.921916483116251e-05,7.405422025439344e-08,0.0005300125832694653,0.007459211584869068,1.0000000740542204e-09,False,False,-112.21236835178247,-112.21289836436576,4.7232768336686515e-06,False,8899.267797999528,8717.230513999311,182.03728400021646,src/experiments/results/phase5_e5_scalability_n_result/20260705_142946_sweep_20260705_142459_e5a8c292_repeat_019_of_020_result.json
15,30,4,19,10019,sweep_20260705_142459_e5a8c292,success,bruteforce,True,4.178861697344579,4.181086433445666,4.176636961243493,0.004449472202172622,0.001064756989923835,9.89890143895344e-06,4.178879835970735,4.178843558718425,3.6277252309702135e-05,8.68113255165975e-06,6.580195175708945e-10,9.89824341943587e-06,0.0010560758573721753,1.0000000006580196e-09,False,False,-109.9257602721658,-109.9257701704092,9.004479455367283e-08,False,9099.210880002829,8917.455945001166,181.7549350016634,src/experiments/results/phase5_e5_scalability_n_result/20260705_142955_sweep_20260705_142459_e5a8c292_repeat_020_of_020_result.json
20,40,5,0,10000,sweep_20260705_151529_715b9a8d,success,bruteforce,True,5.123518678291825,5.124820633528624,5.122216723055026,0.002603910473597537,0.0005082269895160561,3.390174877255475e-06,5.123521091166609,5.123516265417042,4.825749567061166e-06,9.418819116455461e-07,1.1643929441995517e-11,3.390163233326033e-06,0.0005072851076044105,1.000000000011644e-09,False,False,-152.50088390343558,-152.5008872935988,2.223044911547145e-08,False,17965.26223700039,12253.525254000124,5711.736983000264,src/experiments/results/phase5_e5_scalability_n_result/20260705_151529_sweep_20260705_151529_715b9a8d_repeat_001_of_020_result.json
20,40,5,1,10001,sweep_20260705_151529_715b9a8d,success,bruteforce,True,4.636869819189016,4.613490902732046,4.660248735645986,0.04675783291393998,0.01008392185617104,0.0010931474694039643,4.636871016227483,4.636868622150551,2.3940769313668397e-06,5.163131648551569e-07,2.865802176651432e-12,0.001093147466538162,0.010083405543006184,1.0000000000028658e-09,False,False,-143.00003029274257,-143.00112344020908,7.644327822200334e-06,False,16852.905048000594,11100.167736000003,5752.7373120005905,src/experiments/results/phase5_e5_scalability_n_result/20260705_151549_sweep_20260705_151529_715b9a8d_repeat_002_of_020_result.json
20,40,5,2,10002,sweep_20260705_151529_715b9a8d,success,bruteforce,True,4.534979681132155,4.542009487315251,4.5279498749490585,0.01405961236619202,0.0031002591752918385,9.883634994378978e-05,4.5349782524986555,4.534981109765654,2.8572669981130616e-06,6.300506725533436e-07,4.081987349253013e-12,9.883634586180243e-05,0.003099629124619285,1.000000000004082e-09,False,False,-141.13198258021308,-141.13208141655895,7.003109773358129e-07,False,16791.50260499955,11047.08012600031,5744.42247899924,src/experiments/results/phase5_e5_scalability_n_result/20260705_151606_sweep_20260705_151529_715b9a8d_repeat_003_of_020_result.json
20,40,5,3,10003,sweep_20260705_151529_715b9a8d,success,bruteforce,True,4.630688132602377,4.63189305387941,4.629483211325345,0.002409842554064845,0.0005204070075672641,2.903670567690888e-06,4.63068917619368,4.630687089011074,2.0871826063029175e-06,4.5072838993585006e-07,2.1781656160267198e-12,2.9036683895252716e-06,0.0005199562791773282,1.0000000000021782e-09,False,False,-142.88654225917838,-142.8865451628468,2.0321496425791154e-08,False,16688.806259001012,10971.255423000457,5717.550836000555,src/experiments/results/phase5_e5_scalability_n_result/20260705_151622_sweep_20260705_151529_715b9a8d_repeat_004_of_020_result.json
20,40,5,4,10004,sweep_20260705_151529_715b9a8d,success,bruteforce,True,6.2622526767719995,6.2323581889519,6.292147164592097,0.05978897564019725,0.009547518876388847,0.0017873608040520502,6.262254639717763,6.262250713826234,3.925891528311354e-06,6.269136253274007e-07,7.706312146033429e-12,0.001787360796345738,0.00954689196276352,1.0000000000077063e-09,False,False,-178.42982981467208,-178.43161717546843,1.0017063257342299e-05,False,17396.284310000283,11695.52135199956,5700.762958000723,src/experiments/results/phase5_e5_scalability_n_result/20260705_151639_sweep_20260705_151529_715b9a8d_repeat_005_of_020_result.json
20,40,5,5,10005,sweep_20260705_151529_715b9a8d,success,bruteforce,True,5.006946957604579,5.016237768666586,4.997656146542571,0.018581622124014707,0.003711168159229815,0.00017263834037983643,5.006948456109023,5.006945459100135,2.9970088881725587e-06,5.985701293720887e-07,4.491031137892659e-12,0.0001726383358888053,0.003710569589100443,1.000000000004491e-09,False,False,-150.13886303419113,-150.13903567252703,1.1498564322315055e-06,False,17247.94224399966,11479.410866999842,5768.531376999817,src/experiments/results/phase5_e5_scalability_n_result/20260705_151657_sweep_20260705_151529_715b9a8d_repeat_006_of_020_result.json
20,40,5,6,10006,sweep_20260705_151529_715b9a8d,success,bruteforce,True,5.046029519510901,5.034804391162612,5.057254647859191,0.02245025669657874,0.004449093412904725,0.0002520070128711393,5.046029836082163,5.046029202939638,6.331425250749589e-07,1.2547340887064963e-07,2.0043472852914752e-13,0.0002520070126707046,0.004448967939495854,1.0000000000002004e-09,False,False,-150.92457581653795,-150.92482782355063,1.6697518646235274e-06,False,17205.668509999214,11406.32317599966,5799.345333999554,src/experiments/results/phase5_e5_scalability_n_result/20260705_151714_sweep_20260705_151529_715b9a8d_repeat_007_of_020_result.json
20,40,5,7,10007,sweep_20260705_151529_715b9a8d,success,bruteforce,True,5.76358555296106,5.856593179487631,5.670577926434489,0.18601525305314226,0.03227422432509505,0.017300837184212277,5.763581162129827,5.763589943792295,8.781662467427509e-06,1.5236457213541149e-06,3.85587978459125e-11,0.01730083714565348,0.0322727006793737,1.0000000000385589e-09,False,False,-166.42053601541866,-166.43783685256432,0.00010394774092732457,False,17272.335094999107,11533.251019000545,5739.084075998562,src/experiments/results/phase5_e5_scalability_n_result/20260705_151731_sweep_20260705_151529_715b9a8d_repeat_008_of_020_result.json
20,40,5,8,10008,sweep_20260705_151529_715b9a8d,success,bruteforce,True,4.645449538524076,4.629805618328586,4.661093458719566,0.03128784039097976,0.006735158811114831,0.0004894644781657123,4.645453359262577,4.645445717785575,7.641477002273689e-06,1.6449381139336393e-06,2.9196085388138846e-11,0.0004894644489696269,0.006733513873000897,1.0000000000291962e-09,False,False,-143.15991336546892,-143.1604028299179,3.41899323625647e-06,False,17278.69702099997,11541.57835299975,5737.118668000221,src/experiments/results/phase5_e5_scalability_n_result/20260705_151748_sweep_20260705_151529_715b9a8d_repeat_009_of_020_result.json
20,40,5,9,10009,sweep_20260705_151529_715b9a8d,success,bruteforce,True,5.813397634275415,5.908433191292154,5.718362077258676,0.19007111403347832,0.03269535751568607,0.018063514194963756,5.813399792254732,5.8133954762960975,4.315958634037997e-06,7.424158651373485e-07,9.313749465363569e-12,0.018063514185650005,0.03269461509982093,1.000000000009314e-09,False,False,-167.57312059420298,-167.59118410838866,0.0001077832004218163,False,17424.17752600113,11639.16565100044,5785.011875000691,src/experiments/results/phase5_e5_scalability_n_result/20260705_151806_sweep_20260705_151529_715b9a8d_repeat_010_of_020_result.json
20,40,5,10,10010,sweep_20260705_151529_715b9a8d,success,bruteforce,True,5.946481024410077,5.969664785450616,5.923297263369537,0.04636752208107975,0.00779747246997726,0.001074973551969709,5.946472327107394,5.94648972171276,1.739460536676063e-05,2.9251931176365384e-06,1.5128614793266884e-10,0.001074973400683561,0.0077945472768596235,1.0000000001512862e-09,False,False,-170.7201981737863,-170.72127314718693,6.2966575918240676e-06,False,17257.22849099975,11544.874174000142,5712.354316999608,src/experiments/results/phase5_e5_scalability_n_result/20260705_151823_sweep_20260705_151529_715b9a8d_repeat_011_of_020_result.json
20,40,5,11,10011,sweep_20260705_151529_715b9a8d,success,bruteforce,True,4.698838146995676,4.706116207889435,4.6915600861019175,0.01455612178751764,0.0030978129767726672,0.00010594034074652287,4.6988336368088115,4.69884265718254,9.020373728851894e-06,1.91970300884258e-06,4.068357110408071e-11,0.00010594030006295176,0.0030958932737638247,1.0000000000406837e-09,False,False,-144.1580539229828,-144.15815986328283,7.34889375293608e-07,False,17301.178621999043,11566.870199999812,5734.308421999231,src/experiments/results/phase5_e5_scalability_n_result/20260705_151840_sweep_20260705_151529_715b9a8d_repeat_012_of_020_result.json
20,40,5,12,10012,sweep_20260705_151529_715b9a8d,success,bruteforce,True,4.154260425997932,4.17118145609035,4.1373393959055145,0.03384206018483571,0.00814635018378902,0.0005726425187770212,4.154259487407205,4.154261364588659,1.8771814538354192e-06,4.5186898781977173e-07,1.761905105311829e-12,0.0005726425170151161,0.008145898314801201,1.000000000001762e-09,False,False,-134.51518673150622,-134.51575937402328,4.2570663818223955e-06,False,17346.755291000136,11605.966023000292,5740.789267999844,src/experiments/results/phase5_e5_scalability_n_result/20260705_151858_sweep_20260705_151529_715b9a8d_repeat_013_of_020_result.json
20,40,5,13,10013,sweep_20260705_151529_715b9a8d,success,bruteforce,True,5.560807271179936,5.552692451237533,5.568922091122339,0.016229639884805636,0.002918576223441368,0.00013170060539523696,5.56080070609166,5.560813836268212,1.3130176551356953e-05,2.361199716344582e-06,8.620076813490199e-11,0.00013170051919446883,0.002916215023725023,1.0000000000862008e-09,False,False,-161.84502331380992,-161.8451550143291,8.137439712970539e-07,False,17527.241265999237,11672.752686999502,5854.488578999735,src/experiments/results/phase5_e5_scalability_n_result/20260705_151915_sweep_20260705_151529_715b9a8d_repeat_014_of_020_result.json
20,40,5,14,10014,sweep_20260705_151529_715b9a8d,success,bruteforce,True,5.855198631322794,5.916488138199657,5.793909124445931,0.12257901375372615,0.02093507350851962,0.007512807306418092,5.855198873467548,5.855198389178039,4.842895089396393e-07,8.271102987845686e-08,1.172681642344985e-13,0.007512807306300824,0.02093499079748974,1.0000000000001173e-09,False,False,-168.5591892171822,-168.5667020244885,4.456875062562018e-05,False,17347.006833999785,11634.369183999752,5712.637650000033,src/experiments/results/phase5_e5_scalability_n_result/20260705_151932_sweep_20260705_151529_715b9a8d_repeat_015_of_020_result.json
20,40,5,15,10015,sweep_20260705_151529_715b9a8d,success,bruteforce,True,5.621404101297874,5.601259502153396,5.641548700442351,0.04028919828895461,0.007167105862332972,0.0008116097493833515,5.62140597598627,5.621402226609478,3.7493767921503718e-06,6.669822564943717e-07,7.028913164757906e-12,0.0008116097423544384,0.007166438880076478,1.000000000007029e-09,False,False,-163.19955653042774,-163.2003681401701,4.973087693403022e-06,False,17285.454832999676,11556.498573999761,5728.956258999915,src/experiments/results/phase5_e5_scalability_n_result/20260705_151950_sweep_20260705_151529_715b9a8d_repeat_016_of_020_result.json
20,40,5,16,10016,sweep_20260705_151529_715b9a8d,success,bruteforce,True,4.914416342620941,4.9179770062097425,4.91085567903214,0.007121327177602943,0.0014490687563123762,2.535665038523315e-05,4.914417970965485,4.914414714276397,3.2566890881824406e-06,6.626807460203084e-07,5.3030119085432885e-12,2.535664508222124e-05,0.0014484060755663559,1.0000000000053031e-09,False,False,-148.30295062058917,-148.30297597723424,1.709786664832599e-07,False,17280.760404001285,11553.361863000646,5727.398541000639,src/experiments/results/phase5_e5_scalability_n_result/20260705_152007_sweep_20260705_151529_715b9a8d_repeat_017_of_020_result.json
20,40,5,17,10017,sweep_20260705_151529_715b9a8d,success,bruteforce,True,4.2477612693031475,4.24087364744989,4.254648891156406,0.013775243706516171,0.003242942065992335,9.487866958695669e-05,4.247757404698575,4.247765133907721,7.729209145601601e-06,1.8195959366778612e-06,2.987033700822572e-11,9.487863971661968e-05,0.003241122470055657,1.0000000000298704e-09,False,False,-136.0868567233142,-136.08695160195393,6.971913074524133e-07,False,17087.109354000404,11389.207057000021,5697.9022970003825,src/experiments/results/phase5_e5_scalability_n_result/20260705_152024_sweep_20260705_151529_715b9a8d_repeat_018_of_020_result.json
20,40,5,18,10018,sweep_20260705_151529_715b9a8d,success,bruteforce,True,5.66294655998829,5.637021322804069,5.688871797172511,0.051850474368442256,0.009156094591249237,0.0013442358461162435,5.662955419466618,5.662937700509962,1.7718956655699003e-05,3.128928812588979e-06,1.5698071248327e-10,0.001344235689135531,0.009152965662436648,1.0000000001569807e-09,False,False,-164.13658324672028,-164.13792748240945,8.189671392789287e-06,False,17237.116904999766,11482.748729999912,5754.368174999854,src/experiments/results/phase5_e5_scalability_n_result/20260705_152041_sweep_20260705_151529_715b9a8d_repeat_019_of_020_result.json
20,40,5,19,10019,sweep_20260705_151529_715b9a8d,success,bruteforce,True,5.708280150362552,5.779982568132489,5.636577732592615,0.14340483553987404,0.025122249042168317,0.010282473428109161,5.7082788309058765,5.708281469819227,2.6389133500615003e-06,4.622956968735836e-07,3.4819318345664053e-12,0.01028247342462723,0.025121786746471444,1.000000000003482e-09,False,False,-165.15864207661812,-165.1689245500428,6.225428574217862e-05,False,17259.585363999577,11548.121768999863,5711.463594999714,src/experiments/results/phase5_e5_scalability_n_result/20260705_152059_sweep_20260705_151529_715b9a8d_repeat_020_of_020_result.json
25,50,7,0,10000,sweep_20260705_151529_715b9a8d,success,simulated_annealing,False,6.166419670988906,6.166191726038386,6.166647615939425,0.00045588990103873073,7.39310532469192e-05,1.0391780093455185e-07,6.166410148882468,6.166429193095341,1.9044212873353672e-05,3.088374435971459e-06,1.8134102198280488e-10,1.0373645991256905e-07,7.084267881094774e-05,1.000000000181341e-09,False,,-201.04946301360002,-201.04946311733647,5.159747879202631e-10,True,16554.780332000064,14652.535771000203,1902.2445609998613,src/experiments/results/phase5_e5_scalability_n_result/20260705_152116_sweep_20260705_151529_715b9a8d_repeat_001_of_020_result.json
25,50,7,1,10001,sweep_20260705_151529_715b9a8d,success,simulated_annealing,False,6.366049218445393,6.3632187140129925,6.368879722877793,0.005661008864800365,0.0008892499367422107,1.602351068367416e-05,6.366046927674966,6.3660515092158185,4.581540852477417e-06,7.196835423770478e-07,1.0495258291459748e-11,1.602350018841587e-05,0.0008885302531998336,1.0000000000104953e-09,False,,-206.0531492798277,-206.0531653033279,7.776391190430424e-08,False,16264.164160001656,14431.503558000259,1832.660602001397,src/experiments/results/phase5_e5_scalability_n_result/20260705_152133_sweep_20260705_151529_715b9a8d_repeat_002_of_020_result.json
25,50,7,2,10002,sweep_20260705_151529_715b9a8d,success,simulated_annealing,False,5.955952976997131,5.959817444614524,5.952088509379739,0.007728935234784906,0.0012976823800717237,2.9868219931749806e-05,5.955958976902094,5.955946977092167,1.1999809927054628e-05,2.0147590105898864e-06,7.19977191427194e-11,2.9868147934030663e-05,0.0012956676210611339,1.0000000000719979e-09,False,,-195.94672186018204,-195.94675172833,1.5242992145969055e-07,False,16364.196806000564,14532.31270499964,1831.8841010009237,src/experiments/results/phase5_e5_scalability_n_result/20260705_152149_sweep_20260705_151529_715b9a8d_repeat_003_of_020_result.json
25,50,7,3,10003,sweep_20260705_151529_715b9a8d,success,simulated_annealing,False,5.870212459488187,5.882794153438037,5.857630765538335,0.02516338789970174,0.004286623026570267,0.00031659804529542796,5.870210244286845,5.870214674689527,4.43040268205408e-06,7.547261215210529e-07,9.814233962575991e-12,0.000316598035481194,0.004285868300448746,1.0000000000098144e-09,False,,-193.91847204101538,-193.9187886390509,1.632632081360349e-06,False,16623.961069000416,14708.374507999906,1915.5865610005094,src/experiments/results/phase5_e5_scalability_n_result/20260705_152205_sweep_20260705_151529_715b9a8d_repeat_004_of_020_result.json
25,50,7,4,10004,sweep_20260705_151529_715b9a8d,success,simulated_annealing,False,7.734547274720365,7.7384417255712,7.7306528238695265,0.0077889017016739,0.0010070274865513057,3.033349485916929e-05,7.7345549672496725,7.734539582191056,1.538505861642392e-05,1.9891349900605724e-06,1.1835001431539991e-10,3.0333376509154975e-05,0.0010050383515612452,1.0000000001183502e-09,False,,-244.64641275627358,-244.6464430896501,1.2398862673623744e-07,False,16530.250869001065,14656.708073000118,1873.5427960009474,src/experiments/results/phase5_e5_scalability_n_result/20260705_152222_sweep_20260705_151529_715b9a8d_repeat_005_of_020_result.json
25,50,7,5,10005,sweep_20260705_151529_715b9a8d,success,simulated_annealing,False,6.23199439016423,6.247498339639344,6.216490440689116,0.031007898950228707,0.0049755980203011006,0.0004807448986537973,6.231991192990396,6.231997587338063,6.394347667360023e-06,1.026051576274207e-06,2.0443841045536283e-11,0.0004807448782099562,0.004974571968724827,1.0000000000204438e-09,False,,-202.67502741317824,-202.67550815805643,2.3719929583895983e-06,False,16536.12047099932,14685.681911999836,1850.4385589994854,src/experiments/results/phase5_e5_scalability_n_result/20260705_152238_sweep_20260705_151529_715b9a8d_repeat_006_of_020_result.json
25,50,7,6,10006,sweep_20260705_151529_715b9a8d,success,simulated_annealing,False,6.142440089888739,6.139125539532878,6.145754640244601,0.006629100711722735,0.0010792292012151822,2.1972488123081437e-05,6.142435094674448,6.142445085103031,9.990428583073196e-06,1.6264592632362423e-06,4.990433163674296e-11,2.19724382187498e-05,0.001077602741951946,1.0000000000499045e-09,False,,-200.4591185432566,-200.45914051569486,1.0961055799703116e-07,False,16562.379855000017,14710.316628999408,1852.0632260006096,src/experiments/results/phase5_e5_scalability_n_result/20260705_152255_sweep_20260705_151529_715b9a8d_repeat_007_of_020_result.json
25,50,7,7,10007,sweep_20260705_151529_715b9a8d,success,simulated_annealing,False,6.297426864511787,6.291716178915326,6.303137550108249,0.011421371192922969,0.001813656821849954,6.522385996326531e-05,6.2974261316133076,6.297427597410266,1.4657969584774833e-06,2.327612515419217e-07,1.0742803617409204e-12,6.522385888898494e-05,0.001813424060598412,1.0000000000010744e-09,False,,-204.31510500388956,-204.31517022774844,3.192316009136343e-07,False,16560.071001999404,14666.331849999551,1893.7391519998528,src/experiments/results/phase5_e5_scalability_n_result/20260705_152311_sweep_20260705_151529_715b9a8d_repeat_008_of_020_result.json
25,50,7,8,10008,sweep_20260705_151529_715b9a8d,success,simulated_annealing,False,5.512625693868152,5.5245779835206985,5.500673404215605,0.0239045793050936,0.00433633274460904,0.0002857144558767546,5.512618243908076,5.512633143828227,1.4899920151023593e-05,2.7028717309062343e-06,1.1100381025343947e-10,0.00028571434487294434,0.004333629872878134,1.0000000001110038e-09,False,,-185.77779836693477,-185.77808408127962,1.5379335310397723e-06,False,16365.576261001024,14498.423402000753,1867.1528590002708,src/experiments/results/phase5_e5_scalability_n_result/20260705_152328_sweep_20260705_151529_715b9a8d_repeat_009_of_020_result.json
25,50,7,9,10009,sweep_20260705_151529_715b9a8d,success,simulated_annealing,False,7.772987633399369,7.781262616832057,7.76471264996668,0.016549966865377463,0.002129164183185462,0.00013695070162254597,7.7729845276540726,7.7729907391446655,6.211490592988866e-06,7.991123729952968e-07,1.929130769339459e-11,0.00013695068233123827,0.0021283650708124667,1.0000000000192914e-09,False,,-245.83853654725743,-245.8386734979398,5.570754202832766e-07,False,16374.415147997752,14500.996752999527,1873.4183949982253,src/experiments/results/phase5_e5_scalability_n_result/20260705_152344_sweep_20260705_151529_715b9a8d_repeat_010_of_020_result.json
25,50,7,10,10010,sweep_20260705_151529_715b9a8d,success,simulated_annealing,False,7.383149339877801,7.447375368578972,7.31892331117663,0.12845205740234178,0.01739800341143686,0.008249965525447253,7.383138121732925,7.383160558022677,2.2436289752292282e-05,3.038850864238868e-06,2.5169354892440783e-10,0.008249965273753703,0.01739496456057262,1.0000000002516935e-09,False,,-234.01353838435057,-234.02178834962436,3.525297935705691e-05,False,16473.59497000025,14638.0763319994,1835.518638000849,src/experiments/results/phase5_e5_scalability_n_result/20260705_152401_sweep_20260705_151529_715b9a8d_repeat_011_of_020_result.json
25,50,7,11,10011,sweep_20260705_151529_715b9a8d,success,simulated_annealing,False,5.986864654733884,5.985224379944924,5.9885049295228425,0.003280549577918457,0.0005479578656124267,5.381002766590483e-06,5.9868557915918315,5.986873517875933,1.7726284101904355e-05,2.9608626759063237e-06,1.5711057403071355e-10,5.380845656016452e-06,0.0005449970029365205,1.0000000001571106e-09,False,,-196.68509140720096,-196.68509678804662,2.7357668435588906e-08,False,16516.805020999982,14652.292291999856,1864.5127290001255,src/experiments/results/phase5_e5_scalability_n_result/20260705_152417_sweep_20260705_151529_715b9a8d_repeat_012_of_020_result.json
25,50,7,12,10012,sweep_20260705_151529_715b9a8d,success,simulated_annealing,False,5.896533300346591,5.895478869890668,5.897587730802513,0.002108860911845589,0.00035764419607731764,2.223647172755105e-06,5.896541967714465,5.896524632978715,1.7334735749940933e-05,2.939818172301684e-06,1.5024653176014012e-10,2.223496926223345e-06,0.00035470437790501594,1.0000000001502467e-09,False,,-194.53820770054534,-194.53820992404226,1.1429615403955186e-08,False,16304.611255000964,14461.025304000486,1843.5859510004775,src/experiments/results/phase5_e5_scalability_n_result/20260705_152434_sweep_20260705_151529_715b9a8d_repeat_013_of_020_result.json
25,50,7,13,10013,sweep_20260705_151529_715b9a8d,success,simulated_annealing,False,7.2006508195670245,7.19700111109583,7.20430052803822,0.0072994169423905575,0.0010137162772224902,2.6640743849429158e-05,7.200663303900821,7.200638335233228,2.4968667593050498e-05,3.4675570609813107e-06,3.117171806861251e-10,2.664043213224847e-05,0.0010102487201615088,1.0000000003117173e-09,False,,-228.69871780991872,-228.69874445035077,1.164870061624689e-07,False,16019.707338999524,14190.294967999762,1829.412370999762,src/experiments/results/phase5_e5_scalability_n_result/20260705_152450_sweep_20260705_151529_715b9a8d_repeat_014_of_020_result.json
25,50,7,14,10014,sweep_20260705_151529_715b9a8d,success,simulated_annealing,False,7.352999157582349,7.324660828874628,7.381337486290069,0.0566766574154407,0.007707964627875175,0.0016061217478936147,7.3529835019745695,7.35301481319013,3.131121556076977e-05,4.258291737798163e-06,4.901961099464954e-10,0.0016061212576975047,0.007703706336137377,1.0000000004901962e-09,False,,-233.13158710106558,-233.13319322232326,6.889286057813599e-06,False,16084.749483999985,14290.012441999806,1794.737042000179,src/experiments/results/phase5_e5_scalability_n_result/20260705_152506_sweep_20260705_151529_715b9a8d_repeat_015_of_020_result.json
25,50,7,15,10015,sweep_20260705_151529_715b9a8d,success,simulated_annealing,False,7.340637027590754,7.341177692110504,7.340096363071003,0.0010813290395006447,0.00014730724805440273,5.846362458336934e-07,7.340649247552891,7.3406248076286165,2.443992427458852e-05,3.3294010019468117e-06,2.986549492738106e-10,5.843375908844195e-07,0.00014397784705245592,1.000000000298655e-09,False,,-232.76990335703658,-232.7699039413742,2.5103658293833974e-09,False,16083.90867800108,14273.98247200017,1809.9262060009096,src/experiments/results/phase5_e5_scalability_n_result/20260705_152522_sweep_20260705_151529_715b9a8d_repeat_016_of_020_result.json
25,50,7,16,10016,sweep_20260705_151529_715b9a8d,success,simulated_annealing,False,6.095508642374002,6.095727233940431,6.095290050807573,0.00043718313285801,7.172217422822675e-05,9.556454582777223e-08,6.09551666201293,6.095500622735073,1.6039277856982892e-05,2.6313272276382362e-06,1.2862921708675086e-10,9.543591661068547e-08,6.909084700058851e-05,1.0000000001286293e-09,False,,-199.3104511229477,-199.31045121838366,4.788306389068932e-10,True,16361.158241999874,14559.164988000248,1801.9932539996262,src/experiments/results/phase5_e5_scalability_n_result/20260705_152538_sweep_20260705_151529_715b9a8d_repeat_017_of_020_result.json
25,50,7,17,10017,sweep_20260705_151529_715b9a8d,success,simulated_annealing,False,5.530545590919631,5.542901767332863,5.518189414506401,0.024712352826461448,0.004468339049050715,0.0003053501911097586,5.530549578246252,5.53054160359301,7.974653242648344e-06,1.4419288497940585e-06,3.1797547170240874e-11,0.0003053501593122114,0.0044668971202009205,1.0000000000317977e-09,False,,-186.17356371628998,-186.17386906644933,1.6401343587176894e-06,False,16140.425370999765,14315.35342999905,1825.071941000715,src/experiments/results/phase5_e5_scalability_n_result/20260705_152555_sweep_20260705_151529_715b9a8d_repeat_018_of_020_result.json
25,50,7,18,10018,sweep_20260705_151529_715b9a8d,success,simulated_annealing,False,6.8969333998749605,6.903317589910861,6.89054920983906,0.012768380071801033,0.0018513126532485468,8.151576482898288e-05,6.896944669256717,6.896922130493203,2.253876351421269e-05,3.2679398520248594e-06,2.539979303748026e-10,8.15155108310525e-05,0.0018480447133965218,1.000000000253998e-09,False,,-220.13529912885676,-220.13538064436756,3.7029718058695467e-07,False,16071.76146799884,14220.46578499885,1851.2956829999894,src/experiments/results/phase5_e5_scalability_n_result/20260705_152611_sweep_20260705_151529_715b9a8d_repeat_019_of_020_result.json
25,50,7,19,10019,sweep_20260705_151529_715b9a8d,success,simulated_annealing,False,6.776277250575465,6.786939623850386,6.7656148773005444,0.0213247465498414,0.003146970786655819,0.00022737240770748636,6.776278512926151,6.776275988224777,2.5247013741847013e-06,3.725794091394792e-07,3.1870585144050595e-12,0.00022737240452042783,0.0031465982072466795,1.0000000000031872e-09,False,,-216.83563938092544,-216.83586675332998,1.04859222757981e-06,False,16001.650962000895,14190.617560001101,1811.0334019997936,src/experiments/results/phase5_e5_scalability_n_result/20260705_152627_sweep_20260705_151529_715b9a8d_repeat_020_of_020_result.json
30,60,8,0,10000,sweep_20260705_151529_715b9a8d,success,simulated_annealing,False,8.015281715776824,8.005709833084897,8.02485359846875,0.01914376538385376,0.002388408300880088,0.0001832418765360188,8.015280638489926,8.015282793063722,2.1545737958206246e-06,2.6880824308142333e-07,2.3210941208184474e-12,0.00018324187421492468,0.0023881394926370068,1.0000000000023211e-09,False,,-278.48929872465595,-278.48948196653026,6.579849013207872e-07,False,19015.304623000247,16719.846428999517,2295.45819400073,src/experiments/results/phase5_e5_scalability_n_result/20260705_152643_sweep_20260705_151529_715b9a8d_repeat_001_of_020_result.json
30,60,8,1,10001,sweep_20260705_151529_715b9a8d,success,simulated_annealing,False,7.702791929624192,7.7372399455550305,7.668343913693353,0.06889603186167736,0.008944293509566303,0.0023733316031426316,7.7027935553361395,7.702790303912243,3.251423896344363e-06,4.2210979162499527e-07,5.28587867685958e-12,0.002373331597856753,0.008943871399774678,1.000000000005286e-09,False,,-268.66363369056404,-268.66600702216186,8.833762127665105e-06,False,19026.66277599883,16808.389198999066,2218.2735769997635,src/experiments/results/phase5_e5_scalability_n_result/20260705_152702_sweep_20260705_151529_715b9a8d_repeat_002_of_020_result.json
30,60,8,2,10002,sweep_20260705_151529_715b9a8d,success,simulated_annealing,False,7.106271222502802,7.120692483897741,7.091849961107864,0.028842522789876313,0.004058742185148132,0.0004159455604422672,7.106274844551068,7.106267600454535,7.244096533298716e-06,1.0193948846702436e-06,2.623846729187524e-11,0.00041594553420379993,0.004057722790263461,1.0000000000262384e-09,False,,-250.99776542998248,-250.99818137551668,1.6571655297304825e-06,False,18996.971353999925,16819.995753999592,2176.9756000003326,src/experiments/results/phase5_e5_scalability_n_result/20260705_152721_sweep_20260705_151529_715b9a8d_repeat_003_of_020_result.json
30,60,8,3,10003,sweep_20260705_151529_715b9a8d,success,simulated_annealing,False,7.153742818508012,7.1540441740885825,7.1534414629274385,0.0006027111611439651,8.425116424155527e-05,1.816303718837533e-07,7.153743469794276,7.153742167221746,1.3025725298376756e-06,1.8208266118648933e-07,8.483475977438612e-13,1.8162952353615556e-07,8.406908158036877e-05,1.0000000000008483e-09,False,,-252.3520724450795,-252.3520726267091,7.197467646045001e-10,True,19060.85091400064,16813.18723100094,2247.6636829997005,src/experiments/results/phase5_e5_scalability_n_result/20260705_152740_sweep_20260705_151529_715b9a8d_repeat_004_of_020_result.json
30,60,8,4,10004,sweep_20260705_151529_715b9a8d,success,simulated_annealing,False,8.997615702727654,9.014734622421056,8.980496783034251,0.03423783938680458,0.0038052124604994277,0.0005861148229383135,8.997618804404446,8.99761260105086,6.203353585476634e-06,6.894441583669849e-07,1.9240797853222905e-11,0.0005861148036975156,0.0038045230163410606,1.000000000019241e-09,False,,-311.91359055311955,-311.91417666792324,1.8790899790349658e-06,False,19003.39891800013,16792.57939299896,2210.8195250011704,src/experiments/results/phase5_e5_scalability_n_result/20260705_152759_sweep_20260705_151529_715b9a8d_repeat_005_of_020_result.json
30,60,8,5,10005,sweep_20260705_151529_715b9a8d,success,simulated_annealing,False,7.673778366462772,7.686979777276361,7.660576955649182,0.026402821627178774,0.003440654703108028,0.00034855449493830957,7.673777425107246,7.673779307818298,1.8827110519481494e-06,2.453434230230427e-07,1.7723004525638537e-12,0.0003485544931660091,0.003440409359685005,1.0000000000017723e-09,False,,-267.77340028068915,-267.7737488351823,1.3016753683281221e-06,False,19133.34770600204,16921.744570000556,2211.603136001486,src/experiments/results/phase5_e5_scalability_n_result/20260705_152818_sweep_20260705_151529_715b9a8d_repeat_006_of_020_result.json
30,60,8,6,10006,sweep_20260705_151529_715b9a8d,success,simulated_annealing,False,7.188560104146135,7.207943711948036,7.169176496344236,0.0387672156037997,0.0053929041480003746,0.0007514485028357454,7.188563657627829,7.188556550664444,7.106963384906351e-06,9.886490871526938e-07,2.5254464277199767e-11,0.0007514484775812811,0.005391915498913222,1.0000000000252545e-09,False,,-253.35004129334013,-253.35079274181774,2.96603957494221e-06,False,19058.074662999843,16856.186336000064,2201.8883269997787,src/experiments/results/phase5_e5_scalability_n_result/20260705_152837_sweep_20260705_151529_715b9a8d_repeat_007_of_020_result.json
30,60,8,7,10007,sweep_20260705_151529_715b9a8d,success,simulated_annealing,False,7.818230124451805,7.789608397710535,7.846851851193074,0.05724345348253923,0.007321791834127293,0.0016384064833038165,7.8182436657438705,7.818216583159739,2.7082584131754572e-05,3.464030055479281e-06,3.667331816267823e-10,0.001638406116570635,0.007318327804071813,1.0000000003667333e-09,False,,-272.24780615128805,-272.2494445574046,6.0180329081407915e-06,False,19222.357440000906,16990.119573000356,2232.237867000549,src/experiments/results/phase5_e5_scalability_n_result/20260705_152856_sweep_20260705_151529_715b9a8d_repeat_008_of_020_result.json
30,60,8,8,10008,sweep_20260705_151529_715b9a8d,success,simulated_annealing,False,6.5318895448590535,6.49377547169063,6.570003618027478,0.07622814633684794,0.011670152382910939,0.0029053651469759514,6.531893073481088,6.531886016237019,7.057244069130775e-06,1.080429180662616e-06,2.4902346925640748e-11,0.0029053651220736043,0.011669071953730277,1.0000000000249023e-09,False,,-235.32825668733102,-235.33116205245315,1.2345858052934861e-05,False,19009.848127000623,16808.186112000385,2201.662015000238,src/experiments/results/phase5_e5_scalability_n_result/20260705_152915_sweep_20260705_151529_715b9a8d_repeat_009_of_020_result.json
30,60,8,9,10009,sweep_20260705_151529_715b9a8d,success,simulated_annealing,False,9.367229048936936,9.360288276609907,9.374169821263964,0.013881544654056555,0.0014819264674254908,9.634864099128306e-05,9.367230841817692,9.367227256056179,3.5857615134915477e-06,3.8279853036138653e-07,6.428842815818597e-12,9.634863456244025e-05,0.0014815436688951295,1.000000000006429e-09,False,,-325.48986376185485,-325.4899601104896,2.9601108045646644e-07,False,19113.920724000764,16863.345638999817,2250.5750850009463,src/experiments/results/phase5_e5_scalability_n_result/20260705_152935_sweep_20260705_151529_715b9a8d_repeat_010_of_020_result.json
30,60,8,10,10010,sweep_20260705_151529_715b9a8d,success,simulated_annealing,False,8.49474249086675,8.504652557169482,8.484832424564019,0.01982013260546367,0.0023332234763765447,0.00019641882824908205,8.49474118695455,8.49474379477895,2.607824399092351e-06,3.06992754859396e-07,3.400374048250691e-12,0.000196418824848708,0.002332916483621685,1.0000000000034004e-09,False,,-294.3211035534458,-294.3212999722707,6.673619099377588e-07,False,18946.76609600174,16772.48373700013,2174.2823590016087,src/experiments/results/phase5_e5_scalability_n_result/20260705_152954_sweep_20260705_151529_715b9a8d_repeat_011_of_020_result.json
30,60,8,11,10011,sweep_20260705_151529_715b9a8d,success,simulated_annealing,False,7.29946087596657,7.279843234158005,7.319078517775135,0.039235283617130357,0.005375093350566791,0.0007697037402583289,7.299459570960308,7.29946218097283,2.6100125216643733e-06,3.5756236878504596e-07,3.4060826816224103e-12,0.0007697037368522462,0.005374735788198006,1.0000000000034062e-09,False,,-256.56348845579305,-256.56425815952986,3.0000427274204267e-06,False,18795.107216998986,16594.215064000764,2200.8921529982217,src/experiments/results/phase5_e5_scalability_n_result/20260705_153013_sweep_20260705_151529_715b9a8d_repeat_012_of_020_result.json
30,60,8,12,10012,sweep_20260705_151529_715b9a8d,success,simulated_annealing,False,7.439023671383205,7.467130325534384,7.410917017232025,0.056213308302359266,0.007556543813485005,0.0015799680151480466,7.439035075394261,7.4390122673721475,2.2808022113629534e-05,3.065996711553498e-06,2.6010293636790693e-10,0.0015799677550451102,0.007553477816773451,1.000000000260103e-09,False,,-260.6765663987842,-260.67814636653924,6.060990447689437e-06,False,19097.737933999724,16885.977754000123,2211.760179999601,src/experiments/results/phase5_e5_scalability_n_result/20260705_153031_sweep_20260705_151529_715b9a8d_repeat_013_of_020_result.json
30,60,8,13,10013,sweep_20260705_151529_715b9a8d,success,simulated_annealing,False,8.553899664179704,8.574485782021746,8.533313546337665,0.04117223568408157,0.004813270823890343,0.0008475764956127798,8.553896241395758,8.553903086963654,6.8455678956524935e-06,8.002862044687035e-07,2.3430899906994054e-11,0.0008475764721818799,0.004812470537685874,1.000000000023431e-09,False,,-296.33755135321167,-296.3383989296839,2.860164174713624e-06,False,19140.922309000416,16893.64801800002,2247.2742910003944,src/experiments/results/phase5_e5_scalability_n_result/20260705_153050_sweep_20260705_151529_715b9a8d_repeat_014_of_020_result.json
30,60,8,14,10014,sweep_20260705_151529_715b9a8d,success,simulated_annealing,False,7.974822515861919,7.977699240709697,7.971945791014142,0.005753449695554913,0.0007214517544573944,1.655109169964046e-05,7.97482648439057,7.974818547333269,7.937057300289041e-06,9.95264444381331e-07,3.149843929403578e-11,1.6551060201201166e-05,0.000720456490013013,1.0000000000314985e-09,False,,-277.19557176790477,-277.19558831896495,5.970895960135473e-08,False,19080.916861999413,16847.52687099899,2233.389991000422,src/experiments/results/phase5_e5_scalability_n_result/20260705_153110_sweep_20260705_151529_715b9a8d_repeat_015_of_020_result.json
30,60,8,15,10015,sweep_20260705_151529_715b9a8d,success,simulated_annealing,False,8.731315592747563,8.728646689549915,8.733984495945212,0.005337806395296241,0.0006113404490532845,1.4246088556832723e-05,8.731314073200002,8.731317112295127,3.039095124890423e-06,3.4806840877619486e-07,4.618049589066368e-12,1.4246083938783135e-05,0.0006109923806445083,1.0000000000046182e-09,False,,-302.471729714225,-302.47174396030886,4.7098891593185477e-08,False,19019.889570999112,16816.1129049995,2203.7766659996123,src/experiments/results/phase5_e5_scalability_n_result/20260705_153129_sweep_20260705_151529_715b9a8d_repeat_016_of_020_result.json
30,60,8,16,10016,sweep_20260705_151529_715b9a8d,success,simulated_annealing,False,7.509970835830525,7.502274818604437,7.517666853056613,0.015392034452176517,0.0020495465013978735,0.00011845736228849443,7.509982308746566,7.509959362914483,2.29458320832876e-05,3.0553823157090897e-06,2.6325560499721524e-10,0.00011845709903288944,0.0020464911190821644,1.0000000002632557e-09,False,,-262.7992054526878,-262.79932390978684,4.507511560561358e-07,False,19212.37200700216,16987.131848001354,2225.240159000805,src/experiments/results/phase5_e5_scalability_n_result/20260705_153148_sweep_20260705_151529_715b9a8d_repeat_017_of_020_result.json
30,60,8,17,10017,sweep_20260705_151529_715b9a8d,success,simulated_annealing,False,6.850351787211459,6.860536151547521,6.8401674228754,0.02036872867212125,0.002973384331903435,0.00020744255385924716,6.85035044142577,6.850353132997149,2.691571379109803e-06,3.929099501334439e-07,3.622278244421523e-12,0.00020744255023696893,0.0029729914219533016,1.0000000000036223e-09,False,,-243.85443177454863,-243.85463921709885,8.50681171726292e-07,False,19172.51323499977,16941.234402999726,2231.2788320000436,src/experiments/results/phase5_e5_scalability_n_result/20260705_153207_sweep_20260705_151529_715b9a8d_repeat_018_of_020_result.json
30,60,8,18,10018,sweep_20260705_151529_715b9a8d,success,simulated_annealing,False,8.004293324717844,8.00503280234997,8.003553847085717,0.0014789552642522352,0.00018477024819731592,1.0936543368296994e-06,8.004297375540148,8.00428927389554,8.101644608515812e-06,1.012162383342117e-06,3.2818322681346664e-11,1.0936215185070182e-06,0.0001837580858139738,1.0000000000328185e-09,False,,-278.137422162591,-278.13742325621246,3.931946433515684e-09,False,19085.889402998873,16863.53783899949,2222.351563999382,src/experiments/results/phase5_e5_scalability_n_result/20260705_153226_sweep_20260705_151529_715b9a8d_repeat_019_of_020_result.json
30,60,8,19,10019,sweep_20260705_151529_715b9a8d,success,simulated_annealing,False,8.261688216121788,8.296101760537493,8.227274671706086,0.06882708883140687,0.00833087463856337,0.002368584078503186,8.261694477968952,8.261681954274623,1.2523694328692159e-05,1.5158759325065703e-06,7.842145981925808e-11,0.0023685840000817263,0.008329358762630865,1.0000000000784215e-09,False,,-286.50861577673277,-286.51098436073283,8.266991945706698e-06,False,18780.633581000984,16561.475302000417,2219.158279000567,src/experiments/results/phase5_e5_scalability_n_result/20260705_153245_sweep_20260705_151529_715b9a8d_repeat_020_of_020_result.json
40,80,10,0,10000,sweep_20260705_151529_715b9a8d,success,simulated_annealing,False,10.733637267600487,10.730609045622396,10.73666548957858,0.006056443956184765,0.0005642489871039482,1.8340256697203482e-05,10.733639223419338,10.733635311781633,3.9116377053005635e-06,3.6442797606994343e-07,7.650454768764529e-12,1.8340249046748712e-05,0.0005638845591278783,1.0000000000076504e-09,False,,-430.42191964458743,-430.4219379848365,4.260993101472563e-08,False,25710.131982998973,22631.520194998757,3078.6117880002166,src/experiments/results/phase5_e5_scalability_n_result/20260705_153304_sweep_20260705_151529_715b9a8d_repeat_001_of_020_result.json
40,80,10,1,10001,sweep_20260705_151529_715b9a8d,success,simulated_annealing,False,10.02892976747514,10.034118523345338,10.023741011604939,0.01037751174039947,0.0010347576442358603,5.384637496106442e-05,10.028931793347176,10.028927741603104,4.051744072697261e-06,4.0400562838095524e-07,8.208315015318693e-12,5.3846366752749405e-05,0.0010343536386074794,1.0000000000082084e-09,False,,-401.1588107155229,-401.1588645618897,1.3422703952183795e-07,False,25503.064131999963,22506.07267599935,2996.9914560006146,src/experiments/results/phase5_e5_scalability_n_result/20260705_153330_sweep_20260705_151529_715b9a8d_repeat_002_of_020_result.json
40,80,10,2,10002,sweep_20260705_151529_715b9a8d,success,simulated_annealing,False,10.144625940575539,10.15297352353952,10.136278357611557,0.016695165927963274,0.0016457152807564338,0.0001393642826811129,10.144625334205244,10.144626546945833,1.2127405888406884e-06,1.1954512625153388e-07,7.353698679108298e-13,0.00013936428194574301,0.0016455957356301823,1.0000000000007354e-09,False,,-405.82673158411365,-405.82687094839554,3.43408216333367e-07,False,25370.745715999874,22398.440425000445,2972.3052909994294,src/experiments/results/phase5_e5_scalability_n_result/20260705_153355_sweep_20260705_151529_715b9a8d_repeat_003_of_020_result.json
40,80,10,3,10003,sweep_20260705_151529_715b9a8d,success,simulated_annealing,False,9.59131373873601,9.579607267571662,9.603020209900363,0.023412942328700836,0.0024410568735901144,0.00027408293424353565,9.591314306816848,9.591313170655175,1.1361616731875301e-06,1.1845735674342137e-07,6.454316738101441e-13,0.00027408293359810397,0.002440938416233371,1.0000000000006455e-09,False,,-383.98632438679806,-383.98659846973163,7.137825503921131e-07,False,25342.613107000034,22321.255105000546,3021.358001999488,src/experiments/results/phase5_e5_scalability_n_result/20260705_153421_sweep_20260705_151529_715b9a8d_repeat_004_of_020_result.json
40,80,10,4,10004,sweep_20260705_151529_715b9a8d,success,simulated_annealing,False,11.868882678872946,11.874778585710091,11.8629867720358,0.011791813674291163,0.0009935066335503536,6.952343486460002e-05,11.868877146547744,11.868888211198149,1.1064650404790655e-05,9.322402709807002e-07,6.1213244290117e-11,6.952337365135574e-05,0.0009925743932793728,1.0000000000612133e-09,False,,-481.7406825662657,-481.7407520896393,1.4431698637197993e-07,False,25372.69929600052,22381.739545000073,2990.959751000446,src/experiments/results/phase5_e5_scalability_n_result/20260705_153446_sweep_20260705_151529_715b9a8d_repeat_005_of_020_result.json
40,80,10,5,10005,sweep_20260705_151529_715b9a8d,success,simulated_annealing,False,9.747348237276219,9.747715730096086,9.746980744456351,0.000734985639734731,7.540365049480514e-05,2.7010194530813585e-07,9.74734100120235,9.747355473350089,1.4472147737976115e-05,1.4847266544382932e-06,1.047215300749036e-10,2.6999722377806095e-07,7.391892384036684e-05,1.0000000001047215e-09,False,,-390.02159504736164,-390.0215953173589,6.922623300101176e-10,True,25645.889528000225,22616.18992800095,3029.699599999276,src/experiments/results/phase5_e5_scalability_n_result/20260705_153511_sweep_20260705_151529_715b9a8d_repeat_006_of_020_result.json
40,80,10,6,10006,sweep_20260705_151529_715b9a8d,success,simulated_annealing,False,10.04231932641297,10.03887387143882,10.045764781387122,0.006890909948301882,0.0006861870972552767,2.3742319957802925e-05,10.042321588751875,10.042317064074066,4.524677809314426e-06,4.5056103697218337e-07,1.0236354639051196e-11,2.3742309721448288e-05,0.0006857365362183045,1.0000000000102364e-09,False,,-401.69633116497494,-401.6963549072847,5.910511620521882e-08,False,25656.306114999552,22648.028331000205,3008.277783999347,src/experiments/results/phase5_e5_scalability_n_result/20260705_153537_sweep_20260705_151529_715b9a8d_repeat_007_of_020_result.json
40,80,10,7,10007,sweep_20260705_151529_715b9a8d,success,simulated_annealing,False,9.417731492119282,9.40866895795237,9.426794026286194,0.018125068333823435,0.001924568389849553,0.0001642590510528845,9.41773372430384,9.41772925993472,4.4643691197165936e-06,4.740386921683166e-07,9.965295818539558e-12,0.0001642590410875887,0.0019240943511573847,1.0000000000099653e-09,False,,-377.3871686562595,-377.3873329153006,4.3525319146829076e-07,False,25767.145963999155,22738.58241300013,3028.5635509990243,src/experiments/results/phase5_e5_scalability_n_result/20260705_153603_sweep_20260705_151529_715b9a8d_repeat_008_of_020_result.json
40,80,10,8,10008,sweep_20260705_151529_715b9a8d,success,simulated_annealing,False,8.458711536320795,8.449468064508581,8.467955008133007,0.018486943624425933,0.0021855507833604434,0.00017088354228635133,8.458712956410864,8.458710116230725,2.8401801390742776e-06,3.3576983053256404e-07,4.033311611195991e-12,0.00017088353825303972,0.002185215013529911,1.0000000000040334e-09,False,,-343.0994308258307,-343.09960170936904,4.980581075162781e-07,False,25490.121938999437,22531.02583000009,2959.096108999347,src/experiments/results/phase5_e5_scalability_n_result/20260705_153628_sweep_20260705_151529_715b9a8d_repeat_009_of_020_result.json
40,80,10,9,10009,sweep_20260705_151529_715b9a8d,success,simulated_annealing,False,11.343314555792224,11.342800545497177,11.34382856608727,0.0010280205900929928,9.06278835023627e-05,5.284131668275726e-07,11.343315293598465,11.343313817985983,1.47561248198258e-06,1.3008653464776656e-07,1.088716098491395e-12,5.284120781114741e-07,9.049779696771494e-05,1.0000000000010888e-09,False,,-457.3415696948823,-457.3415702232944,1.1553992377562435e-09,False,25718.852999000774,22617.794681000305,3101.0583180004687,src/experiments/results/phase5_e5_scalability_n_result/20260705_153654_sweep_20260705_151529_715b9a8d_repeat_010_of_020_result.json
40,80,10,10,10010,sweep_20260705_151529_715b9a8d,success,simulated_annealing,False,10.346479702452879,10.367433338666187,10.325526066239567,0.04190727242662007,0.004050389468863014,0.0008781097411194753,10.3464790735863,10.346480331319455,1.2577331549579185e-06,1.215614577255434e-07,7.909463445401997e-13,0.000878109740328529,0.004050267907405289,1.000000000000791e-09,False,,-414.0984063567977,-414.09928446653805,2.1205294800281012e-06,False,25478.579850001097,22529.76117400158,2948.8186759995187,src/experiments/results/phase5_e5_scalability_n_result/20260705_153720_sweep_20260705_151529_715b9a8d_repeat_011_of_020_result.json
40,80,10,11,10011,sweep_20260705_151529_715b9a8d,success,simulated_annealing,False,9.446999435185655,9.45610457238924,9.43789429798207,0.0182102744071706,0.0019276252245073548,0.0001658070469922263,9.446994087815355,9.447004782555952,1.0694740597116947e-05,1.1320780392220666e-06,5.718873821981068e-11,0.00016580698980348806,0.0019264931464681328,1.0000000000571888e-09,False,,-378.4914308497491,-378.4915966567389,4.3807310720529664e-07,False,25578.935051000826,22591.606893000517,2987.3281580003095,src/experiments/results/phase5_e5_scalability_n_result/20260705_153745_sweep_20260705_151529_715b9a8d_repeat_012_of_020_result.json
40,80,10,12,10012,sweep_20260705_151529_715b9a8d,success,simulated_annealing,False,9.955920530280176,9.94157689746706,9.97026416309329,0.02868726562623003,0.0028814277433191525,0.0004114796045549395,9.955915063915414,9.955925996644936,1.0932729521684337e-05,1.0981133777065888e-06,5.976228739715412e-11,0.0004114795447926521,0.002880329629941446,1.0000000000597624e-09,False,,-398.240295730904,-398.2407072104488,1.0332433058021832e-06,False,25599.458711999887,22604.16198799976,2995.296724000127,src/experiments/results/phase5_e5_scalability_n_result/20260705_153811_sweep_20260705_151529_715b9a8d_repeat_013_of_020_result.json
40,80,10,13,10013,sweep_20260705_151529_715b9a8d,success,simulated_annealing,False,10.923905489444834,10.927962538539076,10.919848440350599,0.00811409818847686,0.0007427836313960299,3.2919294706121724e-05,10.923899488827706,10.923911490061968,1.2001234262370986e-05,1.0986212096000935e-06,7.201481191015362e-11,3.291922269130981e-05,0.0007416850101864298,1.0000000000720148e-09,False,,-438.66338936535124,-438.663422284574,7.504437588025162e-08,False,25679.347213000256,22621.87496000024,3057.4722530000145,src/experiments/results/phase5_e5_scalability_n_result/20260705_153836_sweep_20260705_151529_715b9a8d_repeat_014_of_020_result.json
40,80,10,14,10014,sweep_20260705_151529_715b9a8d,success,simulated_annealing,False,11.554220134588375,11.53884717993684,11.569593089239909,0.03074590930306975,0.0026610112101836886,0.0004726554694362956,11.554223838201725,11.554216430975027,7.407226698674663e-06,6.41084089829707e-07,2.7433503682779372e-11,0.00047265544200279195,0.002660370126093859,1.0000000000274335e-09,False,,-466.99953318158543,-467.0000058370274,1.0121101414558952e-06,False,25437.259470998924,22436.572884999805,3000.6865859991194,src/experiments/results/phase5_e5_scalability_n_result/20260705_153902_sweep_20260705_151529_715b9a8d_repeat_015_of_020_result.json
40,80,10,15,10015,sweep_20260705_151529_715b9a8d,success,simulated_annealing,False,10.045444963731867,10.042627358020082,10.04826256944365,0.005635211423568265,0.0005609718080098657,1.5877803894157138e-05,10.04545036547314,10.045439561990593,1.080348254767216e-05,1.0754608269396843e-06,5.835761757892848e-11,1.5877745536539558e-05,0.000559896347182926,1.0000000000583577e-09,False,,-401.82191316092803,-401.8219290386735,3.951438263313333e-08,False,25640.360983998562,22667.087140998774,2973.273842999788,src/experiments/results/phase5_e5_scalability_n_result/20260705_153928_sweep_20260705_151529_715b9a8d_repeat_016_of_020_result.json
40,80,10,16,10016,sweep_20260705_151529_715b9a8d,success,simulated_annealing,False,10.889762785328793,10.890758847170494,10.888766723487091,0.0019921236834026246,0.00018293545255976636,1.9842783849868202e-06,10.889749661746936,10.88977590891065,2.6247163713577493e-05,2.41026037306698e-06,3.444568015036695e-10,1.9839339281853164e-06,0.00018052519218669937,1.0000000003444569e-09,False,,-437.17386505718537,-437.17386704111937,4.538089185991391e-09,False,25724.73744499848,22675.299619999805,3049.4378249986767,src/experiments/results/phase5_e5_scalability_n_result/20260705_153953_sweep_20260705_151529_715b9a8d_repeat_017_of_020_result.json
40,80,10,17,10017,sweep_20260705_151529_715b9a8d,success,simulated_annealing,False,9.532466412555246,9.521743828396708,9.543188996713782,0.021445168317073993,0.0022496977580564546,0.00022994762207381709,9.532466746321536,9.532466078788957,6.675325785465702e-07,7.002726782937946e-08,2.2279987171051646e-13,0.00022994762185101723,0.002249627730788625,1.0000000000002228e-09,False,,-381.73560186536565,-381.7358318129875,6.023736906087867e-07,False,25396.04171700057,22357.707321000817,3038.3343959997546,src/experiments/results/phase5_e5_scalability_n_result/20260705_154019_sweep_20260705_151529_715b9a8d_repeat_018_of_020_result.json
40,80,10,18,10018,sweep_20260705_151529_715b9a8d,success,simulated_annealing,False,10.685585424510075,10.68275022878364,10.68842062023651,0.005670391452870405,0.0005306580058649793,1.6076669614392868e-05,10.685598772020727,10.685572076999417,2.6695021309919298e-05,2.498227308041313e-06,3.563120813685227e-10,1.60763133023115e-05,0.000528159778556938,1.0000000003563122e-09,False,,-428.36345565233466,-428.363471728648,3.7529608359400943e-08,False,25901.1999190011,22898.580903000948,3002.6190160001534,src/experiments/results/phase5_e5_scalability_n_result/20260705_154044_sweep_20260705_151529_715b9a8d_repeat_019_of_020_result.json
40,80,10,19,10019,sweep_20260705_151529_715b9a8d,success,simulated_annealing,False,10.975259828133606,10.971141290265734,10.979378366001477,0.008237075735742394,0.0007505130506913154,3.392470833817805e-05,10.975262158062467,10.975257498204744,4.659857722799643e-06,4.24578351289208e-07,1.0857136998367737e-11,3.392469748104105e-05,0.0007500884723400261,1.0000000000108572e-09,False,,-440.9126226653783,-440.9126565900757,7.694199040054015e-08,False,25339.957194001272,22269.449853999504,3070.507340001768,src/experiments/results/phase5_e5_scalability_n_result/20260705_154110_sweep_20260705_151529_715b9a8d_repeat_020_of_020_result.json
50,100,13,0,10000,sweep_20260705_151529_715b9a8d,success,simulated_annealing,False,13.170891297350833,13.17428551436269,13.167497080338974,0.006788434023716761,0.0005154118935809738,2.3041418247177663e-05,13.17089063519668,13.170891959504987,1.3243083074598871e-06,1.0054811611164508e-07,8.768962466036355e-13,2.3041417370281418e-05,0.0005153113454648621,1.0000000000008769e-09,False,,-596.9447320918456,-596.9447551332629,3.85989107188386e-08,False,32165.3026099998,28300.926640999023,3864.3759690007755,src/experiments/results/phase5_e5_scalability_n_result/20260705_154136_sweep_20260705_151529_715b9a8d_repeat_001_of_020_result.json
50,100,13,1,10001,sweep_20260705_151529_715b9a8d,success,simulated_annealing,False,12.99285212901884,12.998639519230535,12.987064738807145,0.011574780423389441,0.000890857550632612,6.698777092483973e-05,12.992841040712099,12.992863217325581,2.2176613482471907e-05,1.7068318227790517e-06,2.459010927754774e-10,6.698752502374696e-05,0.000889150718809833,1.0000000002459012e-09,False,,-587.6283459053279,-587.6284128928529,1.1399640232568614e-07,False,32032.8324899956,28211.314381999728,3821.518107995871,src/experiments/results/phase5_e5_scalability_n_result/20260705_154208_sweep_20260705_151529_715b9a8d_repeat_002_of_020_result.json
50,100,13,2,10002,sweep_20260705_151529_715b9a8d,success,simulated_annealing,False,12.516262121802821,12.511759509805094,12.520764733800554,0.009005223995460554,0.0007194818954593335,4.054702960420927e-05,12.51626031274202,12.516263930863625,3.618121604986868e-06,2.8907365232342385e-07,6.545401974236375e-12,4.0547023058807295e-05,0.0007191928218070101,1.0000000000065455e-09,False,,-563.3135944563226,-563.3136350033456,7.197948082773021e-08,False,31880.920004000473,28052.417717002754,3828.5022869977183,src/experiments/results/phase5_e5_scalability_n_result/20260705_154240_sweep_20260705_151529_715b9a8d_repeat_003_of_020_result.json
50,100,13,3,10003,sweep_20260705_151529_715b9a8d,success,simulated_annealing,False,12.79240768139533,12.806738837428332,12.778076525362332,0.02866231206600034,0.002240572125268134,0.00041076406648439436,12.792402828756641,12.792412534034021,9.705277379978838e-06,7.586748031876542e-07,4.709620451116446e-11,0.0004107640193881899,0.0022398134504649464,1.0000000000470962e-09,False,,-577.2909778099781,-577.2913885739974,7.115367168763872e-07,False,32157.17450900047,28358.07084999942,3799.103659001048,src/experiments/results/phase5_e5_scalability_n_result/20260705_154312_sweep_20260705_151529_715b9a8d_repeat_004_of_020_result.json
50,100,13,4,10004,sweep_20260705_151529_715b9a8d,success,simulated_annealing,False,14.417285615956063,14.39867885852856,14.435892373383563,0.03721351485500257,0.0025811734501407953,0.0006924228439317485,14.417267472315237,14.417303759596884,3.628728164706274e-05,2.516928818202954e-06,6.583834046666282e-10,0.0006924221855483439,0.0025786565213225922,1.0000000006583835e-09,False,,-665.7155566412633,-665.7162490634489,1.0401160953392168e-06,False,32250.02341200252,28441.051041003448,3808.972370999072,src/experiments/results/phase5_e5_scalability_n_result/20260705_154344_sweep_20260705_151529_715b9a8d_repeat_005_of_020_result.json
50,100,13,5,10005,sweep_20260705_151529_715b9a8d,success,simulated_annealing,False,12.147384076642716,12.146917022403802,12.147851130881632,0.0009341084778302644,7.689791250005759e-05,4.362793241771868e-07,12.147383467297095,12.147384685988335,1.2186912403677752e-06,1.0032540608566944e-07,7.426041696745732e-13,4.3627858157301713e-07,7.679758709397192e-05,1.0000000000007427e-09,False,,-545.1178793746667,-545.1178798109454,8.003382623887145e-10,True,32189.583461997245,28321.94272199922,3867.6407399980235,src/experiments/results/phase5_e5_scalability_n_result/20260705_154416_sweep_20260705_151529_715b9a8d_repeat_006_of_020_result.json
50,100,13,6,10006,sweep_20260705_151529_715b9a8d,success,simulated_annealing,False,12.72158487965816,12.738916651121349,12.704253108194973,0.03466354292637597,0.0027247817983593416,0.0006007806041043547,12.721585470156585,12.721584289159736,1.1809968487597189e-06,9.283409731818363e-08,6.973767783901932e-13,0.000600780603406978,0.0027246889642620234,1.0000000000006974e-09,False,,-573.6768429200902,-573.6774437006936,1.0472445972210523e-06,False,32158.74959699795,28343.690128999697,3815.0594679982532,src/experiments/results/phase5_e5_scalability_n_result/20260705_154448_sweep_20260705_151529_715b9a8d_repeat_007_of_020_result.json
50,100,13,7,10007,sweep_20260705_151529_715b9a8d,success,simulated_annealing,False,12.36678732637731,12.366844779293547,12.366729873461068,0.00011490583247919517,9.291486094703898e-06,6.6016751688684315e-09,12.366787013625013,12.366787639129605,6.255045921221836e-07,5.0579392659889546e-08,1.9562799738296963e-13,6.601479540871048e-09,9.240906702044008e-06,1.0000000000001957e-09,False,,-555.8748575450912,-555.8748575516927,1.1875790956001614e-11,True,32017.495809999673,28202.77600499867,3814.7198050010047,src/experiments/results/phase5_e5_scalability_n_result/20260705_154520_sweep_20260705_151529_715b9a8d_repeat_008_of_020_result.json
50,100,13,8,10008,sweep_20260705_151529_715b9a8d,success,simulated_annealing,False,11.181382462312333,11.198245221664052,11.164519702960616,0.03372551870343621,0.0030162208311101542,0.0005687053059079128,11.1813850308525,11.181379893772167,5.137080332673349e-06,4.594315908599186e-07,1.3194797172169665e-11,0.0005687052927131157,0.0030157613995192944,1.0000000000131948e-09,False,,-500.04605883170575,-500.04662753699847,1.1373045260251901e-06,False,32099.206946003505,28318.494510000164,3780.7124360033413,src/experiments/results/phase5_e5_scalability_n_result/20260705_154553_sweep_20260705_151529_715b9a8d_repeat_009_of_020_result.json
50,100,13,9,10009,sweep_20260705_151529_715b9a8d,success,simulated_annealing,False,13.971409788756464,13.981360819728677,13.961458757784255,0.019902061944421234,0.001424484876281954,0.00019804603481978996,13.97141070731908,13.971408870193851,1.8371252288318374e-06,1.3149175756839298e-07,1.6875145532052154e-12,0.00019804603313227541,0.0014243533845243856,1.0000000000016875e-09,False,,-640.4003849246851,-640.4005829707182,3.0925336170210265e-07,False,31986.231837999185,28177.030361001016,3809.201476998169,src/experiments/results/phase5_e5_scalability_n_result/20260705_154625_sweep_20260705_151529_715b9a8d_repeat_010_of_020_result.json
50,100,13,10,10010,sweep_20260705_151529_715b9a8d,success,simulated_annealing,False,12.692739699814883,12.704670555067962,12.680808844561806,0.023861710506155376,0.0018799495672713895,0.0002846906141397829,12.692740203137822,12.692739196491944,1.0066458777657772e-06,7.930879396986756e-08,5.06667961611416e-13,0.00028469061363311496,0.0018798702584774197,1.0000000000005067e-09,False,,-572.2109974838994,-572.2112821745133,4.975270895936647e-07,False,31849.85466499802,28061.837847998504,3788.016816999516,src/experiments/results/phase5_e5_scalability_n_result/20260705_154657_sweep_20260705_151529_715b9a8d_repeat_011_of_020_result.json
50,100,13,11,10011,sweep_20260705_151529_715b9a8d,success,simulated_annealing,False,11.529225711102267,11.526478533543132,11.531972888661402,0.005494355118269567,0.00047655889961271925,1.5093969082827495e-05,11.529227189077364,11.529224233127174,2.955950190397516e-06,2.563875722851911e-07,4.368820764055556e-12,1.5093964714006731e-05,0.00047630251204043404,1.0000000000043688e-09,False,,-515.8460759011141,-515.8460909950788,2.926059732116264e-08,False,32181.469450001714,28349.247358000866,3832.2220920008476,src/experiments/results/phase5_e5_scalability_n_result/20260705_154728_sweep_20260705_151529_715b9a8d_repeat_012_of_020_result.json
50,100,13,12,10012,sweep_20260705_151529_715b9a8d,success,simulated_annealing,False,12.827430404429583,12.835193079326636,12.81966772953253,0.015525349794106802,0.001210324227426373,0.00012051824311468606,12.827429626510503,12.827431182348661,1.555838158751044e-06,1.212899317866328e-07,1.2103161881129193e-12,0.00012051824190436987,0.0012102029374945864,1.0000000000012104e-09,False,,-579.0858210427258,-579.0859415609679,2.081180588349498e-07,False,32035.70262800349,28242.930319000152,3792.7723090033396,src/experiments/results/phase5_e5_scalability_n_result/20260705_154801_sweep_20260705_151529_715b9a8d_repeat_013_of_020_result.json
50,100,13,13,10013,sweep_20260705_151529_715b9a8d,success,simulated_annealing,False,13.937125076703326,13.941288060440959,13.9329620929657,0.008325967475258267,0.0005973949024232825,3.4660867199529265e-05,13.937124462742222,13.937125690664432,1.2279222101341247e-06,8.810441202014212e-08,7.538964770703368e-13,3.466086644563279e-05,0.0005973067980112624,1.000000000000754e-09,False,,-638.4868761464782,-638.4869108073447,5.428594684928998e-08,False,32357.087269002477,28434.286814001098,3922.8004550013793,src/experiments/results/phase5_e5_scalability_n_result/20260705_154833_sweep_20260705_151529_715b9a8d_repeat_014_of_020_result.json
50,100,13,14,10014,sweep_20260705_151529_715b9a8d,success,simulated_annealing,False,14.220876597881253,14.213515501156683,14.228237694605818,0.014722193449134835,0.0010352521764606462,0.00010837148997687432,14.220879277159709,14.220873918602797,5.358556911971846e-06,3.7680918437687656e-07,1.4357066089420622e-11,0.00010837147561980824,0.0010348753672762693,1.0000000000143572e-09,False,,-654.4665540528434,-654.466662424319,1.6558746500680557e-07,False,32208.831459000066,28296.18051200032,3912.6509469997472,src/experiments/results/phase5_e5_scalability_n_result/20260705_154905_sweep_20260705_151529_715b9a8d_repeat_015_of_020_result.json
50,100,13,15,10015,sweep_20260705_151529_715b9a8d,success,simulated_annealing,False,12.567386483327335,12.56817962689891,12.566593339755755,0.0015862871431551184,0.00012622251613408916,1.2581534502696135e-06,12.567382378322057,12.567390588332609,8.21001055228976e-06,6.532790698512903e-07,3.37021366343546e-11,1.2581197481329792e-06,0.00012556923706423786,1.0000000000337023e-09,False,,-565.8784047844837,-565.8784060426035,2.2233041763007552e-09,False,32030.75588599677,28173.142523000934,3857.613362995835,src/experiments/results/phase5_e5_scalability_n_result/20260705_154937_sweep_20260705_151529_715b9a8d_repeat_016_of_020_result.json
50,100,13,16,10016,sweep_20260705_151529_715b9a8d,success,simulated_annealing,False,13.29334999780375,13.30063185270765,13.286068142899852,0.01456370980779731,0.001095563556981757,0.00010605082168286577,13.293351733593848,13.293348262013652,3.4715801966456183e-06,2.6115164328172904e-07,6.025934530871015e-12,0.00010605081565693124,0.0010953024053384753,1.000000000006026e-09,False,,-603.4262022773963,-603.4263083282119,1.7574774935252718e-07,False,32105.061391999698,28262.49356199878,3842.5678300009167,src/experiments/results/phase5_e5_scalability_n_result/20260705_155009_sweep_20260705_151529_715b9a8d_repeat_017_of_020_result.json
50,100,13,17,10017,sweep_20260705_151529_715b9a8d,success,simulated_annealing,False,11.650575285846585,11.65401533716785,11.647135234525322,0.00688010264252803,0.0005905375892370013,2.366790618586059e-05,11.650574878723223,11.65057569296995,8.142467269323106e-07,6.988897174214892e-08,3.3149886615999037e-13,2.3667905854361725e-05,0.0005904677002652592,1.0000000000003316e-09,False,,-521.4717853144523,-521.4718089823582,4.538674095023377e-08,False,32148.734488995615,28260.517969998546,3888.216518997069,src/experiments/results/phase5_e5_scalability_n_result/20260705_155041_sweep_20260705_151529_715b9a8d_repeat_018_of_020_result.json
50,100,13,18,10018,sweep_20260705_151529_715b9a8d,success,simulated_annealing,False,12.007651106335251,12.004144516268822,12.011157696401673,0.00701318013285146,0.000584059286095621,2.459234778791121e-05,12.007650634048256,12.00765157862224,9.445739852509405e-07,7.866434299982135e-08,4.4611000680642195e-13,2.4592347341801203e-05,0.0005839806217526212,1.0000000000004461e-09,False,,-538.3673455906005,-538.367370182948,4.567949105803097e-08,False,31711.126040002455,27900.382813998476,3810.7432260039786,src/experiments/results/phase5_e5_scalability_n_result/20260705_155114_sweep_20260705_151529_715b9a8d_repeat_019_of_020_result.json
50,100,13,19,10019,sweep_20260705_151529_715b9a8d,success,simulated_annealing,False,13.005163128203835,13.013494840397406,12.99683141601027,0.016663424387136416,0.0012812929928575092,0.00013883485615290633,13.005160243316435,13.005166013091237,5.769774801933636e-06,4.4365262819509973e-07,1.6645150632514164e-11,0.0001388348395077557,0.001280849340229314,1.0000000000166452e-09,False,,-588.268397147529,-588.2685359823685,2.3600589018771537e-07,False,32370.10878300316,28545.82538000159,3824.283403001573,src/experiments/results/phase5_e5_scalability_n_result/20260705_155145_sweep_20260705_151529_715b9a8d_repeat_020_of_020_result.json
65,130,17,0,10000,sweep_20260705_151529_715b9a8d,success,simulated_annealing,False,15.945936366995058,15.947078678940862,15.944794055049254,0.0022846238916081063,0.00014327310977716096,2.6097531630532843e-06,15.945934238503595,15.94593849548652,4.256982924388808e-06,2.669634963049221e-07,9.060951809268944e-12,2.6097441021014753e-06,0.00014300614628085605,1.000000000009061e-09,False,,-833.5457706307578,-833.5457732405021,3.130894922033237e-09,False,42376.78133600184,37176.776139999674,5200.0051960021665,src/experiments/results/phase5_e5_scalability_n_result/20260705_155218_sweep_20260705_151529_715b9a8d_repeat_001_of_012_result.json
65,130,17,1,10001,sweep_20260705_151529_715b9a8d,success,simulated_annealing,False,17.135121034106014,17.13626899716932,17.133973071042707,0.0022959261266137787,0.00013398948989294744,2.6356383894338745e-06,17.135119501803246,17.13512256640878,3.0646055328986677e-06,1.788493659775632e-07,4.695903536136564e-12,2.6356336935303383e-06,0.00013381064052696986,1.000000000004696e-09,False,,-912.2247430712863,-912.22474570692,2.8892372081898406e-09,False,41986.72260400235,36846.17863599942,5140.54396800293,src/experiments/results/phase5_e5_scalability_n_result/20260705_155300_sweep_20260705_151529_715b9a8d_repeat_002_of_012_result.json
65,130,17,2,10002,sweep_20260705_151529_715b9a8d,success,simulated_annealing,False,16.16661877755511,16.157681519314238,16.17555603579599,0.017874516481750646,0.0011056434698990176,0.00015974916972818777,16.166622908319834,16.166614646790393,8.261529441000448e-06,5.110239534113543e-07,3.4126434352258585e-11,0.00015974913560175342,0.0011051324459456062,1.0000000000341264e-09,False,,-847.7189656484253,-847.7191253975609,1.8844583166648074e-07,False,42427.705714000695,37272.344859999976,5155.360854000719,src/experiments/results/phase5_e5_scalability_n_result/20260705_155342_sweep_20260705_151529_715b9a8d_repeat_003_of_012_result.json
65,130,17,3,10003,sweep_20260705_151529_715b9a8d,success,simulated_annealing,False,16.64309795593585,16.66829111304779,16.61790479882391,0.050386314223878514,0.0030274600532473562,0.001269390330533711,16.643096360032104,16.643099551839605,3.19180750096848e-06,1.9177965000380862e-07,5.093817561619326e-12,0.0012693903254398936,0.0030272682735973523,1.0000000000050938e-09,False,,-878.9841497514217,-878.9854191417471,1.444154018700902e-06,False,42065.60405300206,36874.82458300019,5190.779470001871,src/experiments/results/phase5_e5_scalability_n_result/20260705_155425_sweep_20260705_151529_715b9a8d_repeat_004_of_012_result.json
65,130,17,4,10004,sweep_20260705_151529_715b9a8d,success,simulated_annealing,False,18.675874698690677,18.673827537865893,18.67792185951546,0.004094321649567689,0.00021923051614041578,8.381734885059342e-06,18.675880496378376,18.675868901002982,1.1595375394080065e-05,6.208745550693265e-07,6.722636526481872e-11,8.381667658694078e-06,0.00021860964158534646,1.0000000000672265e-09,False,,-1022.5765831406542,-1022.5765915223219,8.196616073149589e-09,False,42420.03676699824,37237.030022996805,5183.006744001432,src/experiments/results/phase5_e5_scalability_n_result/20260705_155507_sweep_20260705_151529_715b9a8d_repeat_005_of_012_result.json
65,130,17,5,10005,sweep_20260705_151529_715b9a8d,success,simulated_annealing,False,16.10517302368813,16.106067771039793,16.104278276336476,0.0017894947033170183,0.00011111303807074647,1.6011456465998319e-06,16.105172750746664,16.1051732966296,5.458829370752483e-07,3.389488186636318e-08,1.4899409049494972e-13,1.6011454976057414e-06,0.0001110791431888801,1.000000000000149e-09,False,,-843.7531946447182,-843.7531962458637,1.8976467696936303e-09,False,42367.561255999135,37114.930748000006,5252.630507999129,src/experiments/results/phase5_e5_scalability_n_result/20260705_155549_sweep_20260705_151529_715b9a8d_repeat_006_of_012_result.json
65,130,17,6,10006,sweep_20260705_151529_715b9a8d,success,simulated_annealing,False,16.545671851891637,16.53166616969962,16.559677534083654,0.028011364384035176,0.0016929723153449757,0.0003923182673275972,16.545668320040257,16.545675383743017,7.063702760490287e-06,4.269214827733155e-07,2.494794834427905e-11,0.00039231824237964886,0.0016925453938622023,1.000000000024948e-09,False,,-872.518121742691,-872.5185140609335,4.4963887429217844e-07,False,42158.917252999345,36906.87524799978,5252.042004999566,src/experiments/results/phase5_e5_scalability_n_result/20260705_155631_sweep_20260705_151529_715b9a8d_repeat_007_of_012_result.json
65,130,17,7,10007,sweep_20260705_151529_715b9a8d,success,simulated_annealing,False,15.944135357669815,15.944999958470822,15.943270756868808,0.0017292016020142853,0.00010845377082065883,1.4950690902043854e-06,15.944131857419988,15.94413885791964,7.000499651965697e-06,4.390642386636636e-07,2.450349768858592e-11,1.4950445867066968e-06,0.00010801470658199517,1.0000000000245036e-09,False,,-833.4309031123244,-833.430904607369,1.7938435722850855e-09,False,42077.441734001695,36962.07387100094,5115.367863000756,src/experiments/results/phase5_e5_scalability_n_result/20260705_155714_sweep_20260705_151529_715b9a8d_repeat_008_of_012_result.json
65,130,17,8,10008,sweep_20260705_151529_715b9a8d,success,simulated_annealing,False,14.17248259938505,14.164638998815775,14.180326199954335,0.015687201138559814,0.001106877431568728,0.00012304413978081615,14.172484705757286,14.172480493012818,4.212744467935181e-06,2.972481665363254e-07,8.873607976059236e-12,0.00012304413090720817,0.0011065801834021917,1.0000000000088736e-09,False,,-726.7184030156043,-726.7185260597353,1.6931470242588542e-07,False,42179.57014100102,37055.941800000255,5123.628341000767,src/experiments/results/phase5_e5_scalability_n_result/20260705_155756_sweep_20260705_151529_715b9a8d_repeat_009_of_012_result.json
65,130,17,9,10009,sweep_20260705_151529_715b9a8d,success,simulated_annealing,False,17.49523078683164,17.492931268808178,17.497530304855104,0.0045990360469261304,0.0002628736998649795,1.0575566280462964e-05,17.495230535910494,17.49523103775279,5.018422974956138e-07,2.868452000492282e-08,1.2592284577783808e-13,1.0575566154540119e-05,0.0002628450153449746,1.000000000000126e-09,False,,-937.166189993437,-937.1662005690032,1.1284621860046968e-08,False,42165.39017600007,36983.07990199828,5182.310274001793,src/experiments/results/phase5_e5_scalability_n_result/20260705_155838_sweep_20260705_151529_715b9a8d_repeat_010_of_012_result.json
65,130,17,10,10010,sweep_20260705_151529_715b9a8d,success,simulated_annealing,False,17.47356989712634,17.500373460206635,17.446766334046043,0.0536071261605926,0.0030678977722467977,0.0014368619875988458,17.473567257225096,17.473572537027586,5.279802490321117e-06,3.021593481701424e-07,1.3938157168400536e-11,0.0014368619736606885,0.0030675956128986275,1.0000000000139383e-09,False,,-935.649853037532,-935.6512898995056,1.5356810695685141e-06,False,42000.8762339985,36845.84360200006,5155.032631998438,src/experiments/results/phase5_e5_scalability_n_result/20260705_155920_sweep_20260705_151529_715b9a8d_repeat_011_of_012_result.json
65,130,17,11,10011,sweep_20260705_151529_715b9a8d,success,simulated_annealing,False,14.408077443011425,14.411485775712455,14.404669110310394,0.006816665402061162,0.0004731141562101719,2.3233463601828828e-05,14.408078223567031,14.408076662455816,1.5611112154090279e-06,1.0834972407552112e-07,1.218534113437926e-12,2.3233462383294714e-05,0.0004730058064860964,1.0000000000012185e-09,False,,-740.1853679741657,-740.1853912076281,3.1388706963583526e-08,False,42247.39798900282,37048.277345002134,5199.120644000686,src/experiments/results/phase5_e5_scalability_n_result/20260705_160002_sweep_20260705_151529_715b9a8d_repeat_012_of_012_result.json
80,160,20,0,10000,sweep_20260705_151529_715b9a8d,success,simulated_annealing,False,20.538377588642316,20.53817559150654,20.538579585778088,0.00040399427154724776,1.9670213472492385e-05,8.160568572149568e-08,20.538381125249682,20.53837405203495,7.073214732145061e-06,3.443901399522685e-07,2.5015183323516964e-11,8.158067053817217e-08,1.9325823332540117e-05,1.0000000000250152e-09,False,,-1243.6499078656843,-1243.649907947265,6.559785413323022e-11,True,51733.935461998044,45167.929580998134,6566.00588099991,src/experiments/results/phase5_e5_scalability_n_result/20260705_160044_sweep_20260705_151529_715b9a8d_repeat_001_of_012_result.json
80,160,20,1,10001,sweep_20260705_151529_715b9a8d,success,simulated_annealing,False,21.52222598959454,21.52001413367671,21.524437845512367,0.004423711835656263,0.0002055415567978432,9.784613202462653e-06,21.522227753523218,21.52222422566586,3.5278573591313034e-06,1.6391693688361673e-07,6.222888773188447e-12,9.78460697957388e-06,0.0002053776398609596,1.000000000006223e-09,False,,-1326.412413309744,-1326.4124230943512,7.37674582205969e-09,False,51501.508646997536,44933.06322799799,6568.445418999545,src/experiments/results/phase5_e5_scalability_n_result/20260705_160136_sweep_20260705_151529_715b9a8d_repeat_002_of_012_result.json
80,160,20,2,10002,sweep_20260705_151529_715b9a8d,success,simulated_annealing,False,20.57527859461029,20.57619470029961,20.57436248892097,0.001832211378641091,8.904916500722572e-05,1.6784992680109437e-06,20.575272712273602,20.57528447694698,1.1764673377712143e-05,5.717868326115355e-07,6.920376984212442e-11,1.6784300642411015e-06,8.847737817461418e-05,1.0000000000692039e-09,False,,-1246.6841768131576,-1246.6841784915873,1.3463150931310883e-09,False,52015.17033500477,45540.230567003164,6474.9397680016045,src/experiments/results/phase5_e5_scalability_n_result/20260705_160228_sweep_20260705_151529_715b9a8d_repeat_003_of_012_result.json
80,160,20,3,10003,sweep_20260705_151529_715b9a8d,success,simulated_annealing,False,20.514306963247137,20.514234709162153,20.514379217332124,0.00014450816997069182,7.044262827381332e-06,1.044130559413918e-08,20.514310093526884,20.514303832967396,6.26055948771409e-06,3.0518016031106166e-07,1.9597302549603455e-11,1.0421708291589575e-08,6.73908266707027e-06,1.0000000000195974e-09,False,,-1241.6735803542185,-1241.6735803646402,8.393246485022276e-12,True,52139.92357600455,45662.59337599877,6477.330200005781,src/experiments/results/phase5_e5_scalability_n_result/20260705_160320_sweep_20260705_151529_715b9a8d_repeat_004_of_012_result.json
80,160,20,4,10004,sweep_20260705_151529_715b9a8d,success,simulated_annealing,False,22.46025646348185,22.465268611274183,22.45524431568952,0.01002429558466389,0.00044631260560013637,5.024325098435597e-05,22.460258601188595,22.460254325775104,4.275413491683366e-06,1.9035461588048936e-07,9.139580262434077e-12,5.024324184477571e-05,0.00044612225098425586,1.0000000000091396e-09,False,,-1408.9261905675057,-1408.9262408107475,3.5660661484826265e-08,False,52266.71237899245,45784.19678399678,6482.515594995675,src/experiments/results/phase5_e5_scalability_n_result/20260705_160412_sweep_20260705_151529_715b9a8d_repeat_005_of_012_result.json
80,160,20,5,10005,sweep_20260705_151529_715b9a8d,success,simulated_annealing,False,20.70986154360221,20.71846169554763,20.701261391656782,0.017200303890849256,0.0008305368847896937,0.00014792522696878202,20.709860760414905,20.709862326789516,1.5663746104621623e-06,7.563423865313356e-08,1.2267647101502455e-12,0.00014792522574201731,0.0008304612505510405,1.0000000000012268e-09,False,,-1257.7965823851205,-1257.796730310346,1.1760662271950009e-07,False,51994.447451997075,45500.55627299844,6493.891178998638,src/experiments/results/phase5_e5_scalability_n_result/20260705_160504_sweep_20260705_151529_715b9a8d_repeat_006_of_012_result.json
80,160,20,6,10006,sweep_20260705_151529_715b9a8d,success,simulated_annealing,False,20.916006300607137,20.916476808475082,20.915535792739192,0.0009410157358900051,4.499022052133776e-05,4.427553075963039e-07,20.91600525920707,20.916007342007205,2.082800136804508e-06,9.957924600281124e-08,2.1690282049364385e-12,4.4275313856809893e-07,4.489064127533494e-05,1.0000000000021691e-09,False,,-1274.9586386913197,-1274.9586391340727,3.4726846908554774e-10,True,51919.02784699505,45451.11295899824,6467.9148879968125,src/experiments/results/phase5_e5_scalability_n_result/20260705_160556_sweep_20260705_151529_715b9a8d_repeat_007_of_012_result.json
80,160,20,7,10007,sweep_20260705_151529_715b9a8d,success,simulated_annealing,False,19.929540181915932,19.937730744228578,19.92134961960328,0.016381124625297616,0.000821951960545575,0.000134170621994766,19.92954387726574,19.929536486566118,7.3906996220785e-06,3.7084145216681025e-07,2.7311220451895645e-11,0.00013417059468354554,0.0008215811190934081,1.0000000000273113e-09,False,,-1194.3730095545816,-1194.3731437251763,1.1233557571572032e-07,False,51233.433527999296,44644.34990800055,6589.083619998746,src/experiments/results/phase5_e5_scalability_n_result/20260705_160648_sweep_20260705_151529_715b9a8d_repeat_008_of_012_result.json
80,160,20,8,10008,sweep_20260705_151529_715b9a8d,success,simulated_annealing,False,17.460459681821117,17.44455559241662,17.476363771225614,0.031808178808994114,0.001821726311255772,0.0005058801195724711,17.460463719092935,17.4604556445493,8.074543636382714e-06,4.6244736871329285e-07,3.259912746792429e-11,0.0005058800869733436,0.0018212638638870587,1.0000000000325993e-09,False,,-1009.734798720882,-1009.7353046009689,5.010026732185824e-07,False,51754.09156600199,45352.255482000146,6401.836084001843,src/experiments/results/phase5_e5_scalability_n_result/20260705_160739_sweep_20260705_151529_715b9a8d_repeat_009_of_012_result.json
80,160,20,9,10009,sweep_20260705_151529_715b9a8d,success,simulated_annealing,False,21.28349559777044,21.281946037729448,21.285045157811428,0.0030991200819805442,0.00014561142307399887,4.802272641267548e-06,21.283495353834446,21.283495841706433,4.878719863654624e-07,2.2922549734573185e-08,1.1900953754009095e-13,4.80227252225801e-06,0.0001455885005242643,1.000000000000119e-09,False,,-1305.9743649183547,-1305.9743697206272,3.6771568061628822e-09,False,51694.94073099668,45204.534140999385,6490.406589997292,src/experiments/results/phase5_e5_scalability_n_result/20260705_160831_sweep_20260705_151529_715b9a8d_repeat_010_of_012_result.json
80,160,20,10,10010,sweep_20260705_151529_715b9a8d,success,simulated_annealing,False,21.027486952962125,21.050031085986923,21.004942819937323,0.04508826604959992,0.0021442536690409585,0.0010164758676797525,21.02748529809798,21.027488607826267,3.30972828876952e-06,1.5740008761737843e-07,5.477150672740608e-12,0.0010164758622026018,0.0021440962689533412,1.0000000000054772e-09,False,,-1284.3093986381173,-1284.3104151139794,7.914565280743519e-07,False,52092.741813998146,45629.137756998716,6463.604056999429,src/experiments/results/phase5_e5_scalability_n_result/20260705_160923_sweep_20260705_151529_715b9a8d_repeat_011_of_012_result.json
80,160,20,11,10011,sweep_20260705_151529_715b9a8d,success,simulated_annealing,False,17.299785246298665,17.29823853314277,17.301331959454565,0.003093426311796321,0.00017881298916460063,4.7846431732568955e-06,17.299786611801306,17.299783880796028,2.7310052779228045e-06,1.5786353639893365e-07,3.729194914021107e-12,4.784639444061981e-06,0.0001786551256282017,1.0000000000037292e-09,False,,-998.5651343514628,-998.5651391361022,4.791514529378352e-09,False,51678.96908299463,45184.831906,6494.137176994627,src/experiments/results/phase5_e5_scalability_n_result/20260705_161015_sweep_20260705_151529_715b9a8d_repeat_012_of_012_result.json
100,200,25,0,10000,sweep_20260705_151529_715b9a8d,success,simulated_annealing,False,27.414549128926183,27.415160628311057,27.413937629541305,0.0012229987697516265,4.4611303435998947e-05,7.478629954069959e-07,27.41454667432097,27.41455158353139,4.90921042128889e-06,1.790731774650631e-07,1.205017348024572e-11,7.478509452335157e-07,4.443223025853388e-05,1.0000000000120502e-09,False,,-2003.1150071367517,-2003.1150078846026,3.7334396058348285e-10,True,65093.12027899705,56742.05471500045,8351.065563996599,src/experiments/results/phase5_e5_scalability_n_result/20260705_161107_sweep_20260705_151529_715b9a8d_repeat_001_of_012_result.json
100,200,25,1,10001,sweep_20260705_151529_715b9a8d,success,simulated_annealing,False,25.65344847853791,25.65290016495348,25.65399679212233,0.0010966271688523932,4.274774870013477e-05,6.012955737326077e-07,25.653448135641362,25.653448821434452,6.857930898718223e-07,2.6732978626462945e-08,2.351560810579707e-13,6.012953385765266e-07,4.272101572150831e-05,1.0000000000002352e-09,False,,-1816.1988370807026,-1816.1988376819977,3.3107340958618094e-10,True,65158.98837200075,56788.58616800153,8370.40220399922,src/experiments/results/phase5_e5_scalability_n_result/20260705_161212_sweep_20260705_151529_715b9a8d_repeat_002_of_012_result.json
100,200,25,2,10002,sweep_20260705_151529_715b9a8d,success,simulated_annealing,False,23.976956435289928,23.97683646872227,23.97707640185758,0.00023993313531178728,1.0006822006760093e-05,2.8783954710272212e-08,23.976955375732,23.97695749484785,2.1191158481315142e-06,8.838135289817446e-08,2.2453259889010733e-12,2.878170938428331e-08,9.918440653861918e-06,1.0000000000022454e-09,False,,-1649.7888797707983,-1649.7888797995797,1.7445513748675308e-11,True,65044.14486500173,56757.37541300077,8286.769452000954,src/experiments/results/phase5_e5_scalability_n_result/20260705_161317_sweep_20260705_151529_715b9a8d_repeat_003_of_012_result.json
100,200,25,3,10003,sweep_20260705_151529_715b9a8d,success,simulated_annealing,False,25.428691290028837,25.439428452098323,25.41795412795936,0.021474324138964107,0.0008444919124636459,0.00023057329861264826,25.428688523519117,25.428694056538564,5.533019447057086e-06,2.175896267703996e-07,1.530715210075595e-11,0.00023057328330549614,0.0008442743228368755,1.0000000000153072e-09,False,,-1793.2364508738783,-1793.236681447162,1.2857939283826692e-07,False,65023.818986999686,56748.9908289981,8274.828158001583,src/experiments/results/phase5_e5_scalability_n_result/20260705_161422_sweep_20260705_151529_715b9a8d_repeat_004_of_012_result.json
100,200,25,4,10004,sweep_20260705_151529_715b9a8d,success,simulated_annealing,False,26.89582265826091,26.905545857110532,26.886099459411287,0.0194463976992445,0.0007230266925213995,0.0001890811917385909,26.89582301227398,26.895822304247844,7.080261354985851e-07,2.6324762194292595e-08,2.5065050427453037e-13,0.0001890811914879404,0.0007230003677592052,1.0000000000002507e-09,False,,-1946.7703638480502,-1946.770552929242,9.7125565997311e-08,False,65234.26098700202,56929.19378099941,8305.067206002605,src/experiments/results/phase5_e5_scalability_n_result/20260705_161527_sweep_20260705_151529_715b9a8d_repeat_005_of_012_result.json
100,200,25,5,10005,sweep_20260705_151529_715b9a8d,success,simulated_annealing,False,25.983116997216612,25.981908513722527,25.984325480710705,0.002416966988178615,9.302067140126134e-05,2.9208647109726026e-06,25.983119819682287,25.983114174750945,5.644931341919346e-06,2.172538168736279e-07,1.5932624927491674e-11,2.920848778347675e-06,9.280341758438771e-05,1.0000000000159326e-09,False,,-1850.2447348612288,-1850.2447377820774,1.5786282439089365e-09,False,64658.63913099838,56380.84853499822,8277.790596000159,src/experiments/results/phase5_e5_scalability_n_result/20260705_161632_sweep_20260705_151529_715b9a8d_repeat_006_of_012_result.json
100,200,25,6,10006,sweep_20260705_151529_715b9a8d,success,simulated_annealing,False,26.90562451335476,26.90636804810954,26.904880978599977,0.0014870695095652309,5.526983805289915e-05,1.1056878631392882e-06,26.90562663531993,26.905622391389578,4.243930352032521e-06,1.577339470386953e-07,9.00547241645144e-12,1.1056788576668717e-06,5.511210410586045e-05,1.0000000000090056e-09,False,,-1947.8252598015854,-1947.8252609072638,5.676476301432855e-10,True,64883.13213500078,56608.27782900196,8274.854305998815,src/experiments/results/phase5_e5_scalability_n_result/20260705_161737_sweep_20260705_151529_715b9a8d_repeat_007_of_012_result.json
100,200,25,7,10007,sweep_20260705_151529_715b9a8d,success,simulated_annealing,False,24.194069007471064,24.190426559716716,24.19771145522541,0.007284895508693268,0.00030110253494125815,2.653485128628967e-05,24.194067147054504,24.19407086788763,3.7208331242766235e-06,1.5379112637595768e-07,6.92229956935707e-12,2.65348443639901e-05,0.0003009487438148822,1.0000000000069223e-09,False,,-1670.7059237416925,-1670.7059502765367,1.588241438027984e-08,False,64569.99987199379,56337.02390899816,8232.975962995624,src/experiments/results/phase5_e5_scalability_n_result/20260705_161842_sweep_20260705_151529_715b9a8d_repeat_008_of_012_result.json
100,200,25,8,10008,sweep_20260705_151529_715b9a8d,success,simulated_annealing,False,22.590841007828356,22.576212687263805,22.605469328392914,0.029256641129109084,0.0012950664881830139,0.00042797552507873866,22.590839345768494,22.590842669888225,3.324119731473729e-06,1.4714457643793912e-07,5.5248859945864894e-12,0.00042797551955385267,0.001294919343606576,1.000000000005525e-09,False,,-1520.6917669064333,-1520.6921948819531,2.814346790954156e-07,False,65072.1938839979,56603.235236997534,8468.958647000363,src/experiments/results/phase5_e5_scalability_n_result/20260705_161946_sweep_20260705_151529_715b9a8d_repeat_009_of_012_result.json
100,200,25,9,10009,sweep_20260705_151529_715b9a8d,success,simulated_annealing,False,26.7445090446231,26.7422516473379,26.74676644190831,0.0045147945704115955,0.0001688120190532823,1.0191685006509013e-05,26.744507580906888,26.744510508339324,2.9274324369055194e-06,1.0945919523222919e-07,4.284930336323294e-12,1.0191680721578677e-05,0.00016870255985805007,1.000000000004285e-09,False,,-1930.537517884169,-1930.5375280758494,5.2791931689525574e-09,False,66388.09635699817,57664.58176499873,8723.51459199944,src/experiments/results/phase5_e5_scalability_n_result/20260705_162051_sweep_20260705_151529_715b9a8d_repeat_010_of_012_result.json
100,200,25,10,10010,sweep_20260705_151529_715b9a8d,success,simulated_annealing,False,24.740679208594617,24.744020277300066,24.73733813988916,0.006682137410905398,0.00027008706408448573,2.2325480189110744e-05,24.740680500473356,24.740677916715875,2.583757481744442e-06,1.0443357112228654e-07,3.3379013622351904e-12,2.232547685120938e-05,0.00026998263051336346,1.000000000003338e-09,False,,-1724.2023930796918,-1724.2024154051687,1.2948292351614699e-08,False,69240.81158100489,60238.14079400472,9002.67078700017,src/experiments/results/phase5_e5_scalability_n_result/20260705_162158_sweep_20260705_151529_715b9a8d_repeat_011_of_012_result.json
100,200,25,11,10011,sweep_20260705_151529_715b9a8d,success,simulated_annealing,False,22.6710609049242,22.672222737932383,22.669899071916014,0.0023236660163696854,0.00010249480719559006,2.6997118778156812e-06,22.671062569609887,22.67105924023851,3.329371377702728e-06,1.4685556144307219e-07,5.54235688533308e-12,2.6997063354587958e-06,0.00010234795163414699,1.0000000000055424e-09,False,,-1527.9540024098533,-1527.9540051095598,1.7668768477705148e-09,False,71582.58669600218,62859.63365599946,8722.953040002722,src/experiments/results/phase5_e5_scalability_n_result/20260705_162307_sweep_20260705_151529_715b9a8d_repeat_012_of_012_result.json
130,260,33,0,10000,sweep_20260705_151529_715b9a8d,success,simulated_annealing,False,34.55019578519873,34.54578422948433,34.55460734091314,0.008823111428803543,0.0002553708084219701,3.892364764254184e-05,34.5501938063911,34.55019776400638,3.957615277272453e-06,1.1454682635887959e-07,7.831359341450156e-12,3.89236398111825e-05,0.0002552562615956112,1.0000000000078314e-09,False,,-3037.432018667481,-3037.4320575911206,1.2814653632260702e-08,False,94940.8900719991,83290.20259799474,11650.687474004371,src/experiments/results/phase5_e5_scalability_n_result/20260705_162419_sweep_20260705_151529_715b9a8d_repeat_001_of_008_result.json
130,260,33,1,10001,sweep_20260705_151529_715b9a8d,success,simulated_annealing,False,32.681581300429684,32.679280611564685,32.683881989294655,0.004601377729969158,0.00014079421946173274,1.0586338506928061e-05,32.68158266988682,32.681579930972525,2.738914297140127e-06,8.380605185417136e-08,3.750825763539298e-12,1.0586334756102297e-05,0.00014071041340987857,1.000000000003751e-09,False,,-2786.171502006852,-2786.171512593187,3.799599205434918e-09,False,94459.33098599472,82046.15350000041,12413.17748599431,src/experiments/results/phase5_e5_scalability_n_result/20260705_162554_sweep_20260705_151529_715b9a8d_repeat_002_of_008_result.json
130,260,33,2,10002,sweep_20260705_151529_715b9a8d,success,simulated_annealing,False,31.90967700745902,31.909696717132565,31.90965729778547,3.941934709672523e-05,1.235341463578926e-06,7.7694246276605e-10,31.90967442620106,31.909679588716973,5.162515911649734e-06,1.617852763111007e-07,1.3325785269018344e-11,7.636166774970317e-10,1.0735561872678254e-06,1.000000000013326e-09,True,,-2686.4549734399407,-2686.454973440704,2.8421127831540996e-13,True,92286.50510799704,80108.02862900161,12178.476478995435,src/experiments/results/phase5_e5_scalability_n_result/20260705_162728_sweep_20260705_151529_715b9a8d_repeat_003_of_008_result.json
130,260,33,3,10003,sweep_20260705_151529_715b9a8d,success,simulated_annealing,False,33.365900540187035,33.359646931583846,33.37215414879023,0.012507217206383814,0.00037485028139191664,7.821524112383167e-05,33.36590334022173,33.36589774015235,5.600069378886019e-06,1.6783810082215833e-07,1.568038852416842e-11,7.821522544344315e-05,0.00037468244329109447,1.0000000000156805e-09,False,,-2876.566559500066,-2876.566637715291,2.719047913054058e-08,False,92475.82945300383,80727.37917600352,11748.450277000302,src/experiments/results/phase5_e5_scalability_n_result/20260705_162900_sweep_20260705_151529_715b9a8d_repeat_004_of_008_result.json
130,260,33,4,10004,sweep_20260705_151529_715b9a8d,success,simulated_annealing,False,34.337786177519135,34.322304674614244,34.35326768042403,0.030963005809788058,0.0009017181727941291,0.00047935386438848447,34.337787725850326,34.33778462918795,3.0966623754125067e-06,9.01823536148607e-08,4.7946589336477135e-12,0.00047935385959382555,0.0009016279904405142,1.0000000000047948e-09,False,,-3008.1666397921836,-3008.1671191460437,1.5935080768941843e-07,False,94223.24111800024,81659.14045300268,12564.10066499756,src/experiments/results/phase5_e5_scalability_n_result/20260705_163033_sweep_20260705_151529_715b9a8d_repeat_005_of_008_result.json
130,260,33,5,10005,sweep_20260705_151529_715b9a8d,success,simulated_annealing,False,33.475927764545155,33.475999530214374,33.47585599887593,0.00014353133844480226,4.287598523163812e-06,1.0300622557878186e-08,33.475922906315354,33.475932622774955,9.716459601349925e-06,2.902521378852051e-07,4.720479359233257e-11,1.0253417764285853e-08,3.997346385278607e-06,1.0000000000472048e-09,False,,-2891.2754793837894,-2891.275479394043,3.5464082688990133e-12,True,98465.68107800337,85306.8566269985,13158.824451004868,src/experiments/results/phase5_e5_scalability_n_result/20260705_163207_sweep_20260705_151529_715b9a8d_repeat_006_of_008_result.json
130,260,33,6,10006,sweep_20260705_151529_715b9a8d,success,simulated_annealing,False,34.833489676681985,34.83482894253472,34.83215041082925,0.0026785317054702773,7.689530191582623e-05,3.587266048604756e-06,34.83348922269819,34.83349013066578,9.079675891143779e-07,2.606593819746357e-08,4.122025714410879e-13,3.5872656364021846e-06,7.686923597762877e-05,1.0000000000004122e-09,False,,-3076.7440025237547,-3076.7440061110206,1.1659292518789955e-09,False,98973.1357899991,86311.14185600108,12661.99393399802,src/experiments/results/phase5_e5_scalability_n_result/20260705_163346_sweep_20260705_151529_715b9a8d_repeat_007_of_008_result.json
130,260,33,7,10007,sweep_20260705_151529_715b9a8d,success,simulated_annealing,False,32.00858961208206,32.00830593714712,32.00887328701699,0.0005673498698683943,1.7724925613537208e-05,1.6094293741984196e-07,32.00859232165691,32.0085869025072,5.419149715635285e-06,1.6930298339636172e-07,1.4683591820234996e-11,1.6092825382802173e-07,1.7555622630140846e-05,1.0000000000146836e-09,False,,-2699.099617748433,-2699.099617909361,5.962277585210256e-11,True,98650.94515899819,86342.01228400253,12308.932874995662,src/experiments/results/phase5_e5_scalability_n_result/20260705_163525_sweep_20260705_151529_715b9a8d_repeat_008_of_008_result.json
160,320,40,0,10000,sweep_20260705_151529_715b9a8d,success,simulated_annealing,False,42.36527866776573,42.36446702229274,42.366090313238715,0.0016232909459716893,3.8316541210592696e-05,1.317536747636831e-06,42.36527835417791,42.36527898135355,6.2717563764636e-07,1.4804001233291925e-08,1.9667464022855911e-13,1.3175365509621908e-06,3.8301737209359406e-05,1.0000000000001967e-09,False,,-4389.6336718773555,-4389.633673194892,3.0014731736835543e-10,True,120104.50423599195,104010.48704599816,16094.017189993785,src/experiments/results/phase5_e5_scalability_n_result/20260705_163703_sweep_20260705_151529_715b9a8d_repeat_001_of_008_result.json
160,320,40,1,10001,sweep_20260705_151529_715b9a8d,success,simulated_annealing,False,40.60766568970018,40.607292194486156,40.6080391849142,0.000746990428041272,1.8395305796430955e-05,2.789973497926414e-07,40.60766170632298,40.60766967307736,7.966754381527608e-06,1.9618843502123083e-07,3.1734587687794664e-11,2.789656152049536e-07,1.8199117361409724e-05,1.0000000000317346e-09,False,,-4097.965025253909,-4097.965025532874,6.807419540134514e-11,True,102419.38766400654,88207.65436500097,14211.733299005573,src/experiments/results/phase5_e5_scalability_n_result/20260705_163903_sweep_20260705_151529_715b9a8d_repeat_002_of_008_result.json
160,320,40,2,10002,sweep_20260705_151529_715b9a8d,success,simulated_annealing,False,39.73345771086289,39.732920966981574,39.733994454744185,0.0010734877626106254,2.7017224889469916e-05,5.761879882373832e-07,39.7334559373572,39.73345948436856,3.5470113601832054e-06,8.927014069589704e-08,6.290644794634356e-12,5.761816975925886e-07,2.692795474877402e-05,1.0000000000062908e-09,False,,-3957.4953227456717,-3957.4953233218534,1.4559252055956842e-10,True,99831.43675800238,85893.8340170007,13937.602741001683,src/experiments/results/phase5_e5_scalability_n_result/20260705_164046_sweep_20260705_151529_715b9a8d_repeat_003_of_008_result.json
160,320,40,3,10003,sweep_20260705_151529_715b9a8d,success,simulated_annealing,False,40.28028674420952,40.2881406469273,40.272432841491735,0.015707805435567934,0.0003899626021859441,0.00012336757580082877,40.2802876099782,40.280285878440814,1.731537388138804e-06,4.298721603285808e-08,1.499110863261276e-12,0.0001233675743017179,0.0003899196149699113,1.0000000000014991e-09,False,,-4045.002877023907,-4045.003000391481,3.049875955442133e-08,False,99492.82592699272,85551.43004699764,13941.395879995078,src/experiments/results/phase5_e5_scalability_n_result/20260705_164226_sweep_20260705_151529_715b9a8d_repeat_004_of_008_result.json
160,320,40,4,10004,sweep_20260705_151529_715b9a8d,success,simulated_annealing,False,43.69737073087743,43.68142011281053,43.71332134894434,0.03190123613381246,0.0007300493279168949,0.000508844433432631,43.69736602455073,43.69737543720413,9.412653398044313e-06,2.1540548643108967e-07,4.429902199585757e-11,0.000508844389133609,0.0007298339224304638,1.000000000044299e-09,False,,-4618.919908739053,-4618.920417583442,1.1016522100448582e-07,False,99843.70138699978,85760.0880259979,14083.613361001873,src/experiments/results/phase5_e5_scalability_n_result/20260705_164405_sweep_20260705_151529_715b9a8d_repeat_005_of_008_result.json
160,320,40,5,10005,sweep_20260705_151529_715b9a8d,success,simulated_annealing,False,40.354294555985135,40.35480062506609,40.35378848690417,0.0010121381619185854,2.508129984813402e-05,5.122118294059663e-07,40.35429566661351,40.35429344535676,2.221256750090106e-06,5.504387511987026e-08,2.4669907749104296e-12,5.122093624151914e-07,2.5026255973014148e-05,1.0000000000024671e-09,False,,-4056.9381777102117,-4056.9381782224204,1.262550102800815e-10,True,109683.1138570051,94910.70487300205,14772.40898400305,src/experiments/results/phase5_e5_scalability_n_result/20260705_164545_sweep_20260705_151529_715b9a8d_repeat_006_of_008_result.json
160,320,40,6,10006,sweep_20260705_151529_715b9a8d,success,simulated_annealing,False,42.3292221288696,42.32155076089017,42.33689349684902,0.015342735958853382,0.0003624620341981018,0.00011769977335154631,42.32922538340992,42.32921887432929,6.509080627381536e-06,1.5377274374579584e-07,2.1184065306876807e-11,0.000117699752167481,0.000362308261454356,1.0000000000211842e-09,False,,-4383.525974370595,-4383.526092070348,2.6850473915039413e-08,False,109087.897556009,94573.18519900218,14514.712357006822,src/experiments/results/phase5_e5_scalability_n_result/20260705_164735_sweep_20260705_151529_715b9a8d_repeat_007_of_008_result.json
160,320,40,7,10007,sweep_20260705_151529_715b9a8d,success,simulated_annealing,False,40.71427514013237,40.71440923035994,40.71414104990479,0.0002681804551514233,6.586890082861276e-06,3.596037826261228e-08,40.71427720300196,40.714273077262774,4.1257391885096695e-06,1.0133397129899771e-07,8.510861925802214e-12,3.595186740068648e-08,6.485556111562278e-06,1.000000000008511e-09,False,,-4115.304400336841,-4115.304400372794,8.736249390890024e-12,True,106581.818527995,92037.12752900083,14544.690998994163,src/experiments/results/phase5_e5_scalability_n_result/20260705_164924_sweep_20260705_151529_715b9a8d_repeat_008_of_008_result.json
200,400,50,0,10000,sweep_20260705_151529_715b9a8d,success,simulated_annealing,False,53.96296694269231,53.96304376520402,53.96289012018062,0.00015364502340275976,2.847230834544883e-06,1.1803396608217297e-08,53.96296896560827,53.96296491977637,4.045831900612029e-06,7.497423010318593e-08,8.184377884004972e-12,1.1795212230333293e-08,2.772256604441697e-06,1.0000000000081844e-09,False,,-6824.003602504403,-6824.003602516199,1.728625447625103e-12,True,140064.74503000028,121517.19275999858,18547.552270001703,src/experiments/results/phase5_e5_scalability_n_result/20260705_165111_sweep_20260705_151529_715b9a8d_repeat_001_of_008_result.json
200,400,50,1,10001,sweep_20260705_151529_715b9a8d,success,simulated_annealing,False,50.81117533762018,50.81144118806326,50.81090948717708,0.0005317008861851491,1.0464250878910138e-05,1.4135291618503643e-07,50.81117868133893,50.81117199390141,6.687437519303785e-06,1.3161351759467097e-07,2.236091028729598e-11,1.4133055527474915e-07,1.0332637361315468e-05,1.000000000022361e-09,False,,-6163.55107823941,-6163.55107838074,2.2929966490101997e-11,True,135113.00477100667,116656.27467800732,18456.73009299935,src/experiments/results/phase5_e5_scalability_n_result/20260705_165331_sweep_20260705_151529_715b9a8d_repeat_002_of_008_result.json
200,400,50,2,10002,sweep_20260705_151529_715b9a8d,success,simulated_annealing,False,50.239268245246784,50.23804706028018,50.240489430213366,0.002442369933184807,4.861475930067678e-05,2.982585445262579e-06,50.23926683279655,50.239269657697015,2.8249004628833063e-06,5.622893329364077e-08,3.990031312599159e-12,2.9825814552312665e-06,4.855853036738314e-05,1.0000000000039902e-09,False,,-6047.968144653139,-6047.96814763572,4.931542942649534e-10,True,134498.03573099233,116172.58837699592,18325.44735399641,src/experiments/results/phase5_e5_scalability_n_result/20260705_165546_sweep_20260705_151529_715b9a8d_repeat_003_of_008_result.json
200,400,50,3,10003,sweep_20260705_151529_715b9a8d,success,simulated_annealing,False,50.72446056732808,50.727755483209364,50.721165651446775,0.0065898317625894265,0.00012991427979490384,2.1712941329616236e-05,50.724467634235545,50.724453500420616,1.4133814929095934e-05,2.786390386613516e-07,9.988236222496755e-11,2.171284144725401e-05,0.00012963564075624249,1.0000000000998823e-09,False,,-6145.9417779799005,-6145.941799692742,3.5328746153673216e-09,False,134848.21861099044,116536.14832399762,18312.07028699282,src/experiments/results/phase5_e5_scalability_n_result/20260705_165800_sweep_20260705_151529_715b9a8d_repeat_004_of_008_result.json
200,400,50,4,10004,sweep_20260705_151529_715b9a8d,success,simulated_annealing,False,54.571415664850626,54.57459166652883,54.56823966317243,0.006352003356404623,0.00011639799479301285,2.01739733198878e-05,54.57141771185847,54.57141361784278,4.094015693567599e-06,7.502124772996404e-08,8.380482249588893e-12,2.017396493940555e-05,0.00011632297354528288,1.0000000000083806e-09,False,,-6956.078795157836,-6956.078815331801,2.9001921123095033e-09,False,135690.23728800312,117285.17712400208,18405.060164001043,src/experiments/results/phase5_e5_scalability_n_result/20260705_170015_sweep_20260705_151529_715b9a8d_repeat_005_of_008_result.json
200,400,50,5,10005,sweep_20260705_151529_715b9a8d,success,simulated_annealing,False,49.377770429354584,49.37719412962359,49.37834672908556,0.0011525994619674407,2.3342476826013838e-05,6.642427598638168e-07,49.37776563934455,49.37777521936459,9.580020034150039e-06,1.9401483604563104e-07,4.588839192735806e-11,6.641968714718895e-07,2.3148461989968206e-05,1.0000000000458885e-09,False,,-5876.328424483845,-5876.328425148042,1.1302920066630249e-10,True,137111.31605899025,118199.39823299865,18911.917825991608,src/experiments/results/phase5_e5_scalability_n_result/20260705_170231_sweep_20260705_151529_715b9a8d_repeat_006_of_008_result.json
200,400,50,6,10006,sweep_20260705_151529_715b9a8d,success,simulated_annealing,False,52.298286230965374,52.30580396136475,52.29076850056599,0.015035460798763722,0.0002874943307389173,0.00011303254071558031,52.29828092863706,52.29829153329368,1.0604656615953445e-05,2.0277254533963136e-07,5.622937097114259e-11,0.00011303248448620934,0.00028729155819357763,1.0000000000562295e-09,False,,-6470.221372359424,-6470.221485391909,1.746964686343804e-08,False,137777.93906300212,119555.35711399898,18222.581949003143,src/experiments/results/phase5_e5_scalability_n_result/20260705_170448_sweep_20260705_151529_715b9a8d_repeat_007_of_008_result.json
200,400,50,7,10007,sweep_20260705_151529_715b9a8d,success,simulated_annealing,False,50.2950231931555,50.29466295425995,50.29538343205107,0.0007204777911198335,1.4325031491741734e-05,2.595441237484572e-07,50.29502457675737,50.29502180955364,2.767203731934842e-06,5.5019434453932656e-08,3.828708247017058e-12,2.5954029504021015e-07,1.4270012057287801e-05,1.0000000000038287e-09,False,,-6059.178715740556,-6059.178716000096,4.2834150753052506e-11,True,133377.5136659806,115269.4721039934,18108.041561987207,src/experiments/results/phase5_e5_scalability_n_result/20260705_170706_sweep_20260705_151529_715b9a8d_repeat_008_of_008_result.json
